
> dev
> next dev

warn  - Port 3000 is in use, trying 3001 instead.
ready - started server on 0.0.0.0:3001, url: http://localhost:3001
Browserslist: caniuse-lite is outdated. Please run:
  npx browserslist@latest --update-db
  Why you should do it regularly: https://github.com/browserslist/browserslist#browsers-data-updating
warn  - ./node_modules/next/dist/build/webpack/loaders/css-loader/src/index.js??ruleSet[1].rules[3].oneOf[10].use[1]!./node_modules/next/dist/build/webpack/loaders/postcss-loader/src/index.js??ruleSet[1].rules[3].oneOf[10].use[2]!./node_modules/next/dist/build/webpack/loaders/resolve-url-loader/index.js??ruleSet[1].rules[3].oneOf[10].use[3]!./node_modules/next/dist/compiled/sass-loader/cjs.js??ruleSet[1].rules[3].oneOf[10].use[4]!./styles/sass/style.scss
Warning

(594:3) autoprefixer: Gradient has outdated direction syntax. New syntax is like `to left` instead of `right`.

./node_modules/next/dist/build/webpack/loaders/css-loader/src/index.js??ruleSet[1].rules[3].oneOf[10].use[1]!./node_modules/next/dist/build/webpack/loaders/postcss-loader/src/index.js??ruleSet[1].rules[3].oneOf[10].use[2]!./node_modules/next/dist/build/webpack/loaders/resolve-url-loader/index.js??ruleSet[1].rules[3].oneOf[10].use[3]!./node_modules/next/dist/compiled/sass-loader/cjs.js??ruleSet[1].rules[3].oneOf[10].use[4]!./styles/sass/style.scss
Warning

(1750:3) autoprefixer: end value has mixed support, consider using flex-end instead

./node_modules/next/dist/build/webpack/loaders/css-loader/src/index.js??ruleSet[1].rules[3].oneOf[10].use[1]!./node_modules/next/dist/build/webpack/loaders/postcss-loader/src/index.js??ruleSet[1].rules[3].oneOf[10].use[2]!./node_modules/next/dist/build/webpack/loaders/resolve-url-loader/index.js??ruleSet[1].rules[3].oneOf[10].use[3]!./node_modules/next/dist/compiled/sass-loader/cjs.js??ruleSet[1].rules[3].oneOf[10].use[4]!./styles/sass/style.scss
Warning

(1950:3) autoprefixer: end value has mixed support, consider using flex-end instead

./node_modules/next/dist/build/webpack/loaders/css-loader/src/index.js??ruleSet[1].rules[3].oneOf[10].use[1]!./node_modules/next/dist/build/webpack/loaders/postcss-loader/src/index.js??ruleSet[1].rules[3].oneOf[10].use[2]!./node_modules/next/dist/build/webpack/loaders/resolve-url-loader/index.js??ruleSet[1].rules[3].oneOf[10].use[3]!./node_modules/next/dist/compiled/sass-loader/cjs.js??ruleSet[1].rules[3].oneOf[10].use[4]!./styles/sass/style.scss
Warning

(3957:3) autoprefixer: Gradient has outdated direction syntax. New syntax is like `to left` instead of `right`.

./node_modules/next/dist/build/webpack/loaders/css-loader/src/index.js??ruleSet[1].rules[3].oneOf[10].use[1]!./node_modules/next/dist/build/webpack/loaders/postcss-loader/src/index.js??ruleSet[1].rules[3].oneOf[10].use[2]!./node_modules/next/dist/build/webpack/loaders/resolve-url-loader/index.js??ruleSet[1].rules[3].oneOf[10].use[3]!./node_modules/next/dist/compiled/sass-loader/cjs.js??ruleSet[1].rules[3].oneOf[10].use[4]!./styles/sass/style.scss
Warning

(11478:3) autoprefixer: end value has mixed support, consider using flex-end instead

./node_modules/next/dist/build/webpack/loaders/css-loader/src/index.js??ruleSet[1].rules[3].oneOf[10].use[1]!./node_modules/next/dist/build/webpack/loaders/postcss-loader/src/index.js??ruleSet[1].rules[3].oneOf[10].use[2]!./node_modules/next/dist/build/webpack/loaders/resolve-url-loader/index.js??ruleSet[1].rules[3].oneOf[10].use[3]!./node_modules/next/dist/compiled/sass-loader/cjs.js??ruleSet[1].rules[3].oneOf[10].use[4]!./styles/sass/style.scss
Warning

(13301:3) autoprefixer: end value has mixed support, consider using flex-end instead
<w> [webpack.cache.PackFileCacheStrategy] Skipped not serializable cache item 'Compilation/modules|/Users/aashishkumar/Documents/Development/innovatix/wecare/node_modules/next/dist/build/webpack/loaders/css-loader/src/index.js??ruleSet[1].rules[3].oneOf[10].use[1]!/Users/aashishkumar/Documents/Development/innovatix/wecare/node_modules/next/dist/build/webpack/loaders/postcss-loader/src/index.js??ruleSet[1].rules[3].oneOf[10].use[2]!/Users/aashishkumar/Documents/Development/innovatix/wecare/node_modules/next/dist/build/webpack/loaders/resolve-url-loader/index.js??ruleSet[1].rules[3].oneOf[10].use[3]!/Users/aashishkumar/Documents/Development/innovatix/wecare/node_modules/next/dist/compiled/sass-loader/cjs.js??ruleSet[1].rules[3].oneOf[10].use[4]!/Users/aashishkumar/Documents/Development/innovatix/wecare/styles/sass/style.scss': No serializer registered for Warning
<w> while serializing webpack/lib/cache/PackFileCacheStrategy.PackContentItems -> webpack/lib/NormalModule -> Array { 6 items } -> webpack/lib/ModuleWarning -> Warning
warn  - ./node_modules/next/dist/build/webpack/loaders/css-loader/src/index.js??ruleSet[1].rules[3].oneOf[10].use[1]!./node_modules/next/dist/build/webpack/loaders/postcss-loader/src/index.js??ruleSet[1].rules[3].oneOf[10].use[2]!./node_modules/next/dist/build/webpack/loaders/resolve-url-loader/index.js??ruleSet[1].rules[3].oneOf[10].use[3]!./node_modules/next/dist/compiled/sass-loader/cjs.js??ruleSet[1].rules[3].oneOf[10].use[4]!./styles/sass/style.scss
Warning

(594:3) autoprefixer: Gradient has outdated direction syntax. New syntax is like `to left` instead of `right`.

./node_modules/next/dist/build/webpack/loaders/css-loader/src/index.js??ruleSet[1].rules[3].oneOf[10].use[1]!./node_modules/next/dist/build/webpack/loaders/postcss-loader/src/index.js??ruleSet[1].rules[3].oneOf[10].use[2]!./node_modules/next/dist/build/webpack/loaders/resolve-url-loader/index.js??ruleSet[1].rules[3].oneOf[10].use[3]!./node_modules/next/dist/compiled/sass-loader/cjs.js??ruleSet[1].rules[3].oneOf[10].use[4]!./styles/sass/style.scss
Warning

(1750:3) autoprefixer: end value has mixed support, consider using flex-end instead

./node_modules/next/dist/build/webpack/loaders/css-loader/src/index.js??ruleSet[1].rules[3].oneOf[10].use[1]!./node_modules/next/dist/build/webpack/loaders/postcss-loader/src/index.js??ruleSet[1].rules[3].oneOf[10].use[2]!./node_modules/next/dist/build/webpack/loaders/resolve-url-loader/index.js??ruleSet[1].rules[3].oneOf[10].use[3]!./node_modules/next/dist/compiled/sass-loader/cjs.js??ruleSet[1].rules[3].oneOf[10].use[4]!./styles/sass/style.scss
Warning

(1950:3) autoprefixer: end value has mixed support, consider using flex-end instead

./node_modules/next/dist/build/webpack/loaders/css-loader/src/index.js??ruleSet[1].rules[3].oneOf[10].use[1]!./node_modules/next/dist/build/webpack/loaders/postcss-loader/src/index.js??ruleSet[1].rules[3].oneOf[10].use[2]!./node_modules/next/dist/build/webpack/loaders/resolve-url-loader/index.js??ruleSet[1].rules[3].oneOf[10].use[3]!./node_modules/next/dist/compiled/sass-loader/cjs.js??ruleSet[1].rules[3].oneOf[10].use[4]!./styles/sass/style.scss
Warning

(3957:3) autoprefixer: Gradient has outdated direction syntax. New syntax is like `to left` instead of `right`.

./node_modules/next/dist/build/webpack/loaders/css-loader/src/index.js??ruleSet[1].rules[3].oneOf[10].use[1]!./node_modules/next/dist/build/webpack/loaders/postcss-loader/src/index.js??ruleSet[1].rules[3].oneOf[10].use[2]!./node_modules/next/dist/build/webpack/loaders/resolve-url-loader/index.js??ruleSet[1].rules[3].oneOf[10].use[3]!./node_modules/next/dist/compiled/sass-loader/cjs.js??ruleSet[1].rules[3].oneOf[10].use[4]!./styles/sass/style.scss
Warning

(11478:3) autoprefixer: end value has mixed support, consider using flex-end instead

./node_modules/next/dist/build/webpack/loaders/css-loader/src/index.js??ruleSet[1].rules[3].oneOf[10].use[1]!./node_modules/next/dist/build/webpack/loaders/postcss-loader/src/index.js??ruleSet[1].rules[3].oneOf[10].use[2]!./node_modules/next/dist/build/webpack/loaders/resolve-url-loader/index.js??ruleSet[1].rules[3].oneOf[10].use[3]!./node_modules/next/dist/compiled/sass-loader/cjs.js??ruleSet[1].rules[3].oneOf[10].use[4]!./styles/sass/style.scss
Warning

(13301:3) autoprefixer: end value has mixed support, consider using flex-end instead
wait  - compiling / (client and server)...
warn  - ./node_modules/next/dist/build/webpack/loaders/css-loader/src/index.js??ruleSet[1].rules[3].oneOf[10].use[1]!./node_modules/next/dist/build/webpack/loaders/postcss-loader/src/index.js??ruleSet[1].rules[3].oneOf[10].use[2]!./node_modules/next/dist/build/webpack/loaders/resolve-url-loader/index.js??ruleSet[1].rules[3].oneOf[10].use[3]!./node_modules/next/dist/compiled/sass-loader/cjs.js??ruleSet[1].rules[3].oneOf[10].use[4]!./styles/sass/style.scss
Warning

(594:3) autoprefixer: Gradient has outdated direction syntax. New syntax is like `to left` instead of `right`.

./node_modules/next/dist/build/webpack/loaders/css-loader/src/index.js??ruleSet[1].rules[3].oneOf[10].use[1]!./node_modules/next/dist/build/webpack/loaders/postcss-loader/src/index.js??ruleSet[1].rules[3].oneOf[10].use[2]!./node_modules/next/dist/build/webpack/loaders/resolve-url-loader/index.js??ruleSet[1].rules[3].oneOf[10].use[3]!./node_modules/next/dist/compiled/sass-loader/cjs.js??ruleSet[1].rules[3].oneOf[10].use[4]!./styles/sass/style.scss
Warning

(1750:3) autoprefixer: end value has mixed support, consider using flex-end instead

./node_modules/next/dist/build/webpack/loaders/css-loader/src/index.js??ruleSet[1].rules[3].oneOf[10].use[1]!./node_modules/next/dist/build/webpack/loaders/postcss-loader/src/index.js??ruleSet[1].rules[3].oneOf[10].use[2]!./node_modules/next/dist/build/webpack/loaders/resolve-url-loader/index.js??ruleSet[1].rules[3].oneOf[10].use[3]!./node_modules/next/dist/compiled/sass-loader/cjs.js??ruleSet[1].rules[3].oneOf[10].use[4]!./styles/sass/style.scss
Warning

(1950:3) autoprefixer: end value has mixed support, consider using flex-end instead

./node_modules/next/dist/build/webpack/loaders/css-loader/src/index.js??ruleSet[1].rules[3].oneOf[10].use[1]!./node_modules/next/dist/build/webpack/loaders/postcss-loader/src/index.js??ruleSet[1].rules[3].oneOf[10].use[2]!./node_modules/next/dist/build/webpack/loaders/resolve-url-loader/index.js??ruleSet[1].rules[3].oneOf[10].use[3]!./node_modules/next/dist/compiled/sass-loader/cjs.js??ruleSet[1].rules[3].oneOf[10].use[4]!./styles/sass/style.scss
Warning

(3957:3) autoprefixer: Gradient has outdated direction syntax. New syntax is like `to left` instead of `right`.

./node_modules/next/dist/build/webpack/loaders/css-loader/src/index.js??ruleSet[1].rules[3].oneOf[10].use[1]!./node_modules/next/dist/build/webpack/loaders/postcss-loader/src/index.js??ruleSet[1].rules[3].oneOf[10].use[2]!./node_modules/next/dist/build/webpack/loaders/resolve-url-loader/index.js??ruleSet[1].rules[3].oneOf[10].use[3]!./node_modules/next/dist/compiled/sass-loader/cjs.js??ruleSet[1].rules[3].oneOf[10].use[4]!./styles/sass/style.scss
Warning

(11478:3) autoprefixer: end value has mixed support, consider using flex-end instead

./node_modules/next/dist/build/webpack/loaders/css-loader/src/index.js??ruleSet[1].rules[3].oneOf[10].use[1]!./node_modules/next/dist/build/webpack/loaders/postcss-loader/src/index.js??ruleSet[1].rules[3].oneOf[10].use[2]!./node_modules/next/dist/build/webpack/loaders/resolve-url-loader/index.js??ruleSet[1].rules[3].oneOf[10].use[3]!./node_modules/next/dist/compiled/sass-loader/cjs.js??ruleSet[1].rules[3].oneOf[10].use[4]!./styles/sass/style.scss
Warning

(13301:3) autoprefixer: end value has mixed support, consider using flex-end instead
redux-persist failed to create sync storage. falling back to noop storage.
warn  - ./node_modules/next/dist/build/webpack/loaders/css-loader/src/index.js??ruleSet[1].rules[3].oneOf[10].use[1]!./node_modules/next/dist/build/webpack/loaders/postcss-loader/src/index.js??ruleSet[1].rules[3].oneOf[10].use[2]!./node_modules/next/dist/build/webpack/loaders/resolve-url-loader/index.js??ruleSet[1].rules[3].oneOf[10].use[3]!./node_modules/next/dist/compiled/sass-loader/cjs.js??ruleSet[1].rules[3].oneOf[10].use[4]!./styles/sass/style.scss
Warning

(594:3) autoprefixer: Gradient has outdated direction syntax. New syntax is like `to left` instead of `right`.

./node_modules/next/dist/build/webpack/loaders/css-loader/src/index.js??ruleSet[1].rules[3].oneOf[10].use[1]!./node_modules/next/dist/build/webpack/loaders/postcss-loader/src/index.js??ruleSet[1].rules[3].oneOf[10].use[2]!./node_modules/next/dist/build/webpack/loaders/resolve-url-loader/index.js??ruleSet[1].rules[3].oneOf[10].use[3]!./node_modules/next/dist/compiled/sass-loader/cjs.js??ruleSet[1].rules[3].oneOf[10].use[4]!./styles/sass/style.scss
Warning

(1750:3) autoprefixer: end value has mixed support, consider using flex-end instead

./node_modules/next/dist/build/webpack/loaders/css-loader/src/index.js??ruleSet[1].rules[3].oneOf[10].use[1]!./node_modules/next/dist/build/webpack/loaders/postcss-loader/src/index.js??ruleSet[1].rules[3].oneOf[10].use[2]!./node_modules/next/dist/build/webpack/loaders/resolve-url-loader/index.js??ruleSet[1].rules[3].oneOf[10].use[3]!./node_modules/next/dist/compiled/sass-loader/cjs.js??ruleSet[1].rules[3].oneOf[10].use[4]!./styles/sass/style.scss
Warning

(1950:3) autoprefixer: end value has mixed support, consider using flex-end instead

./node_modules/next/dist/build/webpack/loaders/css-loader/src/index.js??ruleSet[1].rules[3].oneOf[10].use[1]!./node_modules/next/dist/build/webpack/loaders/postcss-loader/src/index.js??ruleSet[1].rules[3].oneOf[10].use[2]!./node_modules/next/dist/build/webpack/loaders/resolve-url-loader/index.js??ruleSet[1].rules[3].oneOf[10].use[3]!./node_modules/next/dist/compiled/sass-loader/cjs.js??ruleSet[1].rules[3].oneOf[10].use[4]!./styles/sass/style.scss
Warning

(3957:3) autoprefixer: Gradient has outdated direction syntax. New syntax is like `to left` instead of `right`.

./node_modules/next/dist/build/webpack/loaders/css-loader/src/index.js??ruleSet[1].rules[3].oneOf[10].use[1]!./node_modules/next/dist/build/webpack/loaders/postcss-loader/src/index.js??ruleSet[1].rules[3].oneOf[10].use[2]!./node_modules/next/dist/build/webpack/loaders/resolve-url-loader/index.js??ruleSet[1].rules[3].oneOf[10].use[3]!./node_modules/next/dist/compiled/sass-loader/cjs.js??ruleSet[1].rules[3].oneOf[10].use[4]!./styles/sass/style.scss
Warning

(11478:3) autoprefixer: end value has mixed support, consider using flex-end instead

./node_modules/next/dist/build/webpack/loaders/css-loader/src/index.js??ruleSet[1].rules[3].oneOf[10].use[1]!./node_modules/next/dist/build/webpack/loaders/postcss-loader/src/index.js??ruleSet[1].rules[3].oneOf[10].use[2]!./node_modules/next/dist/build/webpack/loaders/resolve-url-loader/index.js??ruleSet[1].rules[3].oneOf[10].use[3]!./node_modules/next/dist/compiled/sass-loader/cjs.js??ruleSet[1].rules[3].oneOf[10].use[4]!./styles/sass/style.scss
Warning

(13301:3) autoprefixer: end value has mixed support, consider using flex-end instead
wait  - compiling /404 (client and server)...
warn  - ./node_modules/next/dist/build/webpack/loaders/css-loader/src/index.js??ruleSet[1].rules[3].oneOf[10].use[1]!./node_modules/next/dist/build/webpack/loaders/postcss-loader/src/index.js??ruleSet[1].rules[3].oneOf[10].use[2]!./node_modules/next/dist/build/webpack/loaders/resolve-url-loader/index.js??ruleSet[1].rules[3].oneOf[10].use[3]!./node_modules/next/dist/compiled/sass-loader/cjs.js??ruleSet[1].rules[3].oneOf[10].use[4]!./styles/sass/style.scss
Warning

(594:3) autoprefixer: Gradient has outdated direction syntax. New syntax is like `to left` instead of `right`.

./node_modules/next/dist/build/webpack/loaders/css-loader/src/index.js??ruleSet[1].rules[3].oneOf[10].use[1]!./node_modules/next/dist/build/webpack/loaders/postcss-loader/src/index.js??ruleSet[1].rules[3].oneOf[10].use[2]!./node_modules/next/dist/build/webpack/loaders/resolve-url-loader/index.js??ruleSet[1].rules[3].oneOf[10].use[3]!./node_modules/next/dist/compiled/sass-loader/cjs.js??ruleSet[1].rules[3].oneOf[10].use[4]!./styles/sass/style.scss
Warning

(1750:3) autoprefixer: end value has mixed support, consider using flex-end instead

./node_modules/next/dist/build/webpack/loaders/css-loader/src/index.js??ruleSet[1].rules[3].oneOf[10].use[1]!./node_modules/next/dist/build/webpack/loaders/postcss-loader/src/index.js??ruleSet[1].rules[3].oneOf[10].use[2]!./node_modules/next/dist/build/webpack/loaders/resolve-url-loader/index.js??ruleSet[1].rules[3].oneOf[10].use[3]!./node_modules/next/dist/compiled/sass-loader/cjs.js??ruleSet[1].rules[3].oneOf[10].use[4]!./styles/sass/style.scss
Warning

(1950:3) autoprefixer: end value has mixed support, consider using flex-end instead

./node_modules/next/dist/build/webpack/loaders/css-loader/src/index.js??ruleSet[1].rules[3].oneOf[10].use[1]!./node_modules/next/dist/build/webpack/loaders/postcss-loader/src/index.js??ruleSet[1].rules[3].oneOf[10].use[2]!./node_modules/next/dist/build/webpack/loaders/resolve-url-loader/index.js??ruleSet[1].rules[3].oneOf[10].use[3]!./node_modules/next/dist/compiled/sass-loader/cjs.js??ruleSet[1].rules[3].oneOf[10].use[4]!./styles/sass/style.scss
Warning

(3957:3) autoprefixer: Gradient has outdated direction syntax. New syntax is like `to left` instead of `right`.

./node_modules/next/dist/build/webpack/loaders/css-loader/src/index.js??ruleSet[1].rules[3].oneOf[10].use[1]!./node_modules/next/dist/build/webpack/loaders/postcss-loader/src/index.js??ruleSet[1].rules[3].oneOf[10].use[2]!./node_modules/next/dist/build/webpack/loaders/resolve-url-loader/index.js??ruleSet[1].rules[3].oneOf[10].use[3]!./node_modules/next/dist/compiled/sass-loader/cjs.js??ruleSet[1].rules[3].oneOf[10].use[4]!./styles/sass/style.scss
Warning

(11478:3) autoprefixer: end value has mixed support, consider using flex-end instead

./node_modules/next/dist/build/webpack/loaders/css-loader/src/index.js??ruleSet[1].rules[3].oneOf[10].use[1]!./node_modules/next/dist/build/webpack/loaders/postcss-loader/src/index.js??ruleSet[1].rules[3].oneOf[10].use[2]!./node_modules/next/dist/build/webpack/loaders/resolve-url-loader/index.js??ruleSet[1].rules[3].oneOf[10].use[3]!./node_modules/next/dist/compiled/sass-loader/cjs.js??ruleSet[1].rules[3].oneOf[10].use[4]!./styles/sass/style.scss
Warning

(13301:3) autoprefixer: end value has mixed support, consider using flex-end instead
warn  - ./node_modules/next/dist/build/webpack/loaders/css-loader/src/index.js??ruleSet[1].rules[3].oneOf[10].use[1]!./node_modules/next/dist/build/webpack/loaders/postcss-loader/src/index.js??ruleSet[1].rules[3].oneOf[10].use[2]!./node_modules/next/dist/build/webpack/loaders/resolve-url-loader/index.js??ruleSet[1].rules[3].oneOf[10].use[3]!./node_modules/next/dist/compiled/sass-loader/cjs.js??ruleSet[1].rules[3].oneOf[10].use[4]!./styles/sass/style.scss
Warning

(594:3) autoprefixer: Gradient has outdated direction syntax. New syntax is like `to left` instead of `right`.

./node_modules/next/dist/build/webpack/loaders/css-loader/src/index.js??ruleSet[1].rules[3].oneOf[10].use[1]!./node_modules/next/dist/build/webpack/loaders/postcss-loader/src/index.js??ruleSet[1].rules[3].oneOf[10].use[2]!./node_modules/next/dist/build/webpack/loaders/resolve-url-loader/index.js??ruleSet[1].rules[3].oneOf[10].use[3]!./node_modules/next/dist/compiled/sass-loader/cjs.js??ruleSet[1].rules[3].oneOf[10].use[4]!./styles/sass/style.scss
Warning

(1750:3) autoprefixer: end value has mixed support, consider using flex-end instead

./node_modules/next/dist/build/webpack/loaders/css-loader/src/index.js??ruleSet[1].rules[3].oneOf[10].use[1]!./node_modules/next/dist/build/webpack/loaders/postcss-loader/src/index.js??ruleSet[1].rules[3].oneOf[10].use[2]!./node_modules/next/dist/build/webpack/loaders/resolve-url-loader/index.js??ruleSet[1].rules[3].oneOf[10].use[3]!./node_modules/next/dist/compiled/sass-loader/cjs.js??ruleSet[1].rules[3].oneOf[10].use[4]!./styles/sass/style.scss
Warning

(1950:3) autoprefixer: end value has mixed support, consider using flex-end instead

./node_modules/next/dist/build/webpack/loaders/css-loader/src/index.js??ruleSet[1].rules[3].oneOf[10].use[1]!./node_modules/next/dist/build/webpack/loaders/postcss-loader/src/index.js??ruleSet[1].rules[3].oneOf[10].use[2]!./node_modules/next/dist/build/webpack/loaders/resolve-url-loader/index.js??ruleSet[1].rules[3].oneOf[10].use[3]!./node_modules/next/dist/compiled/sass-loader/cjs.js??ruleSet[1].rules[3].oneOf[10].use[4]!./styles/sass/style.scss
Warning

(3957:3) autoprefixer: Gradient has outdated direction syntax. New syntax is like `to left` instead of `right`.

./node_modules/next/dist/build/webpack/loaders/css-loader/src/index.js??ruleSet[1].rules[3].oneOf[10].use[1]!./node_modules/next/dist/build/webpack/loaders/postcss-loader/src/index.js??ruleSet[1].rules[3].oneOf[10].use[2]!./node_modules/next/dist/build/webpack/loaders/resolve-url-loader/index.js??ruleSet[1].rules[3].oneOf[10].use[3]!./node_modules/next/dist/compiled/sass-loader/cjs.js??ruleSet[1].rules[3].oneOf[10].use[4]!./styles/sass/style.scss
Warning

(11478:3) autoprefixer: end value has mixed support, consider using flex-end instead

./node_modules/next/dist/build/webpack/loaders/css-loader/src/index.js??ruleSet[1].rules[3].oneOf[10].use[1]!./node_modules/next/dist/build/webpack/loaders/postcss-loader/src/index.js??ruleSet[1].rules[3].oneOf[10].use[2]!./node_modules/next/dist/build/webpack/loaders/resolve-url-loader/index.js??ruleSet[1].rules[3].oneOf[10].use[3]!./node_modules/next/dist/compiled/sass-loader/cjs.js??ruleSet[1].rules[3].oneOf[10].use[4]!./styles/sass/style.scss
Warning

(13301:3) autoprefixer: end value has mixed support, consider using flex-end instead
wait  - compiling /service/[slug]...
warn  - ./node_modules/next/dist/build/webpack/loaders/css-loader/src/index.js??ruleSet[1].rules[3].oneOf[10].use[1]!./node_modules/next/dist/build/webpack/loaders/postcss-loader/src/index.js??ruleSet[1].rules[3].oneOf[10].use[2]!./node_modules/next/dist/build/webpack/loaders/resolve-url-loader/index.js??ruleSet[1].rules[3].oneOf[10].use[3]!./node_modules/next/dist/compiled/sass-loader/cjs.js??ruleSet[1].rules[3].oneOf[10].use[4]!./styles/sass/style.scss
Warning

(594:3) autoprefixer: Gradient has outdated direction syntax. New syntax is like `to left` instead of `right`.

./node_modules/next/dist/build/webpack/loaders/css-loader/src/index.js??ruleSet[1].rules[3].oneOf[10].use[1]!./node_modules/next/dist/build/webpack/loaders/postcss-loader/src/index.js??ruleSet[1].rules[3].oneOf[10].use[2]!./node_modules/next/dist/build/webpack/loaders/resolve-url-loader/index.js??ruleSet[1].rules[3].oneOf[10].use[3]!./node_modules/next/dist/compiled/sass-loader/cjs.js??ruleSet[1].rules[3].oneOf[10].use[4]!./styles/sass/style.scss
Warning

(1750:3) autoprefixer: end value has mixed support, consider using flex-end instead

./node_modules/next/dist/build/webpack/loaders/css-loader/src/index.js??ruleSet[1].rules[3].oneOf[10].use[1]!./node_modules/next/dist/build/webpack/loaders/postcss-loader/src/index.js??ruleSet[1].rules[3].oneOf[10].use[2]!./node_modules/next/dist/build/webpack/loaders/resolve-url-loader/index.js??ruleSet[1].rules[3].oneOf[10].use[3]!./node_modules/next/dist/compiled/sass-loader/cjs.js??ruleSet[1].rules[3].oneOf[10].use[4]!./styles/sass/style.scss
Warning

(1950:3) autoprefixer: end value has mixed support, consider using flex-end instead

./node_modules/next/dist/build/webpack/loaders/css-loader/src/index.js??ruleSet[1].rules[3].oneOf[10].use[1]!./node_modules/next/dist/build/webpack/loaders/postcss-loader/src/index.js??ruleSet[1].rules[3].oneOf[10].use[2]!./node_modules/next/dist/build/webpack/loaders/resolve-url-loader/index.js??ruleSet[1].rules[3].oneOf[10].use[3]!./node_modules/next/dist/compiled/sass-loader/cjs.js??ruleSet[1].rules[3].oneOf[10].use[4]!./styles/sass/style.scss
Warning

(3957:3) autoprefixer: Gradient has outdated direction syntax. New syntax is like `to left` instead of `right`.

./node_modules/next/dist/build/webpack/loaders/css-loader/src/index.js??ruleSet[1].rules[3].oneOf[10].use[1]!./node_modules/next/dist/build/webpack/loaders/postcss-loader/src/index.js??ruleSet[1].rules[3].oneOf[10].use[2]!./node_modules/next/dist/build/webpack/loaders/resolve-url-loader/index.js??ruleSet[1].rules[3].oneOf[10].use[3]!./node_modules/next/dist/compiled/sass-loader/cjs.js??ruleSet[1].rules[3].oneOf[10].use[4]!./styles/sass/style.scss
Warning

(11478:3) autoprefixer: end value has mixed support, consider using flex-end instead

./node_modules/next/dist/build/webpack/loaders/css-loader/src/index.js??ruleSet[1].rules[3].oneOf[10].use[1]!./node_modules/next/dist/build/webpack/loaders/postcss-loader/src/index.js??ruleSet[1].rules[3].oneOf[10].use[2]!./node_modules/next/dist/build/webpack/loaders/resolve-url-loader/index.js??ruleSet[1].rules[3].oneOf[10].use[3]!./node_modules/next/dist/compiled/sass-loader/cjs.js??ruleSet[1].rules[3].oneOf[10].use[4]!./styles/sass/style.scss
Warning

(13301:3) autoprefixer: end value has mixed support, consider using flex-end instead
warn  - ./node_modules/next/dist/build/webpack/loaders/css-loader/src/index.js??ruleSet[1].rules[3].oneOf[10].use[1]!./node_modules/next/dist/build/webpack/loaders/postcss-loader/src/index.js??ruleSet[1].rules[3].oneOf[10].use[2]!./node_modules/next/dist/build/webpack/loaders/resolve-url-loader/index.js??ruleSet[1].rules[3].oneOf[10].use[3]!./node_modules/next/dist/compiled/sass-loader/cjs.js??ruleSet[1].rules[3].oneOf[10].use[4]!./styles/sass/style.scss
Warning

(594:3) autoprefixer: Gradient has outdated direction syntax. New syntax is like `to left` instead of `right`.

./node_modules/next/dist/build/webpack/loaders/css-loader/src/index.js??ruleSet[1].rules[3].oneOf[10].use[1]!./node_modules/next/dist/build/webpack/loaders/postcss-loader/src/index.js??ruleSet[1].rules[3].oneOf[10].use[2]!./node_modules/next/dist/build/webpack/loaders/resolve-url-loader/index.js??ruleSet[1].rules[3].oneOf[10].use[3]!./node_modules/next/dist/compiled/sass-loader/cjs.js??ruleSet[1].rules[3].oneOf[10].use[4]!./styles/sass/style.scss
Warning

(1750:3) autoprefixer: end value has mixed support, consider using flex-end instead

./node_modules/next/dist/build/webpack/loaders/css-loader/src/index.js??ruleSet[1].rules[3].oneOf[10].use[1]!./node_modules/next/dist/build/webpack/loaders/postcss-loader/src/index.js??ruleSet[1].rules[3].oneOf[10].use[2]!./node_modules/next/dist/build/webpack/loaders/resolve-url-loader/index.js??ruleSet[1].rules[3].oneOf[10].use[3]!./node_modules/next/dist/compiled/sass-loader/cjs.js??ruleSet[1].rules[3].oneOf[10].use[4]!./styles/sass/style.scss
Warning

(1950:3) autoprefixer: end value has mixed support, consider using flex-end instead

./node_modules/next/dist/build/webpack/loaders/css-loader/src/index.js??ruleSet[1].rules[3].oneOf[10].use[1]!./node_modules/next/dist/build/webpack/loaders/postcss-loader/src/index.js??ruleSet[1].rules[3].oneOf[10].use[2]!./node_modules/next/dist/build/webpack/loaders/resolve-url-loader/index.js??ruleSet[1].rules[3].oneOf[10].use[3]!./node_modules/next/dist/compiled/sass-loader/cjs.js??ruleSet[1].rules[3].oneOf[10].use[4]!./styles/sass/style.scss
Warning

(3957:3) autoprefixer: Gradient has outdated direction syntax. New syntax is like `to left` instead of `right`.

./node_modules/next/dist/build/webpack/loaders/css-loader/src/index.js??ruleSet[1].rules[3].oneOf[10].use[1]!./node_modules/next/dist/build/webpack/loaders/postcss-loader/src/index.js??ruleSet[1].rules[3].oneOf[10].use[2]!./node_modules/next/dist/build/webpack/loaders/resolve-url-loader/index.js??ruleSet[1].rules[3].oneOf[10].use[3]!./node_modules/next/dist/compiled/sass-loader/cjs.js??ruleSet[1].rules[3].oneOf[10].use[4]!./styles/sass/style.scss
Warning

(11478:3) autoprefixer: end value has mixed support, consider using flex-end instead

./node_modules/next/dist/build/webpack/loaders/css-loader/src/index.js??ruleSet[1].rules[3].oneOf[10].use[1]!./node_modules/next/dist/build/webpack/loaders/postcss-loader/src/index.js??ruleSet[1].rules[3].oneOf[10].use[2]!./node_modules/next/dist/build/webpack/loaders/resolve-url-loader/index.js??ruleSet[1].rules[3].oneOf[10].use[3]!./node_modules/next/dist/compiled/sass-loader/cjs.js??ruleSet[1].rules[3].oneOf[10].use[4]!./styles/sass/style.scss
Warning

(13301:3) autoprefixer: end value has mixed support, consider using flex-end instead
wait  - compiling /404 (client and server)...
warn  - ./node_modules/next/dist/build/webpack/loaders/css-loader/src/index.js??ruleSet[1].rules[3].oneOf[10].use[1]!./node_modules/next/dist/build/webpack/loaders/postcss-loader/src/index.js??ruleSet[1].rules[3].oneOf[10].use[2]!./node_modules/next/dist/build/webpack/loaders/resolve-url-loader/index.js??ruleSet[1].rules[3].oneOf[10].use[3]!./node_modules/next/dist/compiled/sass-loader/cjs.js??ruleSet[1].rules[3].oneOf[10].use[4]!./styles/sass/style.scss
Warning

(594:3) autoprefixer: Gradient has outdated direction syntax. New syntax is like `to left` instead of `right`.

./node_modules/next/dist/build/webpack/loaders/css-loader/src/index.js??ruleSet[1].rules[3].oneOf[10].use[1]!./node_modules/next/dist/build/webpack/loaders/postcss-loader/src/index.js??ruleSet[1].rules[3].oneOf[10].use[2]!./node_modules/next/dist/build/webpack/loaders/resolve-url-loader/index.js??ruleSet[1].rules[3].oneOf[10].use[3]!./node_modules/next/dist/compiled/sass-loader/cjs.js??ruleSet[1].rules[3].oneOf[10].use[4]!./styles/sass/style.scss
Warning

(1750:3) autoprefixer: end value has mixed support, consider using flex-end instead

./node_modules/next/dist/build/webpack/loaders/css-loader/src/index.js??ruleSet[1].rules[3].oneOf[10].use[1]!./node_modules/next/dist/build/webpack/loaders/postcss-loader/src/index.js??ruleSet[1].rules[3].oneOf[10].use[2]!./node_modules/next/dist/build/webpack/loaders/resolve-url-loader/index.js??ruleSet[1].rules[3].oneOf[10].use[3]!./node_modules/next/dist/compiled/sass-loader/cjs.js??ruleSet[1].rules[3].oneOf[10].use[4]!./styles/sass/style.scss
Warning

(1950:3) autoprefixer: end value has mixed support, consider using flex-end instead

./node_modules/next/dist/build/webpack/loaders/css-loader/src/index.js??ruleSet[1].rules[3].oneOf[10].use[1]!./node_modules/next/dist/build/webpack/loaders/postcss-loader/src/index.js??ruleSet[1].rules[3].oneOf[10].use[2]!./node_modules/next/dist/build/webpack/loaders/resolve-url-loader/index.js??ruleSet[1].rules[3].oneOf[10].use[3]!./node_modules/next/dist/compiled/sass-loader/cjs.js??ruleSet[1].rules[3].oneOf[10].use[4]!./styles/sass/style.scss
Warning

(3957:3) autoprefixer: Gradient has outdated direction syntax. New syntax is like `to left` instead of `right`.

./node_modules/next/dist/build/webpack/loaders/css-loader/src/index.js??ruleSet[1].rules[3].oneOf[10].use[1]!./node_modules/next/dist/build/webpack/loaders/postcss-loader/src/index.js??ruleSet[1].rules[3].oneOf[10].use[2]!./node_modules/next/dist/build/webpack/loaders/resolve-url-loader/index.js??ruleSet[1].rules[3].oneOf[10].use[3]!./node_modules/next/dist/compiled/sass-loader/cjs.js??ruleSet[1].rules[3].oneOf[10].use[4]!./styles/sass/style.scss
Warning

(11478:3) autoprefixer: end value has mixed support, consider using flex-end instead

./node_modules/next/dist/build/webpack/loaders/css-loader/src/index.js??ruleSet[1].rules[3].oneOf[10].use[1]!./node_modules/next/dist/build/webpack/loaders/postcss-loader/src/index.js??ruleSet[1].rules[3].oneOf[10].use[2]!./node_modules/next/dist/build/webpack/loaders/resolve-url-loader/index.js??ruleSet[1].rules[3].oneOf[10].use[3]!./node_modules/next/dist/compiled/sass-loader/cjs.js??ruleSet[1].rules[3].oneOf[10].use[4]!./styles/sass/style.scss
Warning

(13301:3) autoprefixer: end value has mixed support, consider using flex-end instead
warn  - ./node_modules/next/dist/build/webpack/loaders/css-loader/src/index.js??ruleSet[1].rules[3].oneOf[10].use[1]!./node_modules/next/dist/build/webpack/loaders/postcss-loader/src/index.js??ruleSet[1].rules[3].oneOf[10].use[2]!./node_modules/next/dist/build/webpack/loaders/resolve-url-loader/index.js??ruleSet[1].rules[3].oneOf[10].use[3]!./node_modules/next/dist/compiled/sass-loader/cjs.js??ruleSet[1].rules[3].oneOf[10].use[4]!./styles/sass/style.scss
Warning

(594:3) autoprefixer: Gradient has outdated direction syntax. New syntax is like `to left` instead of `right`.

./node_modules/next/dist/build/webpack/loaders/css-loader/src/index.js??ruleSet[1].rules[3].oneOf[10].use[1]!./node_modules/next/dist/build/webpack/loaders/postcss-loader/src/index.js??ruleSet[1].rules[3].oneOf[10].use[2]!./node_modules/next/dist/build/webpack/loaders/resolve-url-loader/index.js??ruleSet[1].rules[3].oneOf[10].use[3]!./node_modules/next/dist/compiled/sass-loader/cjs.js??ruleSet[1].rules[3].oneOf[10].use[4]!./styles/sass/style.scss
Warning

(1750:3) autoprefixer: end value has mixed support, consider using flex-end instead

./node_modules/next/dist/build/webpack/loaders/css-loader/src/index.js??ruleSet[1].rules[3].oneOf[10].use[1]!./node_modules/next/dist/build/webpack/loaders/postcss-loader/src/index.js??ruleSet[1].rules[3].oneOf[10].use[2]!./node_modules/next/dist/build/webpack/loaders/resolve-url-loader/index.js??ruleSet[1].rules[3].oneOf[10].use[3]!./node_modules/next/dist/compiled/sass-loader/cjs.js??ruleSet[1].rules[3].oneOf[10].use[4]!./styles/sass/style.scss
Warning

(1950:3) autoprefixer: end value has mixed support, consider using flex-end instead

./node_modules/next/dist/build/webpack/loaders/css-loader/src/index.js??ruleSet[1].rules[3].oneOf[10].use[1]!./node_modules/next/dist/build/webpack/loaders/postcss-loader/src/index.js??ruleSet[1].rules[3].oneOf[10].use[2]!./node_modules/next/dist/build/webpack/loaders/resolve-url-loader/index.js??ruleSet[1].rules[3].oneOf[10].use[3]!./node_modules/next/dist/compiled/sass-loader/cjs.js??ruleSet[1].rules[3].oneOf[10].use[4]!./styles/sass/style.scss
Warning

(3957:3) autoprefixer: Gradient has outdated direction syntax. New syntax is like `to left` instead of `right`.

./node_modules/next/dist/build/webpack/loaders/css-loader/src/index.js??ruleSet[1].rules[3].oneOf[10].use[1]!./node_modules/next/dist/build/webpack/loaders/postcss-loader/src/index.js??ruleSet[1].rules[3].oneOf[10].use[2]!./node_modules/next/dist/build/webpack/loaders/resolve-url-loader/index.js??ruleSet[1].rules[3].oneOf[10].use[3]!./node_modules/next/dist/compiled/sass-loader/cjs.js??ruleSet[1].rules[3].oneOf[10].use[4]!./styles/sass/style.scss
Warning

(11478:3) autoprefixer: end value has mixed support, consider using flex-end instead

./node_modules/next/dist/build/webpack/loaders/css-loader/src/index.js??ruleSet[1].rules[3].oneOf[10].use[1]!./node_modules/next/dist/build/webpack/loaders/postcss-loader/src/index.js??ruleSet[1].rules[3].oneOf[10].use[2]!./node_modules/next/dist/build/webpack/loaders/resolve-url-loader/index.js??ruleSet[1].rules[3].oneOf[10].use[3]!./node_modules/next/dist/compiled/sass-loader/cjs.js??ruleSet[1].rules[3].oneOf[10].use[4]!./styles/sass/style.scss
Warning

(13301:3) autoprefixer: end value has mixed support, consider using flex-end instead
wait  - compiling /service...
warn  - ./node_modules/next/dist/build/webpack/loaders/css-loader/src/index.js??ruleSet[1].rules[3].oneOf[10].use[1]!./node_modules/next/dist/build/webpack/loaders/postcss-loader/src/index.js??ruleSet[1].rules[3].oneOf[10].use[2]!./node_modules/next/dist/build/webpack/loaders/resolve-url-loader/index.js??ruleSet[1].rules[3].oneOf[10].use[3]!./node_modules/next/dist/compiled/sass-loader/cjs.js??ruleSet[1].rules[3].oneOf[10].use[4]!./styles/sass/style.scss
Warning

(594:3) autoprefixer: Gradient has outdated direction syntax. New syntax is like `to left` instead of `right`.

./node_modules/next/dist/build/webpack/loaders/css-loader/src/index.js??ruleSet[1].rules[3].oneOf[10].use[1]!./node_modules/next/dist/build/webpack/loaders/postcss-loader/src/index.js??ruleSet[1].rules[3].oneOf[10].use[2]!./node_modules/next/dist/build/webpack/loaders/resolve-url-loader/index.js??ruleSet[1].rules[3].oneOf[10].use[3]!./node_modules/next/dist/compiled/sass-loader/cjs.js??ruleSet[1].rules[3].oneOf[10].use[4]!./styles/sass/style.scss
Warning

(1750:3) autoprefixer: end value has mixed support, consider using flex-end instead

./node_modules/next/dist/build/webpack/loaders/css-loader/src/index.js??ruleSet[1].rules[3].oneOf[10].use[1]!./node_modules/next/dist/build/webpack/loaders/postcss-loader/src/index.js??ruleSet[1].rules[3].oneOf[10].use[2]!./node_modules/next/dist/build/webpack/loaders/resolve-url-loader/index.js??ruleSet[1].rules[3].oneOf[10].use[3]!./node_modules/next/dist/compiled/sass-loader/cjs.js??ruleSet[1].rules[3].oneOf[10].use[4]!./styles/sass/style.scss
Warning

(1950:3) autoprefixer: end value has mixed support, consider using flex-end instead

./node_modules/next/dist/build/webpack/loaders/css-loader/src/index.js??ruleSet[1].rules[3].oneOf[10].use[1]!./node_modules/next/dist/build/webpack/loaders/postcss-loader/src/index.js??ruleSet[1].rules[3].oneOf[10].use[2]!./node_modules/next/dist/build/webpack/loaders/resolve-url-loader/index.js??ruleSet[1].rules[3].oneOf[10].use[3]!./node_modules/next/dist/compiled/sass-loader/cjs.js??ruleSet[1].rules[3].oneOf[10].use[4]!./styles/sass/style.scss
Warning

(3957:3) autoprefixer: Gradient has outdated direction syntax. New syntax is like `to left` instead of `right`.

./node_modules/next/dist/build/webpack/loaders/css-loader/src/index.js??ruleSet[1].rules[3].oneOf[10].use[1]!./node_modules/next/dist/build/webpack/loaders/postcss-loader/src/index.js??ruleSet[1].rules[3].oneOf[10].use[2]!./node_modules/next/dist/build/webpack/loaders/resolve-url-loader/index.js??ruleSet[1].rules[3].oneOf[10].use[3]!./node_modules/next/dist/compiled/sass-loader/cjs.js??ruleSet[1].rules[3].oneOf[10].use[4]!./styles/sass/style.scss
Warning

(11478:3) autoprefixer: end value has mixed support, consider using flex-end instead

./node_modules/next/dist/build/webpack/loaders/css-loader/src/index.js??ruleSet[1].rules[3].oneOf[10].use[1]!./node_modules/next/dist/build/webpack/loaders/postcss-loader/src/index.js??ruleSet[1].rules[3].oneOf[10].use[2]!./node_modules/next/dist/build/webpack/loaders/resolve-url-loader/index.js??ruleSet[1].rules[3].oneOf[10].use[3]!./node_modules/next/dist/compiled/sass-loader/cjs.js??ruleSet[1].rules[3].oneOf[10].use[4]!./styles/sass/style.scss
Warning

(13301:3) autoprefixer: end value has mixed support, consider using flex-end instead
warn  - ./node_modules/next/dist/build/webpack/loaders/css-loader/src/index.js??ruleSet[1].rules[3].oneOf[10].use[1]!./node_modules/next/dist/build/webpack/loaders/postcss-loader/src/index.js??ruleSet[1].rules[3].oneOf[10].use[2]!./node_modules/next/dist/build/webpack/loaders/resolve-url-loader/index.js??ruleSet[1].rules[3].oneOf[10].use[3]!./node_modules/next/dist/compiled/sass-loader/cjs.js??ruleSet[1].rules[3].oneOf[10].use[4]!./styles/sass/style.scss
Warning

(594:3) autoprefixer: Gradient has outdated direction syntax. New syntax is like `to left` instead of `right`.

./node_modules/next/dist/build/webpack/loaders/css-loader/src/index.js??ruleSet[1].rules[3].oneOf[10].use[1]!./node_modules/next/dist/build/webpack/loaders/postcss-loader/src/index.js??ruleSet[1].rules[3].oneOf[10].use[2]!./node_modules/next/dist/build/webpack/loaders/resolve-url-loader/index.js??ruleSet[1].rules[3].oneOf[10].use[3]!./node_modules/next/dist/compiled/sass-loader/cjs.js??ruleSet[1].rules[3].oneOf[10].use[4]!./styles/sass/style.scss
Warning

(1750:3) autoprefixer: end value has mixed support, consider using flex-end instead

./node_modules/next/dist/build/webpack/loaders/css-loader/src/index.js??ruleSet[1].rules[3].oneOf[10].use[1]!./node_modules/next/dist/build/webpack/loaders/postcss-loader/src/index.js??ruleSet[1].rules[3].oneOf[10].use[2]!./node_modules/next/dist/build/webpack/loaders/resolve-url-loader/index.js??ruleSet[1].rules[3].oneOf[10].use[3]!./node_modules/next/dist/compiled/sass-loader/cjs.js??ruleSet[1].rules[3].oneOf[10].use[4]!./styles/sass/style.scss
Warning

(1950:3) autoprefixer: end value has mixed support, consider using flex-end instead

./node_modules/next/dist/build/webpack/loaders/css-loader/src/index.js??ruleSet[1].rules[3].oneOf[10].use[1]!./node_modules/next/dist/build/webpack/loaders/postcss-loader/src/index.js??ruleSet[1].rules[3].oneOf[10].use[2]!./node_modules/next/dist/build/webpack/loaders/resolve-url-loader/index.js??ruleSet[1].rules[3].oneOf[10].use[3]!./node_modules/next/dist/compiled/sass-loader/cjs.js??ruleSet[1].rules[3].oneOf[10].use[4]!./styles/sass/style.scss
Warning

(3957:3) autoprefixer: Gradient has outdated direction syntax. New syntax is like `to left` instead of `right`.

./node_modules/next/dist/build/webpack/loaders/css-loader/src/index.js??ruleSet[1].rules[3].oneOf[10].use[1]!./node_modules/next/dist/build/webpack/loaders/postcss-loader/src/index.js??ruleSet[1].rules[3].oneOf[10].use[2]!./node_modules/next/dist/build/webpack/loaders/resolve-url-loader/index.js??ruleSet[1].rules[3].oneOf[10].use[3]!./node_modules/next/dist/compiled/sass-loader/cjs.js??ruleSet[1].rules[3].oneOf[10].use[4]!./styles/sass/style.scss
Warning

(11478:3) autoprefixer: end value has mixed support, consider using flex-end instead

./node_modules/next/dist/build/webpack/loaders/css-loader/src/index.js??ruleSet[1].rules[3].oneOf[10].use[1]!./node_modules/next/dist/build/webpack/loaders/postcss-loader/src/index.js??ruleSet[1].rules[3].oneOf[10].use[2]!./node_modules/next/dist/build/webpack/loaders/resolve-url-loader/index.js??ruleSet[1].rules[3].oneOf[10].use[3]!./node_modules/next/dist/compiled/sass-loader/cjs.js??ruleSet[1].rules[3].oneOf[10].use[4]!./styles/sass/style.scss
Warning

(13301:3) autoprefixer: end value has mixed support, consider using flex-end instead
wait  - compiling /service/[slug]...
warn  - ./node_modules/next/dist/build/webpack/loaders/css-loader/src/index.js??ruleSet[1].rules[3].oneOf[10].use[1]!./node_modules/next/dist/build/webpack/loaders/postcss-loader/src/index.js??ruleSet[1].rules[3].oneOf[10].use[2]!./node_modules/next/dist/build/webpack/loaders/resolve-url-loader/index.js??ruleSet[1].rules[3].oneOf[10].use[3]!./node_modules/next/dist/compiled/sass-loader/cjs.js??ruleSet[1].rules[3].oneOf[10].use[4]!./styles/sass/style.scss
Warning

(594:3) autoprefixer: Gradient has outdated direction syntax. New syntax is like `to left` instead of `right`.

./node_modules/next/dist/build/webpack/loaders/css-loader/src/index.js??ruleSet[1].rules[3].oneOf[10].use[1]!./node_modules/next/dist/build/webpack/loaders/postcss-loader/src/index.js??ruleSet[1].rules[3].oneOf[10].use[2]!./node_modules/next/dist/build/webpack/loaders/resolve-url-loader/index.js??ruleSet[1].rules[3].oneOf[10].use[3]!./node_modules/next/dist/compiled/sass-loader/cjs.js??ruleSet[1].rules[3].oneOf[10].use[4]!./styles/sass/style.scss
Warning

(1750:3) autoprefixer: end value has mixed support, consider using flex-end instead

./node_modules/next/dist/build/webpack/loaders/css-loader/src/index.js??ruleSet[1].rules[3].oneOf[10].use[1]!./node_modules/next/dist/build/webpack/loaders/postcss-loader/src/index.js??ruleSet[1].rules[3].oneOf[10].use[2]!./node_modules/next/dist/build/webpack/loaders/resolve-url-loader/index.js??ruleSet[1].rules[3].oneOf[10].use[3]!./node_modules/next/dist/compiled/sass-loader/cjs.js??ruleSet[1].rules[3].oneOf[10].use[4]!./styles/sass/style.scss
Warning

(1950:3) autoprefixer: end value has mixed support, consider using flex-end instead

./node_modules/next/dist/build/webpack/loaders/css-loader/src/index.js??ruleSet[1].rules[3].oneOf[10].use[1]!./node_modules/next/dist/build/webpack/loaders/postcss-loader/src/index.js??ruleSet[1].rules[3].oneOf[10].use[2]!./node_modules/next/dist/build/webpack/loaders/resolve-url-loader/index.js??ruleSet[1].rules[3].oneOf[10].use[3]!./node_modules/next/dist/compiled/sass-loader/cjs.js??ruleSet[1].rules[3].oneOf[10].use[4]!./styles/sass/style.scss
Warning

(3957:3) autoprefixer: Gradient has outdated direction syntax. New syntax is like `to left` instead of `right`.

./node_modules/next/dist/build/webpack/loaders/css-loader/src/index.js??ruleSet[1].rules[3].oneOf[10].use[1]!./node_modules/next/dist/build/webpack/loaders/postcss-loader/src/index.js??ruleSet[1].rules[3].oneOf[10].use[2]!./node_modules/next/dist/build/webpack/loaders/resolve-url-loader/index.js??ruleSet[1].rules[3].oneOf[10].use[3]!./node_modules/next/dist/compiled/sass-loader/cjs.js??ruleSet[1].rules[3].oneOf[10].use[4]!./styles/sass/style.scss
Warning

(11478:3) autoprefixer: end value has mixed support, consider using flex-end instead

./node_modules/next/dist/build/webpack/loaders/css-loader/src/index.js??ruleSet[1].rules[3].oneOf[10].use[1]!./node_modules/next/dist/build/webpack/loaders/postcss-loader/src/index.js??ruleSet[1].rules[3].oneOf[10].use[2]!./node_modules/next/dist/build/webpack/loaders/resolve-url-loader/index.js??ruleSet[1].rules[3].oneOf[10].use[3]!./node_modules/next/dist/compiled/sass-loader/cjs.js??ruleSet[1].rules[3].oneOf[10].use[4]!./styles/sass/style.scss
Warning

(13301:3) autoprefixer: end value has mixed support, consider using flex-end instead
warn  - ./node_modules/next/dist/build/webpack/loaders/css-loader/src/index.js??ruleSet[1].rules[3].oneOf[10].use[1]!./node_modules/next/dist/build/webpack/loaders/postcss-loader/src/index.js??ruleSet[1].rules[3].oneOf[10].use[2]!./node_modules/next/dist/build/webpack/loaders/resolve-url-loader/index.js??ruleSet[1].rules[3].oneOf[10].use[3]!./node_modules/next/dist/compiled/sass-loader/cjs.js??ruleSet[1].rules[3].oneOf[10].use[4]!./styles/sass/style.scss
Warning

(594:3) autoprefixer: Gradient has outdated direction syntax. New syntax is like `to left` instead of `right`.

./node_modules/next/dist/build/webpack/loaders/css-loader/src/index.js??ruleSet[1].rules[3].oneOf[10].use[1]!./node_modules/next/dist/build/webpack/loaders/postcss-loader/src/index.js??ruleSet[1].rules[3].oneOf[10].use[2]!./node_modules/next/dist/build/webpack/loaders/resolve-url-loader/index.js??ruleSet[1].rules[3].oneOf[10].use[3]!./node_modules/next/dist/compiled/sass-loader/cjs.js??ruleSet[1].rules[3].oneOf[10].use[4]!./styles/sass/style.scss
Warning

(1750:3) autoprefixer: end value has mixed support, consider using flex-end instead

./node_modules/next/dist/build/webpack/loaders/css-loader/src/index.js??ruleSet[1].rules[3].oneOf[10].use[1]!./node_modules/next/dist/build/webpack/loaders/postcss-loader/src/index.js??ruleSet[1].rules[3].oneOf[10].use[2]!./node_modules/next/dist/build/webpack/loaders/resolve-url-loader/index.js??ruleSet[1].rules[3].oneOf[10].use[3]!./node_modules/next/dist/compiled/sass-loader/cjs.js??ruleSet[1].rules[3].oneOf[10].use[4]!./styles/sass/style.scss
Warning

(1950:3) autoprefixer: end value has mixed support, consider using flex-end instead

./node_modules/next/dist/build/webpack/loaders/css-loader/src/index.js??ruleSet[1].rules[3].oneOf[10].use[1]!./node_modules/next/dist/build/webpack/loaders/postcss-loader/src/index.js??ruleSet[1].rules[3].oneOf[10].use[2]!./node_modules/next/dist/build/webpack/loaders/resolve-url-loader/index.js??ruleSet[1].rules[3].oneOf[10].use[3]!./node_modules/next/dist/compiled/sass-loader/cjs.js??ruleSet[1].rules[3].oneOf[10].use[4]!./styles/sass/style.scss
Warning

(3957:3) autoprefixer: Gradient has outdated direction syntax. New syntax is like `to left` instead of `right`.

./node_modules/next/dist/build/webpack/loaders/css-loader/src/index.js??ruleSet[1].rules[3].oneOf[10].use[1]!./node_modules/next/dist/build/webpack/loaders/postcss-loader/src/index.js??ruleSet[1].rules[3].oneOf[10].use[2]!./node_modules/next/dist/build/webpack/loaders/resolve-url-loader/index.js??ruleSet[1].rules[3].oneOf[10].use[3]!./node_modules/next/dist/compiled/sass-loader/cjs.js??ruleSet[1].rules[3].oneOf[10].use[4]!./styles/sass/style.scss
Warning

(11478:3) autoprefixer: end value has mixed support, consider using flex-end instead

./node_modules/next/dist/build/webpack/loaders/css-loader/src/index.js??ruleSet[1].rules[3].oneOf[10].use[1]!./node_modules/next/dist/build/webpack/loaders/postcss-loader/src/index.js??ruleSet[1].rules[3].oneOf[10].use[2]!./node_modules/next/dist/build/webpack/loaders/resolve-url-loader/index.js??ruleSet[1].rules[3].oneOf[10].use[3]!./node_modules/next/dist/compiled/sass-loader/cjs.js??ruleSet[1].rules[3].oneOf[10].use[4]!./styles/sass/style.scss
Warning

(13301:3) autoprefixer: end value has mixed support, consider using flex-end instead
wait  - compiling /404 (client and server)...
warn  - ./node_modules/next/dist/build/webpack/loaders/css-loader/src/index.js??ruleSet[1].rules[3].oneOf[10].use[1]!./node_modules/next/dist/build/webpack/loaders/postcss-loader/src/index.js??ruleSet[1].rules[3].oneOf[10].use[2]!./node_modules/next/dist/build/webpack/loaders/resolve-url-loader/index.js??ruleSet[1].rules[3].oneOf[10].use[3]!./node_modules/next/dist/compiled/sass-loader/cjs.js??ruleSet[1].rules[3].oneOf[10].use[4]!./styles/sass/style.scss
Warning

(594:3) autoprefixer: Gradient has outdated direction syntax. New syntax is like `to left` instead of `right`.

./node_modules/next/dist/build/webpack/loaders/css-loader/src/index.js??ruleSet[1].rules[3].oneOf[10].use[1]!./node_modules/next/dist/build/webpack/loaders/postcss-loader/src/index.js??ruleSet[1].rules[3].oneOf[10].use[2]!./node_modules/next/dist/build/webpack/loaders/resolve-url-loader/index.js??ruleSet[1].rules[3].oneOf[10].use[3]!./node_modules/next/dist/compiled/sass-loader/cjs.js??ruleSet[1].rules[3].oneOf[10].use[4]!./styles/sass/style.scss
Warning

(1750:3) autoprefixer: end value has mixed support, consider using flex-end instead

./node_modules/next/dist/build/webpack/loaders/css-loader/src/index.js??ruleSet[1].rules[3].oneOf[10].use[1]!./node_modules/next/dist/build/webpack/loaders/postcss-loader/src/index.js??ruleSet[1].rules[3].oneOf[10].use[2]!./node_modules/next/dist/build/webpack/loaders/resolve-url-loader/index.js??ruleSet[1].rules[3].oneOf[10].use[3]!./node_modules/next/dist/compiled/sass-loader/cjs.js??ruleSet[1].rules[3].oneOf[10].use[4]!./styles/sass/style.scss
Warning

(1950:3) autoprefixer: end value has mixed support, consider using flex-end instead

./node_modules/next/dist/build/webpack/loaders/css-loader/src/index.js??ruleSet[1].rules[3].oneOf[10].use[1]!./node_modules/next/dist/build/webpack/loaders/postcss-loader/src/index.js??ruleSet[1].rules[3].oneOf[10].use[2]!./node_modules/next/dist/build/webpack/loaders/resolve-url-loader/index.js??ruleSet[1].rules[3].oneOf[10].use[3]!./node_modules/next/dist/compiled/sass-loader/cjs.js??ruleSet[1].rules[3].oneOf[10].use[4]!./styles/sass/style.scss
Warning

(3957:3) autoprefixer: Gradient has outdated direction syntax. New syntax is like `to left` instead of `right`.

./node_modules/next/dist/build/webpack/loaders/css-loader/src/index.js??ruleSet[1].rules[3].oneOf[10].use[1]!./node_modules/next/dist/build/webpack/loaders/postcss-loader/src/index.js??ruleSet[1].rules[3].oneOf[10].use[2]!./node_modules/next/dist/build/webpack/loaders/resolve-url-loader/index.js??ruleSet[1].rules[3].oneOf[10].use[3]!./node_modules/next/dist/compiled/sass-loader/cjs.js??ruleSet[1].rules[3].oneOf[10].use[4]!./styles/sass/style.scss
Warning

(11478:3) autoprefixer: end value has mixed support, consider using flex-end instead

./node_modules/next/dist/build/webpack/loaders/css-loader/src/index.js??ruleSet[1].rules[3].oneOf[10].use[1]!./node_modules/next/dist/build/webpack/loaders/postcss-loader/src/index.js??ruleSet[1].rules[3].oneOf[10].use[2]!./node_modules/next/dist/build/webpack/loaders/resolve-url-loader/index.js??ruleSet[1].rules[3].oneOf[10].use[3]!./node_modules/next/dist/compiled/sass-loader/cjs.js??ruleSet[1].rules[3].oneOf[10].use[4]!./styles/sass/style.scss
Warning

(13301:3) autoprefixer: end value has mixed support, consider using flex-end instead
warn  - ./node_modules/next/dist/build/webpack/loaders/css-loader/src/index.js??ruleSet[1].rules[3].oneOf[10].use[1]!./node_modules/next/dist/build/webpack/loaders/postcss-loader/src/index.js??ruleSet[1].rules[3].oneOf[10].use[2]!./node_modules/next/dist/build/webpack/loaders/resolve-url-loader/index.js??ruleSet[1].rules[3].oneOf[10].use[3]!./node_modules/next/dist/compiled/sass-loader/cjs.js??ruleSet[1].rules[3].oneOf[10].use[4]!./styles/sass/style.scss
Warning

(594:3) autoprefixer: Gradient has outdated direction syntax. New syntax is like `to left` instead of `right`.

./node_modules/next/dist/build/webpack/loaders/css-loader/src/index.js??ruleSet[1].rules[3].oneOf[10].use[1]!./node_modules/next/dist/build/webpack/loaders/postcss-loader/src/index.js??ruleSet[1].rules[3].oneOf[10].use[2]!./node_modules/next/dist/build/webpack/loaders/resolve-url-loader/index.js??ruleSet[1].rules[3].oneOf[10].use[3]!./node_modules/next/dist/compiled/sass-loader/cjs.js??ruleSet[1].rules[3].oneOf[10].use[4]!./styles/sass/style.scss
Warning

(1750:3) autoprefixer: end value has mixed support, consider using flex-end instead

./node_modules/next/dist/build/webpack/loaders/css-loader/src/index.js??ruleSet[1].rules[3].oneOf[10].use[1]!./node_modules/next/dist/build/webpack/loaders/postcss-loader/src/index.js??ruleSet[1].rules[3].oneOf[10].use[2]!./node_modules/next/dist/build/webpack/loaders/resolve-url-loader/index.js??ruleSet[1].rules[3].oneOf[10].use[3]!./node_modules/next/dist/compiled/sass-loader/cjs.js??ruleSet[1].rules[3].oneOf[10].use[4]!./styles/sass/style.scss
Warning

(1950:3) autoprefixer: end value has mixed support, consider using flex-end instead

./node_modules/next/dist/build/webpack/loaders/css-loader/src/index.js??ruleSet[1].rules[3].oneOf[10].use[1]!./node_modules/next/dist/build/webpack/loaders/postcss-loader/src/index.js??ruleSet[1].rules[3].oneOf[10].use[2]!./node_modules/next/dist/build/webpack/loaders/resolve-url-loader/index.js??ruleSet[1].rules[3].oneOf[10].use[3]!./node_modules/next/dist/compiled/sass-loader/cjs.js??ruleSet[1].rules[3].oneOf[10].use[4]!./styles/sass/style.scss
Warning

(3957:3) autoprefixer: Gradient has outdated direction syntax. New syntax is like `to left` instead of `right`.

./node_modules/next/dist/build/webpack/loaders/css-loader/src/index.js??ruleSet[1].rules[3].oneOf[10].use[1]!./node_modules/next/dist/build/webpack/loaders/postcss-loader/src/index.js??ruleSet[1].rules[3].oneOf[10].use[2]!./node_modules/next/dist/build/webpack/loaders/resolve-url-loader/index.js??ruleSet[1].rules[3].oneOf[10].use[3]!./node_modules/next/dist/compiled/sass-loader/cjs.js??ruleSet[1].rules[3].oneOf[10].use[4]!./styles/sass/style.scss
Warning

(11478:3) autoprefixer: end value has mixed support, consider using flex-end instead

./node_modules/next/dist/build/webpack/loaders/css-loader/src/index.js??ruleSet[1].rules[3].oneOf[10].use[1]!./node_modules/next/dist/build/webpack/loaders/postcss-loader/src/index.js??ruleSet[1].rules[3].oneOf[10].use[2]!./node_modules/next/dist/build/webpack/loaders/resolve-url-loader/index.js??ruleSet[1].rules[3].oneOf[10].use[3]!./node_modules/next/dist/compiled/sass-loader/cjs.js??ruleSet[1].rules[3].oneOf[10].use[4]!./styles/sass/style.scss
Warning

(13301:3) autoprefixer: end value has mixed support, consider using flex-end instead
wait  - compiling /service...
warn  - ./node_modules/next/dist/build/webpack/loaders/css-loader/src/index.js??ruleSet[1].rules[3].oneOf[10].use[1]!./node_modules/next/dist/build/webpack/loaders/postcss-loader/src/index.js??ruleSet[1].rules[3].oneOf[10].use[2]!./node_modules/next/dist/build/webpack/loaders/resolve-url-loader/index.js??ruleSet[1].rules[3].oneOf[10].use[3]!./node_modules/next/dist/compiled/sass-loader/cjs.js??ruleSet[1].rules[3].oneOf[10].use[4]!./styles/sass/style.scss
Warning

(594:3) autoprefixer: Gradient has outdated direction syntax. New syntax is like `to left` instead of `right`.

./node_modules/next/dist/build/webpack/loaders/css-loader/src/index.js??ruleSet[1].rules[3].oneOf[10].use[1]!./node_modules/next/dist/build/webpack/loaders/postcss-loader/src/index.js??ruleSet[1].rules[3].oneOf[10].use[2]!./node_modules/next/dist/build/webpack/loaders/resolve-url-loader/index.js??ruleSet[1].rules[3].oneOf[10].use[3]!./node_modules/next/dist/compiled/sass-loader/cjs.js??ruleSet[1].rules[3].oneOf[10].use[4]!./styles/sass/style.scss
Warning

(1750:3) autoprefixer: end value has mixed support, consider using flex-end instead

./node_modules/next/dist/build/webpack/loaders/css-loader/src/index.js??ruleSet[1].rules[3].oneOf[10].use[1]!./node_modules/next/dist/build/webpack/loaders/postcss-loader/src/index.js??ruleSet[1].rules[3].oneOf[10].use[2]!./node_modules/next/dist/build/webpack/loaders/resolve-url-loader/index.js??ruleSet[1].rules[3].oneOf[10].use[3]!./node_modules/next/dist/compiled/sass-loader/cjs.js??ruleSet[1].rules[3].oneOf[10].use[4]!./styles/sass/style.scss
Warning

(1950:3) autoprefixer: end value has mixed support, consider using flex-end instead

./node_modules/next/dist/build/webpack/loaders/css-loader/src/index.js??ruleSet[1].rules[3].oneOf[10].use[1]!./node_modules/next/dist/build/webpack/loaders/postcss-loader/src/index.js??ruleSet[1].rules[3].oneOf[10].use[2]!./node_modules/next/dist/build/webpack/loaders/resolve-url-loader/index.js??ruleSet[1].rules[3].oneOf[10].use[3]!./node_modules/next/dist/compiled/sass-loader/cjs.js??ruleSet[1].rules[3].oneOf[10].use[4]!./styles/sass/style.scss
Warning

(3957:3) autoprefixer: Gradient has outdated direction syntax. New syntax is like `to left` instead of `right`.

./node_modules/next/dist/build/webpack/loaders/css-loader/src/index.js??ruleSet[1].rules[3].oneOf[10].use[1]!./node_modules/next/dist/build/webpack/loaders/postcss-loader/src/index.js??ruleSet[1].rules[3].oneOf[10].use[2]!./node_modules/next/dist/build/webpack/loaders/resolve-url-loader/index.js??ruleSet[1].rules[3].oneOf[10].use[3]!./node_modules/next/dist/compiled/sass-loader/cjs.js??ruleSet[1].rules[3].oneOf[10].use[4]!./styles/sass/style.scss
Warning

(11478:3) autoprefixer: end value has mixed support, consider using flex-end instead

./node_modules/next/dist/build/webpack/loaders/css-loader/src/index.js??ruleSet[1].rules[3].oneOf[10].use[1]!./node_modules/next/dist/build/webpack/loaders/postcss-loader/src/index.js??ruleSet[1].rules[3].oneOf[10].use[2]!./node_modules/next/dist/build/webpack/loaders/resolve-url-loader/index.js??ruleSet[1].rules[3].oneOf[10].use[3]!./node_modules/next/dist/compiled/sass-loader/cjs.js??ruleSet[1].rules[3].oneOf[10].use[4]!./styles/sass/style.scss
Warning

(13301:3) autoprefixer: end value has mixed support, consider using flex-end instead
warn  - ./node_modules/next/dist/build/webpack/loaders/css-loader/src/index.js??ruleSet[1].rules[3].oneOf[10].use[1]!./node_modules/next/dist/build/webpack/loaders/postcss-loader/src/index.js??ruleSet[1].rules[3].oneOf[10].use[2]!./node_modules/next/dist/build/webpack/loaders/resolve-url-loader/index.js??ruleSet[1].rules[3].oneOf[10].use[3]!./node_modules/next/dist/compiled/sass-loader/cjs.js??ruleSet[1].rules[3].oneOf[10].use[4]!./styles/sass/style.scss
Warning

(594:3) autoprefixer: Gradient has outdated direction syntax. New syntax is like `to left` instead of `right`.

./node_modules/next/dist/build/webpack/loaders/css-loader/src/index.js??ruleSet[1].rules[3].oneOf[10].use[1]!./node_modules/next/dist/build/webpack/loaders/postcss-loader/src/index.js??ruleSet[1].rules[3].oneOf[10].use[2]!./node_modules/next/dist/build/webpack/loaders/resolve-url-loader/index.js??ruleSet[1].rules[3].oneOf[10].use[3]!./node_modules/next/dist/compiled/sass-loader/cjs.js??ruleSet[1].rules[3].oneOf[10].use[4]!./styles/sass/style.scss
Warning

(1750:3) autoprefixer: end value has mixed support, consider using flex-end instead

./node_modules/next/dist/build/webpack/loaders/css-loader/src/index.js??ruleSet[1].rules[3].oneOf[10].use[1]!./node_modules/next/dist/build/webpack/loaders/postcss-loader/src/index.js??ruleSet[1].rules[3].oneOf[10].use[2]!./node_modules/next/dist/build/webpack/loaders/resolve-url-loader/index.js??ruleSet[1].rules[3].oneOf[10].use[3]!./node_modules/next/dist/compiled/sass-loader/cjs.js??ruleSet[1].rules[3].oneOf[10].use[4]!./styles/sass/style.scss
Warning

(1950:3) autoprefixer: end value has mixed support, consider using flex-end instead

./node_modules/next/dist/build/webpack/loaders/css-loader/src/index.js??ruleSet[1].rules[3].oneOf[10].use[1]!./node_modules/next/dist/build/webpack/loaders/postcss-loader/src/index.js??ruleSet[1].rules[3].oneOf[10].use[2]!./node_modules/next/dist/build/webpack/loaders/resolve-url-loader/index.js??ruleSet[1].rules[3].oneOf[10].use[3]!./node_modules/next/dist/compiled/sass-loader/cjs.js??ruleSet[1].rules[3].oneOf[10].use[4]!./styles/sass/style.scss
Warning

(3957:3) autoprefixer: Gradient has outdated direction syntax. New syntax is like `to left` instead of `right`.

./node_modules/next/dist/build/webpack/loaders/css-loader/src/index.js??ruleSet[1].rules[3].oneOf[10].use[1]!./node_modules/next/dist/build/webpack/loaders/postcss-loader/src/index.js??ruleSet[1].rules[3].oneOf[10].use[2]!./node_modules/next/dist/build/webpack/loaders/resolve-url-loader/index.js??ruleSet[1].rules[3].oneOf[10].use[3]!./node_modules/next/dist/compiled/sass-loader/cjs.js??ruleSet[1].rules[3].oneOf[10].use[4]!./styles/sass/style.scss
Warning

(11478:3) autoprefixer: end value has mixed support, consider using flex-end instead

./node_modules/next/dist/build/webpack/loaders/css-loader/src/index.js??ruleSet[1].rules[3].oneOf[10].use[1]!./node_modules/next/dist/build/webpack/loaders/postcss-loader/src/index.js??ruleSet[1].rules[3].oneOf[10].use[2]!./node_modules/next/dist/build/webpack/loaders/resolve-url-loader/index.js??ruleSet[1].rules[3].oneOf[10].use[3]!./node_modules/next/dist/compiled/sass-loader/cjs.js??ruleSet[1].rules[3].oneOf[10].use[4]!./styles/sass/style.scss
Warning

(13301:3) autoprefixer: end value has mixed support, consider using flex-end instead
wait  - compiling /404 (client and server)...
warn  - ./node_modules/next/dist/build/webpack/loaders/css-loader/src/index.js??ruleSet[1].rules[3].oneOf[10].use[1]!./node_modules/next/dist/build/webpack/loaders/postcss-loader/src/index.js??ruleSet[1].rules[3].oneOf[10].use[2]!./node_modules/next/dist/build/webpack/loaders/resolve-url-loader/index.js??ruleSet[1].rules[3].oneOf[10].use[3]!./node_modules/next/dist/compiled/sass-loader/cjs.js??ruleSet[1].rules[3].oneOf[10].use[4]!./styles/sass/style.scss
Warning

(594:3) autoprefixer: Gradient has outdated direction syntax. New syntax is like `to left` instead of `right`.

./node_modules/next/dist/build/webpack/loaders/css-loader/src/index.js??ruleSet[1].rules[3].oneOf[10].use[1]!./node_modules/next/dist/build/webpack/loaders/postcss-loader/src/index.js??ruleSet[1].rules[3].oneOf[10].use[2]!./node_modules/next/dist/build/webpack/loaders/resolve-url-loader/index.js??ruleSet[1].rules[3].oneOf[10].use[3]!./node_modules/next/dist/compiled/sass-loader/cjs.js??ruleSet[1].rules[3].oneOf[10].use[4]!./styles/sass/style.scss
Warning

(1750:3) autoprefixer: end value has mixed support, consider using flex-end instead

./node_modules/next/dist/build/webpack/loaders/css-loader/src/index.js??ruleSet[1].rules[3].oneOf[10].use[1]!./node_modules/next/dist/build/webpack/loaders/postcss-loader/src/index.js??ruleSet[1].rules[3].oneOf[10].use[2]!./node_modules/next/dist/build/webpack/loaders/resolve-url-loader/index.js??ruleSet[1].rules[3].oneOf[10].use[3]!./node_modules/next/dist/compiled/sass-loader/cjs.js??ruleSet[1].rules[3].oneOf[10].use[4]!./styles/sass/style.scss
Warning

(1950:3) autoprefixer: end value has mixed support, consider using flex-end instead

./node_modules/next/dist/build/webpack/loaders/css-loader/src/index.js??ruleSet[1].rules[3].oneOf[10].use[1]!./node_modules/next/dist/build/webpack/loaders/postcss-loader/src/index.js??ruleSet[1].rules[3].oneOf[10].use[2]!./node_modules/next/dist/build/webpack/loaders/resolve-url-loader/index.js??ruleSet[1].rules[3].oneOf[10].use[3]!./node_modules/next/dist/compiled/sass-loader/cjs.js??ruleSet[1].rules[3].oneOf[10].use[4]!./styles/sass/style.scss
Warning

(3957:3) autoprefixer: Gradient has outdated direction syntax. New syntax is like `to left` instead of `right`.

./node_modules/next/dist/build/webpack/loaders/css-loader/src/index.js??ruleSet[1].rules[3].oneOf[10].use[1]!./node_modules/next/dist/build/webpack/loaders/postcss-loader/src/index.js??ruleSet[1].rules[3].oneOf[10].use[2]!./node_modules/next/dist/build/webpack/loaders/resolve-url-loader/index.js??ruleSet[1].rules[3].oneOf[10].use[3]!./node_modules/next/dist/compiled/sass-loader/cjs.js??ruleSet[1].rules[3].oneOf[10].use[4]!./styles/sass/style.scss
Warning

(11478:3) autoprefixer: end value has mixed support, consider using flex-end instead

./node_modules/next/dist/build/webpack/loaders/css-loader/src/index.js??ruleSet[1].rules[3].oneOf[10].use[1]!./node_modules/next/dist/build/webpack/loaders/postcss-loader/src/index.js??ruleSet[1].rules[3].oneOf[10].use[2]!./node_modules/next/dist/build/webpack/loaders/resolve-url-loader/index.js??ruleSet[1].rules[3].oneOf[10].use[3]!./node_modules/next/dist/compiled/sass-loader/cjs.js??ruleSet[1].rules[3].oneOf[10].use[4]!./styles/sass/style.scss
Warning

(13301:3) autoprefixer: end value has mixed support, consider using flex-end instead
warn  - ./node_modules/next/dist/build/webpack/loaders/css-loader/src/index.js??ruleSet[1].rules[3].oneOf[10].use[1]!./node_modules/next/dist/build/webpack/loaders/postcss-loader/src/index.js??ruleSet[1].rules[3].oneOf[10].use[2]!./node_modules/next/dist/build/webpack/loaders/resolve-url-loader/index.js??ruleSet[1].rules[3].oneOf[10].use[3]!./node_modules/next/dist/compiled/sass-loader/cjs.js??ruleSet[1].rules[3].oneOf[10].use[4]!./styles/sass/style.scss
Warning

(594:3) autoprefixer: Gradient has outdated direction syntax. New syntax is like `to left` instead of `right`.

./node_modules/next/dist/build/webpack/loaders/css-loader/src/index.js??ruleSet[1].rules[3].oneOf[10].use[1]!./node_modules/next/dist/build/webpack/loaders/postcss-loader/src/index.js??ruleSet[1].rules[3].oneOf[10].use[2]!./node_modules/next/dist/build/webpack/loaders/resolve-url-loader/index.js??ruleSet[1].rules[3].oneOf[10].use[3]!./node_modules/next/dist/compiled/sass-loader/cjs.js??ruleSet[1].rules[3].oneOf[10].use[4]!./styles/sass/style.scss
Warning

(1750:3) autoprefixer: end value has mixed support, consider using flex-end instead

./node_modules/next/dist/build/webpack/loaders/css-loader/src/index.js??ruleSet[1].rules[3].oneOf[10].use[1]!./node_modules/next/dist/build/webpack/loaders/postcss-loader/src/index.js??ruleSet[1].rules[3].oneOf[10].use[2]!./node_modules/next/dist/build/webpack/loaders/resolve-url-loader/index.js??ruleSet[1].rules[3].oneOf[10].use[3]!./node_modules/next/dist/compiled/sass-loader/cjs.js??ruleSet[1].rules[3].oneOf[10].use[4]!./styles/sass/style.scss
Warning

(1950:3) autoprefixer: end value has mixed support, consider using flex-end instead

./node_modules/next/dist/build/webpack/loaders/css-loader/src/index.js??ruleSet[1].rules[3].oneOf[10].use[1]!./node_modules/next/dist/build/webpack/loaders/postcss-loader/src/index.js??ruleSet[1].rules[3].oneOf[10].use[2]!./node_modules/next/dist/build/webpack/loaders/resolve-url-loader/index.js??ruleSet[1].rules[3].oneOf[10].use[3]!./node_modules/next/dist/compiled/sass-loader/cjs.js??ruleSet[1].rules[3].oneOf[10].use[4]!./styles/sass/style.scss
Warning

(3957:3) autoprefixer: Gradient has outdated direction syntax. New syntax is like `to left` instead of `right`.

./node_modules/next/dist/build/webpack/loaders/css-loader/src/index.js??ruleSet[1].rules[3].oneOf[10].use[1]!./node_modules/next/dist/build/webpack/loaders/postcss-loader/src/index.js??ruleSet[1].rules[3].oneOf[10].use[2]!./node_modules/next/dist/build/webpack/loaders/resolve-url-loader/index.js??ruleSet[1].rules[3].oneOf[10].use[3]!./node_modules/next/dist/compiled/sass-loader/cjs.js??ruleSet[1].rules[3].oneOf[10].use[4]!./styles/sass/style.scss
Warning

(11478:3) autoprefixer: end value has mixed support, consider using flex-end instead

./node_modules/next/dist/build/webpack/loaders/css-loader/src/index.js??ruleSet[1].rules[3].oneOf[10].use[1]!./node_modules/next/dist/build/webpack/loaders/postcss-loader/src/index.js??ruleSet[1].rules[3].oneOf[10].use[2]!./node_modules/next/dist/build/webpack/loaders/resolve-url-loader/index.js??ruleSet[1].rules[3].oneOf[10].use[3]!./node_modules/next/dist/compiled/sass-loader/cjs.js??ruleSet[1].rules[3].oneOf[10].use[4]!./styles/sass/style.scss
Warning

(13301:3) autoprefixer: end value has mixed support, consider using flex-end instead
wait  - compiling /...
warn  - ./node_modules/next/dist/build/webpack/loaders/css-loader/src/index.js??ruleSet[1].rules[3].oneOf[10].use[1]!./node_modules/next/dist/build/webpack/loaders/postcss-loader/src/index.js??ruleSet[1].rules[3].oneOf[10].use[2]!./node_modules/next/dist/build/webpack/loaders/resolve-url-loader/index.js??ruleSet[1].rules[3].oneOf[10].use[3]!./node_modules/next/dist/compiled/sass-loader/cjs.js??ruleSet[1].rules[3].oneOf[10].use[4]!./styles/sass/style.scss
Warning

(594:3) autoprefixer: Gradient has outdated direction syntax. New syntax is like `to left` instead of `right`.

./node_modules/next/dist/build/webpack/loaders/css-loader/src/index.js??ruleSet[1].rules[3].oneOf[10].use[1]!./node_modules/next/dist/build/webpack/loaders/postcss-loader/src/index.js??ruleSet[1].rules[3].oneOf[10].use[2]!./node_modules/next/dist/build/webpack/loaders/resolve-url-loader/index.js??ruleSet[1].rules[3].oneOf[10].use[3]!./node_modules/next/dist/compiled/sass-loader/cjs.js??ruleSet[1].rules[3].oneOf[10].use[4]!./styles/sass/style.scss
Warning

(1750:3) autoprefixer: end value has mixed support, consider using flex-end instead

./node_modules/next/dist/build/webpack/loaders/css-loader/src/index.js??ruleSet[1].rules[3].oneOf[10].use[1]!./node_modules/next/dist/build/webpack/loaders/postcss-loader/src/index.js??ruleSet[1].rules[3].oneOf[10].use[2]!./node_modules/next/dist/build/webpack/loaders/resolve-url-loader/index.js??ruleSet[1].rules[3].oneOf[10].use[3]!./node_modules/next/dist/compiled/sass-loader/cjs.js??ruleSet[1].rules[3].oneOf[10].use[4]!./styles/sass/style.scss
Warning

(1950:3) autoprefixer: end value has mixed support, consider using flex-end instead

./node_modules/next/dist/build/webpack/loaders/css-loader/src/index.js??ruleSet[1].rules[3].oneOf[10].use[1]!./node_modules/next/dist/build/webpack/loaders/postcss-loader/src/index.js??ruleSet[1].rules[3].oneOf[10].use[2]!./node_modules/next/dist/build/webpack/loaders/resolve-url-loader/index.js??ruleSet[1].rules[3].oneOf[10].use[3]!./node_modules/next/dist/compiled/sass-loader/cjs.js??ruleSet[1].rules[3].oneOf[10].use[4]!./styles/sass/style.scss
Warning

(3957:3) autoprefixer: Gradient has outdated direction syntax. New syntax is like `to left` instead of `right`.

./node_modules/next/dist/build/webpack/loaders/css-loader/src/index.js??ruleSet[1].rules[3].oneOf[10].use[1]!./node_modules/next/dist/build/webpack/loaders/postcss-loader/src/index.js??ruleSet[1].rules[3].oneOf[10].use[2]!./node_modules/next/dist/build/webpack/loaders/resolve-url-loader/index.js??ruleSet[1].rules[3].oneOf[10].use[3]!./node_modules/next/dist/compiled/sass-loader/cjs.js??ruleSet[1].rules[3].oneOf[10].use[4]!./styles/sass/style.scss
Warning

(11478:3) autoprefixer: end value has mixed support, consider using flex-end instead

./node_modules/next/dist/build/webpack/loaders/css-loader/src/index.js??ruleSet[1].rules[3].oneOf[10].use[1]!./node_modules/next/dist/build/webpack/loaders/postcss-loader/src/index.js??ruleSet[1].rules[3].oneOf[10].use[2]!./node_modules/next/dist/build/webpack/loaders/resolve-url-loader/index.js??ruleSet[1].rules[3].oneOf[10].use[3]!./node_modules/next/dist/compiled/sass-loader/cjs.js??ruleSet[1].rules[3].oneOf[10].use[4]!./styles/sass/style.scss
Warning

(13301:3) autoprefixer: end value has mixed support, consider using flex-end instead
warn  - ./node_modules/next/dist/build/webpack/loaders/css-loader/src/index.js??ruleSet[1].rules[3].oneOf[10].use[1]!./node_modules/next/dist/build/webpack/loaders/postcss-loader/src/index.js??ruleSet[1].rules[3].oneOf[10].use[2]!./node_modules/next/dist/build/webpack/loaders/resolve-url-loader/index.js??ruleSet[1].rules[3].oneOf[10].use[3]!./node_modules/next/dist/compiled/sass-loader/cjs.js??ruleSet[1].rules[3].oneOf[10].use[4]!./styles/sass/style.scss
Warning

(594:3) autoprefixer: Gradient has outdated direction syntax. New syntax is like `to left` instead of `right`.

./node_modules/next/dist/build/webpack/loaders/css-loader/src/index.js??ruleSet[1].rules[3].oneOf[10].use[1]!./node_modules/next/dist/build/webpack/loaders/postcss-loader/src/index.js??ruleSet[1].rules[3].oneOf[10].use[2]!./node_modules/next/dist/build/webpack/loaders/resolve-url-loader/index.js??ruleSet[1].rules[3].oneOf[10].use[3]!./node_modules/next/dist/compiled/sass-loader/cjs.js??ruleSet[1].rules[3].oneOf[10].use[4]!./styles/sass/style.scss
Warning

(1750:3) autoprefixer: end value has mixed support, consider using flex-end instead

./node_modules/next/dist/build/webpack/loaders/css-loader/src/index.js??ruleSet[1].rules[3].oneOf[10].use[1]!./node_modules/next/dist/build/webpack/loaders/postcss-loader/src/index.js??ruleSet[1].rules[3].oneOf[10].use[2]!./node_modules/next/dist/build/webpack/loaders/resolve-url-loader/index.js??ruleSet[1].rules[3].oneOf[10].use[3]!./node_modules/next/dist/compiled/sass-loader/cjs.js??ruleSet[1].rules[3].oneOf[10].use[4]!./styles/sass/style.scss
Warning

(1950:3) autoprefixer: end value has mixed support, consider using flex-end instead

./node_modules/next/dist/build/webpack/loaders/css-loader/src/index.js??ruleSet[1].rules[3].oneOf[10].use[1]!./node_modules/next/dist/build/webpack/loaders/postcss-loader/src/index.js??ruleSet[1].rules[3].oneOf[10].use[2]!./node_modules/next/dist/build/webpack/loaders/resolve-url-loader/index.js??ruleSet[1].rules[3].oneOf[10].use[3]!./node_modules/next/dist/compiled/sass-loader/cjs.js??ruleSet[1].rules[3].oneOf[10].use[4]!./styles/sass/style.scss
Warning

(3957:3) autoprefixer: Gradient has outdated direction syntax. New syntax is like `to left` instead of `right`.

./node_modules/next/dist/build/webpack/loaders/css-loader/src/index.js??ruleSet[1].rules[3].oneOf[10].use[1]!./node_modules/next/dist/build/webpack/loaders/postcss-loader/src/index.js??ruleSet[1].rules[3].oneOf[10].use[2]!./node_modules/next/dist/build/webpack/loaders/resolve-url-loader/index.js??ruleSet[1].rules[3].oneOf[10].use[3]!./node_modules/next/dist/compiled/sass-loader/cjs.js??ruleSet[1].rules[3].oneOf[10].use[4]!./styles/sass/style.scss
Warning

(11478:3) autoprefixer: end value has mixed support, consider using flex-end instead

./node_modules/next/dist/build/webpack/loaders/css-loader/src/index.js??ruleSet[1].rules[3].oneOf[10].use[1]!./node_modules/next/dist/build/webpack/loaders/postcss-loader/src/index.js??ruleSet[1].rules[3].oneOf[10].use[2]!./node_modules/next/dist/build/webpack/loaders/resolve-url-loader/index.js??ruleSet[1].rules[3].oneOf[10].use[3]!./node_modules/next/dist/compiled/sass-loader/cjs.js??ruleSet[1].rules[3].oneOf[10].use[4]!./styles/sass/style.scss
Warning

(13301:3) autoprefixer: end value has mixed support, consider using flex-end instead
wait  - compiling /service/[slug]...
warn  - ./node_modules/next/dist/build/webpack/loaders/css-loader/src/index.js??ruleSet[1].rules[3].oneOf[10].use[1]!./node_modules/next/dist/build/webpack/loaders/postcss-loader/src/index.js??ruleSet[1].rules[3].oneOf[10].use[2]!./node_modules/next/dist/build/webpack/loaders/resolve-url-loader/index.js??ruleSet[1].rules[3].oneOf[10].use[3]!./node_modules/next/dist/compiled/sass-loader/cjs.js??ruleSet[1].rules[3].oneOf[10].use[4]!./styles/sass/style.scss
Warning

(594:3) autoprefixer: Gradient has outdated direction syntax. New syntax is like `to left` instead of `right`.

./node_modules/next/dist/build/webpack/loaders/css-loader/src/index.js??ruleSet[1].rules[3].oneOf[10].use[1]!./node_modules/next/dist/build/webpack/loaders/postcss-loader/src/index.js??ruleSet[1].rules[3].oneOf[10].use[2]!./node_modules/next/dist/build/webpack/loaders/resolve-url-loader/index.js??ruleSet[1].rules[3].oneOf[10].use[3]!./node_modules/next/dist/compiled/sass-loader/cjs.js??ruleSet[1].rules[3].oneOf[10].use[4]!./styles/sass/style.scss
Warning

(1750:3) autoprefixer: end value has mixed support, consider using flex-end instead

./node_modules/next/dist/build/webpack/loaders/css-loader/src/index.js??ruleSet[1].rules[3].oneOf[10].use[1]!./node_modules/next/dist/build/webpack/loaders/postcss-loader/src/index.js??ruleSet[1].rules[3].oneOf[10].use[2]!./node_modules/next/dist/build/webpack/loaders/resolve-url-loader/index.js??ruleSet[1].rules[3].oneOf[10].use[3]!./node_modules/next/dist/compiled/sass-loader/cjs.js??ruleSet[1].rules[3].oneOf[10].use[4]!./styles/sass/style.scss
Warning

(1950:3) autoprefixer: end value has mixed support, consider using flex-end instead

./node_modules/next/dist/build/webpack/loaders/css-loader/src/index.js??ruleSet[1].rules[3].oneOf[10].use[1]!./node_modules/next/dist/build/webpack/loaders/postcss-loader/src/index.js??ruleSet[1].rules[3].oneOf[10].use[2]!./node_modules/next/dist/build/webpack/loaders/resolve-url-loader/index.js??ruleSet[1].rules[3].oneOf[10].use[3]!./node_modules/next/dist/compiled/sass-loader/cjs.js??ruleSet[1].rules[3].oneOf[10].use[4]!./styles/sass/style.scss
Warning

(3957:3) autoprefixer: Gradient has outdated direction syntax. New syntax is like `to left` instead of `right`.

./node_modules/next/dist/build/webpack/loaders/css-loader/src/index.js??ruleSet[1].rules[3].oneOf[10].use[1]!./node_modules/next/dist/build/webpack/loaders/postcss-loader/src/index.js??ruleSet[1].rules[3].oneOf[10].use[2]!./node_modules/next/dist/build/webpack/loaders/resolve-url-loader/index.js??ruleSet[1].rules[3].oneOf[10].use[3]!./node_modules/next/dist/compiled/sass-loader/cjs.js??ruleSet[1].rules[3].oneOf[10].use[4]!./styles/sass/style.scss
Warning

(11478:3) autoprefixer: end value has mixed support, consider using flex-end instead

./node_modules/next/dist/build/webpack/loaders/css-loader/src/index.js??ruleSet[1].rules[3].oneOf[10].use[1]!./node_modules/next/dist/build/webpack/loaders/postcss-loader/src/index.js??ruleSet[1].rules[3].oneOf[10].use[2]!./node_modules/next/dist/build/webpack/loaders/resolve-url-loader/index.js??ruleSet[1].rules[3].oneOf[10].use[3]!./node_modules/next/dist/compiled/sass-loader/cjs.js??ruleSet[1].rules[3].oneOf[10].use[4]!./styles/sass/style.scss
Warning

(13301:3) autoprefixer: end value has mixed support, consider using flex-end instead
wait  - compiling...
warn  - ./node_modules/next/dist/build/webpack/loaders/css-loader/src/index.js??ruleSet[1].rules[3].oneOf[10].use[1]!./node_modules/next/dist/build/webpack/loaders/postcss-loader/src/index.js??ruleSet[1].rules[3].oneOf[10].use[2]!./node_modules/next/dist/build/webpack/loaders/resolve-url-loader/index.js??ruleSet[1].rules[3].oneOf[10].use[3]!./node_modules/next/dist/compiled/sass-loader/cjs.js??ruleSet[1].rules[3].oneOf[10].use[4]!./styles/sass/style.scss
Warning

(594:3) autoprefixer: Gradient has outdated direction syntax. New syntax is like `to left` instead of `right`.

./node_modules/next/dist/build/webpack/loaders/css-loader/src/index.js??ruleSet[1].rules[3].oneOf[10].use[1]!./node_modules/next/dist/build/webpack/loaders/postcss-loader/src/index.js??ruleSet[1].rules[3].oneOf[10].use[2]!./node_modules/next/dist/build/webpack/loaders/resolve-url-loader/index.js??ruleSet[1].rules[3].oneOf[10].use[3]!./node_modules/next/dist/compiled/sass-loader/cjs.js??ruleSet[1].rules[3].oneOf[10].use[4]!./styles/sass/style.scss
Warning

(1750:3) autoprefixer: end value has mixed support, consider using flex-end instead

./node_modules/next/dist/build/webpack/loaders/css-loader/src/index.js??ruleSet[1].rules[3].oneOf[10].use[1]!./node_modules/next/dist/build/webpack/loaders/postcss-loader/src/index.js??ruleSet[1].rules[3].oneOf[10].use[2]!./node_modules/next/dist/build/webpack/loaders/resolve-url-loader/index.js??ruleSet[1].rules[3].oneOf[10].use[3]!./node_modules/next/dist/compiled/sass-loader/cjs.js??ruleSet[1].rules[3].oneOf[10].use[4]!./styles/sass/style.scss
Warning

(1950:3) autoprefixer: end value has mixed support, consider using flex-end instead

./node_modules/next/dist/build/webpack/loaders/css-loader/src/index.js??ruleSet[1].rules[3].oneOf[10].use[1]!./node_modules/next/dist/build/webpack/loaders/postcss-loader/src/index.js??ruleSet[1].rules[3].oneOf[10].use[2]!./node_modules/next/dist/build/webpack/loaders/resolve-url-loader/index.js??ruleSet[1].rules[3].oneOf[10].use[3]!./node_modules/next/dist/compiled/sass-loader/cjs.js??ruleSet[1].rules[3].oneOf[10].use[4]!./styles/sass/style.scss
Warning

(3957:3) autoprefixer: Gradient has outdated direction syntax. New syntax is like `to left` instead of `right`.

./node_modules/next/dist/build/webpack/loaders/css-loader/src/index.js??ruleSet[1].rules[3].oneOf[10].use[1]!./node_modules/next/dist/build/webpack/loaders/postcss-loader/src/index.js??ruleSet[1].rules[3].oneOf[10].use[2]!./node_modules/next/dist/build/webpack/loaders/resolve-url-loader/index.js??ruleSet[1].rules[3].oneOf[10].use[3]!./node_modules/next/dist/compiled/sass-loader/cjs.js??ruleSet[1].rules[3].oneOf[10].use[4]!./styles/sass/style.scss
Warning

(11478:3) autoprefixer: end value has mixed support, consider using flex-end instead

./node_modules/next/dist/build/webpack/loaders/css-loader/src/index.js??ruleSet[1].rules[3].oneOf[10].use[1]!./node_modules/next/dist/build/webpack/loaders/postcss-loader/src/index.js??ruleSet[1].rules[3].oneOf[10].use[2]!./node_modules/next/dist/build/webpack/loaders/resolve-url-loader/index.js??ruleSet[1].rules[3].oneOf[10].use[3]!./node_modules/next/dist/compiled/sass-loader/cjs.js??ruleSet[1].rules[3].oneOf[10].use[4]!./styles/sass/style.scss
Warning

(13301:3) autoprefixer: end value has mixed support, consider using flex-end instead
wait  - compiling...
warn  - ./node_modules/next/dist/build/webpack/loaders/css-loader/src/index.js??ruleSet[1].rules[3].oneOf[10].use[1]!./node_modules/next/dist/build/webpack/loaders/postcss-loader/src/index.js??ruleSet[1].rules[3].oneOf[10].use[2]!./node_modules/next/dist/build/webpack/loaders/resolve-url-loader/index.js??ruleSet[1].rules[3].oneOf[10].use[3]!./node_modules/next/dist/compiled/sass-loader/cjs.js??ruleSet[1].rules[3].oneOf[10].use[4]!./styles/sass/style.scss
Warning

(594:3) autoprefixer: Gradient has outdated direction syntax. New syntax is like `to left` instead of `right`.

./node_modules/next/dist/build/webpack/loaders/css-loader/src/index.js??ruleSet[1].rules[3].oneOf[10].use[1]!./node_modules/next/dist/build/webpack/loaders/postcss-loader/src/index.js??ruleSet[1].rules[3].oneOf[10].use[2]!./node_modules/next/dist/build/webpack/loaders/resolve-url-loader/index.js??ruleSet[1].rules[3].oneOf[10].use[3]!./node_modules/next/dist/compiled/sass-loader/cjs.js??ruleSet[1].rules[3].oneOf[10].use[4]!./styles/sass/style.scss
Warning

(1750:3) autoprefixer: end value has mixed support, consider using flex-end instead

./node_modules/next/dist/build/webpack/loaders/css-loader/src/index.js??ruleSet[1].rules[3].oneOf[10].use[1]!./node_modules/next/dist/build/webpack/loaders/postcss-loader/src/index.js??ruleSet[1].rules[3].oneOf[10].use[2]!./node_modules/next/dist/build/webpack/loaders/resolve-url-loader/index.js??ruleSet[1].rules[3].oneOf[10].use[3]!./node_modules/next/dist/compiled/sass-loader/cjs.js??ruleSet[1].rules[3].oneOf[10].use[4]!./styles/sass/style.scss
Warning

(1950:3) autoprefixer: end value has mixed support, consider using flex-end instead

./node_modules/next/dist/build/webpack/loaders/css-loader/src/index.js??ruleSet[1].rules[3].oneOf[10].use[1]!./node_modules/next/dist/build/webpack/loaders/postcss-loader/src/index.js??ruleSet[1].rules[3].oneOf[10].use[2]!./node_modules/next/dist/build/webpack/loaders/resolve-url-loader/index.js??ruleSet[1].rules[3].oneOf[10].use[3]!./node_modules/next/dist/compiled/sass-loader/cjs.js??ruleSet[1].rules[3].oneOf[10].use[4]!./styles/sass/style.scss
Warning

(3957:3) autoprefixer: Gradient has outdated direction syntax. New syntax is like `to left` instead of `right`.

./node_modules/next/dist/build/webpack/loaders/css-loader/src/index.js??ruleSet[1].rules[3].oneOf[10].use[1]!./node_modules/next/dist/build/webpack/loaders/postcss-loader/src/index.js??ruleSet[1].rules[3].oneOf[10].use[2]!./node_modules/next/dist/build/webpack/loaders/resolve-url-loader/index.js??ruleSet[1].rules[3].oneOf[10].use[3]!./node_modules/next/dist/compiled/sass-loader/cjs.js??ruleSet[1].rules[3].oneOf[10].use[4]!./styles/sass/style.scss
Warning

(11478:3) autoprefixer: end value has mixed support, consider using flex-end instead

./node_modules/next/dist/build/webpack/loaders/css-loader/src/index.js??ruleSet[1].rules[3].oneOf[10].use[1]!./node_modules/next/dist/build/webpack/loaders/postcss-loader/src/index.js??ruleSet[1].rules[3].oneOf[10].use[2]!./node_modules/next/dist/build/webpack/loaders/resolve-url-loader/index.js??ruleSet[1].rules[3].oneOf[10].use[3]!./node_modules/next/dist/compiled/sass-loader/cjs.js??ruleSet[1].rules[3].oneOf[10].use[4]!./styles/sass/style.scss
Warning

(13301:3) autoprefixer: end value has mixed support, consider using flex-end instead
warn  - ./node_modules/next/dist/build/webpack/loaders/css-loader/src/index.js??ruleSet[1].rules[3].oneOf[10].use[1]!./node_modules/next/dist/build/webpack/loaders/postcss-loader/src/index.js??ruleSet[1].rules[3].oneOf[10].use[2]!./node_modules/next/dist/build/webpack/loaders/resolve-url-loader/index.js??ruleSet[1].rules[3].oneOf[10].use[3]!./node_modules/next/dist/compiled/sass-loader/cjs.js??ruleSet[1].rules[3].oneOf[10].use[4]!./styles/sass/style.scss
Warning

(594:3) autoprefixer: Gradient has outdated direction syntax. New syntax is like `to left` instead of `right`.

./node_modules/next/dist/build/webpack/loaders/css-loader/src/index.js??ruleSet[1].rules[3].oneOf[10].use[1]!./node_modules/next/dist/build/webpack/loaders/postcss-loader/src/index.js??ruleSet[1].rules[3].oneOf[10].use[2]!./node_modules/next/dist/build/webpack/loaders/resolve-url-loader/index.js??ruleSet[1].rules[3].oneOf[10].use[3]!./node_modules/next/dist/compiled/sass-loader/cjs.js??ruleSet[1].rules[3].oneOf[10].use[4]!./styles/sass/style.scss
Warning

(1750:3) autoprefixer: end value has mixed support, consider using flex-end instead

./node_modules/next/dist/build/webpack/loaders/css-loader/src/index.js??ruleSet[1].rules[3].oneOf[10].use[1]!./node_modules/next/dist/build/webpack/loaders/postcss-loader/src/index.js??ruleSet[1].rules[3].oneOf[10].use[2]!./node_modules/next/dist/build/webpack/loaders/resolve-url-loader/index.js??ruleSet[1].rules[3].oneOf[10].use[3]!./node_modules/next/dist/compiled/sass-loader/cjs.js??ruleSet[1].rules[3].oneOf[10].use[4]!./styles/sass/style.scss
Warning

(1950:3) autoprefixer: end value has mixed support, consider using flex-end instead

./node_modules/next/dist/build/webpack/loaders/css-loader/src/index.js??ruleSet[1].rules[3].oneOf[10].use[1]!./node_modules/next/dist/build/webpack/loaders/postcss-loader/src/index.js??ruleSet[1].rules[3].oneOf[10].use[2]!./node_modules/next/dist/build/webpack/loaders/resolve-url-loader/index.js??ruleSet[1].rules[3].oneOf[10].use[3]!./node_modules/next/dist/compiled/sass-loader/cjs.js??ruleSet[1].rules[3].oneOf[10].use[4]!./styles/sass/style.scss
Warning

(3957:3) autoprefixer: Gradient has outdated direction syntax. New syntax is like `to left` instead of `right`.

./node_modules/next/dist/build/webpack/loaders/css-loader/src/index.js??ruleSet[1].rules[3].oneOf[10].use[1]!./node_modules/next/dist/build/webpack/loaders/postcss-loader/src/index.js??ruleSet[1].rules[3].oneOf[10].use[2]!./node_modules/next/dist/build/webpack/loaders/resolve-url-loader/index.js??ruleSet[1].rules[3].oneOf[10].use[3]!./node_modules/next/dist/compiled/sass-loader/cjs.js??ruleSet[1].rules[3].oneOf[10].use[4]!./styles/sass/style.scss
Warning

(11478:3) autoprefixer: end value has mixed support, consider using flex-end instead

./node_modules/next/dist/build/webpack/loaders/css-loader/src/index.js??ruleSet[1].rules[3].oneOf[10].use[1]!./node_modules/next/dist/build/webpack/loaders/postcss-loader/src/index.js??ruleSet[1].rules[3].oneOf[10].use[2]!./node_modules/next/dist/build/webpack/loaders/resolve-url-loader/index.js??ruleSet[1].rules[3].oneOf[10].use[3]!./node_modules/next/dist/compiled/sass-loader/cjs.js??ruleSet[1].rules[3].oneOf[10].use[4]!./styles/sass/style.scss
Warning

(13301:3) autoprefixer: end value has mixed support, consider using flex-end instead
wait  - compiling /404 (client and server)...
warn  - ./node_modules/next/dist/build/webpack/loaders/css-loader/src/index.js??ruleSet[1].rules[3].oneOf[10].use[1]!./node_modules/next/dist/build/webpack/loaders/postcss-loader/src/index.js??ruleSet[1].rules[3].oneOf[10].use[2]!./node_modules/next/dist/build/webpack/loaders/resolve-url-loader/index.js??ruleSet[1].rules[3].oneOf[10].use[3]!./node_modules/next/dist/compiled/sass-loader/cjs.js??ruleSet[1].rules[3].oneOf[10].use[4]!./styles/sass/style.scss
Warning

(594:3) autoprefixer: Gradient has outdated direction syntax. New syntax is like `to left` instead of `right`.

./node_modules/next/dist/build/webpack/loaders/css-loader/src/index.js??ruleSet[1].rules[3].oneOf[10].use[1]!./node_modules/next/dist/build/webpack/loaders/postcss-loader/src/index.js??ruleSet[1].rules[3].oneOf[10].use[2]!./node_modules/next/dist/build/webpack/loaders/resolve-url-loader/index.js??ruleSet[1].rules[3].oneOf[10].use[3]!./node_modules/next/dist/compiled/sass-loader/cjs.js??ruleSet[1].rules[3].oneOf[10].use[4]!./styles/sass/style.scss
Warning

(1750:3) autoprefixer: end value has mixed support, consider using flex-end instead

./node_modules/next/dist/build/webpack/loaders/css-loader/src/index.js??ruleSet[1].rules[3].oneOf[10].use[1]!./node_modules/next/dist/build/webpack/loaders/postcss-loader/src/index.js??ruleSet[1].rules[3].oneOf[10].use[2]!./node_modules/next/dist/build/webpack/loaders/resolve-url-loader/index.js??ruleSet[1].rules[3].oneOf[10].use[3]!./node_modules/next/dist/compiled/sass-loader/cjs.js??ruleSet[1].rules[3].oneOf[10].use[4]!./styles/sass/style.scss
Warning

(1950:3) autoprefixer: end value has mixed support, consider using flex-end instead

./node_modules/next/dist/build/webpack/loaders/css-loader/src/index.js??ruleSet[1].rules[3].oneOf[10].use[1]!./node_modules/next/dist/build/webpack/loaders/postcss-loader/src/index.js??ruleSet[1].rules[3].oneOf[10].use[2]!./node_modules/next/dist/build/webpack/loaders/resolve-url-loader/index.js??ruleSet[1].rules[3].oneOf[10].use[3]!./node_modules/next/dist/compiled/sass-loader/cjs.js??ruleSet[1].rules[3].oneOf[10].use[4]!./styles/sass/style.scss
Warning

(3957:3) autoprefixer: Gradient has outdated direction syntax. New syntax is like `to left` instead of `right`.

./node_modules/next/dist/build/webpack/loaders/css-loader/src/index.js??ruleSet[1].rules[3].oneOf[10].use[1]!./node_modules/next/dist/build/webpack/loaders/postcss-loader/src/index.js??ruleSet[1].rules[3].oneOf[10].use[2]!./node_modules/next/dist/build/webpack/loaders/resolve-url-loader/index.js??ruleSet[1].rules[3].oneOf[10].use[3]!./node_modules/next/dist/compiled/sass-loader/cjs.js??ruleSet[1].rules[3].oneOf[10].use[4]!./styles/sass/style.scss
Warning

(11478:3) autoprefixer: end value has mixed support, consider using flex-end instead

./node_modules/next/dist/build/webpack/loaders/css-loader/src/index.js??ruleSet[1].rules[3].oneOf[10].use[1]!./node_modules/next/dist/build/webpack/loaders/postcss-loader/src/index.js??ruleSet[1].rules[3].oneOf[10].use[2]!./node_modules/next/dist/build/webpack/loaders/resolve-url-loader/index.js??ruleSet[1].rules[3].oneOf[10].use[3]!./node_modules/next/dist/compiled/sass-loader/cjs.js??ruleSet[1].rules[3].oneOf[10].use[4]!./styles/sass/style.scss
Warning

(13301:3) autoprefixer: end value has mixed support, consider using flex-end instead
warn  - ./node_modules/next/dist/build/webpack/loaders/css-loader/src/index.js??ruleSet[1].rules[3].oneOf[10].use[1]!./node_modules/next/dist/build/webpack/loaders/postcss-loader/src/index.js??ruleSet[1].rules[3].oneOf[10].use[2]!./node_modules/next/dist/build/webpack/loaders/resolve-url-loader/index.js??ruleSet[1].rules[3].oneOf[10].use[3]!./node_modules/next/dist/compiled/sass-loader/cjs.js??ruleSet[1].rules[3].oneOf[10].use[4]!./styles/sass/style.scss
Warning

(594:3) autoprefixer: Gradient has outdated direction syntax. New syntax is like `to left` instead of `right`.

./node_modules/next/dist/build/webpack/loaders/css-loader/src/index.js??ruleSet[1].rules[3].oneOf[10].use[1]!./node_modules/next/dist/build/webpack/loaders/postcss-loader/src/index.js??ruleSet[1].rules[3].oneOf[10].use[2]!./node_modules/next/dist/build/webpack/loaders/resolve-url-loader/index.js??ruleSet[1].rules[3].oneOf[10].use[3]!./node_modules/next/dist/compiled/sass-loader/cjs.js??ruleSet[1].rules[3].oneOf[10].use[4]!./styles/sass/style.scss
Warning

(1750:3) autoprefixer: end value has mixed support, consider using flex-end instead

./node_modules/next/dist/build/webpack/loaders/css-loader/src/index.js??ruleSet[1].rules[3].oneOf[10].use[1]!./node_modules/next/dist/build/webpack/loaders/postcss-loader/src/index.js??ruleSet[1].rules[3].oneOf[10].use[2]!./node_modules/next/dist/build/webpack/loaders/resolve-url-loader/index.js??ruleSet[1].rules[3].oneOf[10].use[3]!./node_modules/next/dist/compiled/sass-loader/cjs.js??ruleSet[1].rules[3].oneOf[10].use[4]!./styles/sass/style.scss
Warning

(1950:3) autoprefixer: end value has mixed support, consider using flex-end instead

./node_modules/next/dist/build/webpack/loaders/css-loader/src/index.js??ruleSet[1].rules[3].oneOf[10].use[1]!./node_modules/next/dist/build/webpack/loaders/postcss-loader/src/index.js??ruleSet[1].rules[3].oneOf[10].use[2]!./node_modules/next/dist/build/webpack/loaders/resolve-url-loader/index.js??ruleSet[1].rules[3].oneOf[10].use[3]!./node_modules/next/dist/compiled/sass-loader/cjs.js??ruleSet[1].rules[3].oneOf[10].use[4]!./styles/sass/style.scss
Warning

(3957:3) autoprefixer: Gradient has outdated direction syntax. New syntax is like `to left` instead of `right`.

./node_modules/next/dist/build/webpack/loaders/css-loader/src/index.js??ruleSet[1].rules[3].oneOf[10].use[1]!./node_modules/next/dist/build/webpack/loaders/postcss-loader/src/index.js??ruleSet[1].rules[3].oneOf[10].use[2]!./node_modules/next/dist/build/webpack/loaders/resolve-url-loader/index.js??ruleSet[1].rules[3].oneOf[10].use[3]!./node_modules/next/dist/compiled/sass-loader/cjs.js??ruleSet[1].rules[3].oneOf[10].use[4]!./styles/sass/style.scss
Warning

(11478:3) autoprefixer: end value has mixed support, consider using flex-end instead

./node_modules/next/dist/build/webpack/loaders/css-loader/src/index.js??ruleSet[1].rules[3].oneOf[10].use[1]!./node_modules/next/dist/build/webpack/loaders/postcss-loader/src/index.js??ruleSet[1].rules[3].oneOf[10].use[2]!./node_modules/next/dist/build/webpack/loaders/resolve-url-loader/index.js??ruleSet[1].rules[3].oneOf[10].use[3]!./node_modules/next/dist/compiled/sass-loader/cjs.js??ruleSet[1].rules[3].oneOf[10].use[4]!./styles/sass/style.scss
Warning

(13301:3) autoprefixer: end value has mixed support, consider using flex-end instead
wait  - compiling /about...
warn  - ./node_modules/next/dist/build/webpack/loaders/css-loader/src/index.js??ruleSet[1].rules[3].oneOf[10].use[1]!./node_modules/next/dist/build/webpack/loaders/postcss-loader/src/index.js??ruleSet[1].rules[3].oneOf[10].use[2]!./node_modules/next/dist/build/webpack/loaders/resolve-url-loader/index.js??ruleSet[1].rules[3].oneOf[10].use[3]!./node_modules/next/dist/compiled/sass-loader/cjs.js??ruleSet[1].rules[3].oneOf[10].use[4]!./styles/sass/style.scss
Warning

(594:3) autoprefixer: Gradient has outdated direction syntax. New syntax is like `to left` instead of `right`.

./node_modules/next/dist/build/webpack/loaders/css-loader/src/index.js??ruleSet[1].rules[3].oneOf[10].use[1]!./node_modules/next/dist/build/webpack/loaders/postcss-loader/src/index.js??ruleSet[1].rules[3].oneOf[10].use[2]!./node_modules/next/dist/build/webpack/loaders/resolve-url-loader/index.js??ruleSet[1].rules[3].oneOf[10].use[3]!./node_modules/next/dist/compiled/sass-loader/cjs.js??ruleSet[1].rules[3].oneOf[10].use[4]!./styles/sass/style.scss
Warning

(1750:3) autoprefixer: end value has mixed support, consider using flex-end instead

./node_modules/next/dist/build/webpack/loaders/css-loader/src/index.js??ruleSet[1].rules[3].oneOf[10].use[1]!./node_modules/next/dist/build/webpack/loaders/postcss-loader/src/index.js??ruleSet[1].rules[3].oneOf[10].use[2]!./node_modules/next/dist/build/webpack/loaders/resolve-url-loader/index.js??ruleSet[1].rules[3].oneOf[10].use[3]!./node_modules/next/dist/compiled/sass-loader/cjs.js??ruleSet[1].rules[3].oneOf[10].use[4]!./styles/sass/style.scss
Warning

(1950:3) autoprefixer: end value has mixed support, consider using flex-end instead

./node_modules/next/dist/build/webpack/loaders/css-loader/src/index.js??ruleSet[1].rules[3].oneOf[10].use[1]!./node_modules/next/dist/build/webpack/loaders/postcss-loader/src/index.js??ruleSet[1].rules[3].oneOf[10].use[2]!./node_modules/next/dist/build/webpack/loaders/resolve-url-loader/index.js??ruleSet[1].rules[3].oneOf[10].use[3]!./node_modules/next/dist/compiled/sass-loader/cjs.js??ruleSet[1].rules[3].oneOf[10].use[4]!./styles/sass/style.scss
Warning

(3957:3) autoprefixer: Gradient has outdated direction syntax. New syntax is like `to left` instead of `right`.

./node_modules/next/dist/build/webpack/loaders/css-loader/src/index.js??ruleSet[1].rules[3].oneOf[10].use[1]!./node_modules/next/dist/build/webpack/loaders/postcss-loader/src/index.js??ruleSet[1].rules[3].oneOf[10].use[2]!./node_modules/next/dist/build/webpack/loaders/resolve-url-loader/index.js??ruleSet[1].rules[3].oneOf[10].use[3]!./node_modules/next/dist/compiled/sass-loader/cjs.js??ruleSet[1].rules[3].oneOf[10].use[4]!./styles/sass/style.scss
Warning

(11478:3) autoprefixer: end value has mixed support, consider using flex-end instead

./node_modules/next/dist/build/webpack/loaders/css-loader/src/index.js??ruleSet[1].rules[3].oneOf[10].use[1]!./node_modules/next/dist/build/webpack/loaders/postcss-loader/src/index.js??ruleSet[1].rules[3].oneOf[10].use[2]!./node_modules/next/dist/build/webpack/loaders/resolve-url-loader/index.js??ruleSet[1].rules[3].oneOf[10].use[3]!./node_modules/next/dist/compiled/sass-loader/cjs.js??ruleSet[1].rules[3].oneOf[10].use[4]!./styles/sass/style.scss
Warning

(13301:3) autoprefixer: end value has mixed support, consider using flex-end instead
warn  - ./node_modules/next/dist/build/webpack/loaders/css-loader/src/index.js??ruleSet[1].rules[3].oneOf[10].use[1]!./node_modules/next/dist/build/webpack/loaders/postcss-loader/src/index.js??ruleSet[1].rules[3].oneOf[10].use[2]!./node_modules/next/dist/build/webpack/loaders/resolve-url-loader/index.js??ruleSet[1].rules[3].oneOf[10].use[3]!./node_modules/next/dist/compiled/sass-loader/cjs.js??ruleSet[1].rules[3].oneOf[10].use[4]!./styles/sass/style.scss
Warning

(594:3) autoprefixer: Gradient has outdated direction syntax. New syntax is like `to left` instead of `right`.

./node_modules/next/dist/build/webpack/loaders/css-loader/src/index.js??ruleSet[1].rules[3].oneOf[10].use[1]!./node_modules/next/dist/build/webpack/loaders/postcss-loader/src/index.js??ruleSet[1].rules[3].oneOf[10].use[2]!./node_modules/next/dist/build/webpack/loaders/resolve-url-loader/index.js??ruleSet[1].rules[3].oneOf[10].use[3]!./node_modules/next/dist/compiled/sass-loader/cjs.js??ruleSet[1].rules[3].oneOf[10].use[4]!./styles/sass/style.scss
Warning

(1750:3) autoprefixer: end value has mixed support, consider using flex-end instead

./node_modules/next/dist/build/webpack/loaders/css-loader/src/index.js??ruleSet[1].rules[3].oneOf[10].use[1]!./node_modules/next/dist/build/webpack/loaders/postcss-loader/src/index.js??ruleSet[1].rules[3].oneOf[10].use[2]!./node_modules/next/dist/build/webpack/loaders/resolve-url-loader/index.js??ruleSet[1].rules[3].oneOf[10].use[3]!./node_modules/next/dist/compiled/sass-loader/cjs.js??ruleSet[1].rules[3].oneOf[10].use[4]!./styles/sass/style.scss
Warning

(1950:3) autoprefixer: end value has mixed support, consider using flex-end instead

./node_modules/next/dist/build/webpack/loaders/css-loader/src/index.js??ruleSet[1].rules[3].oneOf[10].use[1]!./node_modules/next/dist/build/webpack/loaders/postcss-loader/src/index.js??ruleSet[1].rules[3].oneOf[10].use[2]!./node_modules/next/dist/build/webpack/loaders/resolve-url-loader/index.js??ruleSet[1].rules[3].oneOf[10].use[3]!./node_modules/next/dist/compiled/sass-loader/cjs.js??ruleSet[1].rules[3].oneOf[10].use[4]!./styles/sass/style.scss
Warning

(3957:3) autoprefixer: Gradient has outdated direction syntax. New syntax is like `to left` instead of `right`.

./node_modules/next/dist/build/webpack/loaders/css-loader/src/index.js??ruleSet[1].rules[3].oneOf[10].use[1]!./node_modules/next/dist/build/webpack/loaders/postcss-loader/src/index.js??ruleSet[1].rules[3].oneOf[10].use[2]!./node_modules/next/dist/build/webpack/loaders/resolve-url-loader/index.js??ruleSet[1].rules[3].oneOf[10].use[3]!./node_modules/next/dist/compiled/sass-loader/cjs.js??ruleSet[1].rules[3].oneOf[10].use[4]!./styles/sass/style.scss
Warning

(11478:3) autoprefixer: end value has mixed support, consider using flex-end instead

./node_modules/next/dist/build/webpack/loaders/css-loader/src/index.js??ruleSet[1].rules[3].oneOf[10].use[1]!./node_modules/next/dist/build/webpack/loaders/postcss-loader/src/index.js??ruleSet[1].rules[3].oneOf[10].use[2]!./node_modules/next/dist/build/webpack/loaders/resolve-url-loader/index.js??ruleSet[1].rules[3].oneOf[10].use[3]!./node_modules/next/dist/compiled/sass-loader/cjs.js??ruleSet[1].rules[3].oneOf[10].use[4]!./styles/sass/style.scss
Warning

(13301:3) autoprefixer: end value has mixed support, consider using flex-end instead
wait  - compiling /404 (client and server)...
warn  - ./node_modules/next/dist/build/webpack/loaders/css-loader/src/index.js??ruleSet[1].rules[3].oneOf[10].use[1]!./node_modules/next/dist/build/webpack/loaders/postcss-loader/src/index.js??ruleSet[1].rules[3].oneOf[10].use[2]!./node_modules/next/dist/build/webpack/loaders/resolve-url-loader/index.js??ruleSet[1].rules[3].oneOf[10].use[3]!./node_modules/next/dist/compiled/sass-loader/cjs.js??ruleSet[1].rules[3].oneOf[10].use[4]!./styles/sass/style.scss
Warning

(594:3) autoprefixer: Gradient has outdated direction syntax. New syntax is like `to left` instead of `right`.

./node_modules/next/dist/build/webpack/loaders/css-loader/src/index.js??ruleSet[1].rules[3].oneOf[10].use[1]!./node_modules/next/dist/build/webpack/loaders/postcss-loader/src/index.js??ruleSet[1].rules[3].oneOf[10].use[2]!./node_modules/next/dist/build/webpack/loaders/resolve-url-loader/index.js??ruleSet[1].rules[3].oneOf[10].use[3]!./node_modules/next/dist/compiled/sass-loader/cjs.js??ruleSet[1].rules[3].oneOf[10].use[4]!./styles/sass/style.scss
Warning

(1750:3) autoprefixer: end value has mixed support, consider using flex-end instead

./node_modules/next/dist/build/webpack/loaders/css-loader/src/index.js??ruleSet[1].rules[3].oneOf[10].use[1]!./node_modules/next/dist/build/webpack/loaders/postcss-loader/src/index.js??ruleSet[1].rules[3].oneOf[10].use[2]!./node_modules/next/dist/build/webpack/loaders/resolve-url-loader/index.js??ruleSet[1].rules[3].oneOf[10].use[3]!./node_modules/next/dist/compiled/sass-loader/cjs.js??ruleSet[1].rules[3].oneOf[10].use[4]!./styles/sass/style.scss
Warning

(1950:3) autoprefixer: end value has mixed support, consider using flex-end instead

./node_modules/next/dist/build/webpack/loaders/css-loader/src/index.js??ruleSet[1].rules[3].oneOf[10].use[1]!./node_modules/next/dist/build/webpack/loaders/postcss-loader/src/index.js??ruleSet[1].rules[3].oneOf[10].use[2]!./node_modules/next/dist/build/webpack/loaders/resolve-url-loader/index.js??ruleSet[1].rules[3].oneOf[10].use[3]!./node_modules/next/dist/compiled/sass-loader/cjs.js??ruleSet[1].rules[3].oneOf[10].use[4]!./styles/sass/style.scss
Warning

(3957:3) autoprefixer: Gradient has outdated direction syntax. New syntax is like `to left` instead of `right`.

./node_modules/next/dist/build/webpack/loaders/css-loader/src/index.js??ruleSet[1].rules[3].oneOf[10].use[1]!./node_modules/next/dist/build/webpack/loaders/postcss-loader/src/index.js??ruleSet[1].rules[3].oneOf[10].use[2]!./node_modules/next/dist/build/webpack/loaders/resolve-url-loader/index.js??ruleSet[1].rules[3].oneOf[10].use[3]!./node_modules/next/dist/compiled/sass-loader/cjs.js??ruleSet[1].rules[3].oneOf[10].use[4]!./styles/sass/style.scss
Warning

(11478:3) autoprefixer: end value has mixed support, consider using flex-end instead

./node_modules/next/dist/build/webpack/loaders/css-loader/src/index.js??ruleSet[1].rules[3].oneOf[10].use[1]!./node_modules/next/dist/build/webpack/loaders/postcss-loader/src/index.js??ruleSet[1].rules[3].oneOf[10].use[2]!./node_modules/next/dist/build/webpack/loaders/resolve-url-loader/index.js??ruleSet[1].rules[3].oneOf[10].use[3]!./node_modules/next/dist/compiled/sass-loader/cjs.js??ruleSet[1].rules[3].oneOf[10].use[4]!./styles/sass/style.scss
Warning

(13301:3) autoprefixer: end value has mixed support, consider using flex-end instead
warn  - ./node_modules/next/dist/build/webpack/loaders/css-loader/src/index.js??ruleSet[1].rules[3].oneOf[10].use[1]!./node_modules/next/dist/build/webpack/loaders/postcss-loader/src/index.js??ruleSet[1].rules[3].oneOf[10].use[2]!./node_modules/next/dist/build/webpack/loaders/resolve-url-loader/index.js??ruleSet[1].rules[3].oneOf[10].use[3]!./node_modules/next/dist/compiled/sass-loader/cjs.js??ruleSet[1].rules[3].oneOf[10].use[4]!./styles/sass/style.scss
Warning

(594:3) autoprefixer: Gradient has outdated direction syntax. New syntax is like `to left` instead of `right`.

./node_modules/next/dist/build/webpack/loaders/css-loader/src/index.js??ruleSet[1].rules[3].oneOf[10].use[1]!./node_modules/next/dist/build/webpack/loaders/postcss-loader/src/index.js??ruleSet[1].rules[3].oneOf[10].use[2]!./node_modules/next/dist/build/webpack/loaders/resolve-url-loader/index.js??ruleSet[1].rules[3].oneOf[10].use[3]!./node_modules/next/dist/compiled/sass-loader/cjs.js??ruleSet[1].rules[3].oneOf[10].use[4]!./styles/sass/style.scss
Warning

(1750:3) autoprefixer: end value has mixed support, consider using flex-end instead

./node_modules/next/dist/build/webpack/loaders/css-loader/src/index.js??ruleSet[1].rules[3].oneOf[10].use[1]!./node_modules/next/dist/build/webpack/loaders/postcss-loader/src/index.js??ruleSet[1].rules[3].oneOf[10].use[2]!./node_modules/next/dist/build/webpack/loaders/resolve-url-loader/index.js??ruleSet[1].rules[3].oneOf[10].use[3]!./node_modules/next/dist/compiled/sass-loader/cjs.js??ruleSet[1].rules[3].oneOf[10].use[4]!./styles/sass/style.scss
Warning

(1950:3) autoprefixer: end value has mixed support, consider using flex-end instead

./node_modules/next/dist/build/webpack/loaders/css-loader/src/index.js??ruleSet[1].rules[3].oneOf[10].use[1]!./node_modules/next/dist/build/webpack/loaders/postcss-loader/src/index.js??ruleSet[1].rules[3].oneOf[10].use[2]!./node_modules/next/dist/build/webpack/loaders/resolve-url-loader/index.js??ruleSet[1].rules[3].oneOf[10].use[3]!./node_modules/next/dist/compiled/sass-loader/cjs.js??ruleSet[1].rules[3].oneOf[10].use[4]!./styles/sass/style.scss
Warning

(3957:3) autoprefixer: Gradient has outdated direction syntax. New syntax is like `to left` instead of `right`.

./node_modules/next/dist/build/webpack/loaders/css-loader/src/index.js??ruleSet[1].rules[3].oneOf[10].use[1]!./node_modules/next/dist/build/webpack/loaders/postcss-loader/src/index.js??ruleSet[1].rules[3].oneOf[10].use[2]!./node_modules/next/dist/build/webpack/loaders/resolve-url-loader/index.js??ruleSet[1].rules[3].oneOf[10].use[3]!./node_modules/next/dist/compiled/sass-loader/cjs.js??ruleSet[1].rules[3].oneOf[10].use[4]!./styles/sass/style.scss
Warning

(11478:3) autoprefixer: end value has mixed support, consider using flex-end instead

./node_modules/next/dist/build/webpack/loaders/css-loader/src/index.js??ruleSet[1].rules[3].oneOf[10].use[1]!./node_modules/next/dist/build/webpack/loaders/postcss-loader/src/index.js??ruleSet[1].rules[3].oneOf[10].use[2]!./node_modules/next/dist/build/webpack/loaders/resolve-url-loader/index.js??ruleSet[1].rules[3].oneOf[10].use[3]!./node_modules/next/dist/compiled/sass-loader/cjs.js??ruleSet[1].rules[3].oneOf[10].use[4]!./styles/sass/style.scss
Warning

(13301:3) autoprefixer: end value has mixed support, consider using flex-end instead
wait  - compiling /service...
warn  - ./node_modules/next/dist/build/webpack/loaders/css-loader/src/index.js??ruleSet[1].rules[3].oneOf[10].use[1]!./node_modules/next/dist/build/webpack/loaders/postcss-loader/src/index.js??ruleSet[1].rules[3].oneOf[10].use[2]!./node_modules/next/dist/build/webpack/loaders/resolve-url-loader/index.js??ruleSet[1].rules[3].oneOf[10].use[3]!./node_modules/next/dist/compiled/sass-loader/cjs.js??ruleSet[1].rules[3].oneOf[10].use[4]!./styles/sass/style.scss
Warning

(594:3) autoprefixer: Gradient has outdated direction syntax. New syntax is like `to left` instead of `right`.

./node_modules/next/dist/build/webpack/loaders/css-loader/src/index.js??ruleSet[1].rules[3].oneOf[10].use[1]!./node_modules/next/dist/build/webpack/loaders/postcss-loader/src/index.js??ruleSet[1].rules[3].oneOf[10].use[2]!./node_modules/next/dist/build/webpack/loaders/resolve-url-loader/index.js??ruleSet[1].rules[3].oneOf[10].use[3]!./node_modules/next/dist/compiled/sass-loader/cjs.js??ruleSet[1].rules[3].oneOf[10].use[4]!./styles/sass/style.scss
Warning

(1750:3) autoprefixer: end value has mixed support, consider using flex-end instead

./node_modules/next/dist/build/webpack/loaders/css-loader/src/index.js??ruleSet[1].rules[3].oneOf[10].use[1]!./node_modules/next/dist/build/webpack/loaders/postcss-loader/src/index.js??ruleSet[1].rules[3].oneOf[10].use[2]!./node_modules/next/dist/build/webpack/loaders/resolve-url-loader/index.js??ruleSet[1].rules[3].oneOf[10].use[3]!./node_modules/next/dist/compiled/sass-loader/cjs.js??ruleSet[1].rules[3].oneOf[10].use[4]!./styles/sass/style.scss
Warning

(1950:3) autoprefixer: end value has mixed support, consider using flex-end instead

./node_modules/next/dist/build/webpack/loaders/css-loader/src/index.js??ruleSet[1].rules[3].oneOf[10].use[1]!./node_modules/next/dist/build/webpack/loaders/postcss-loader/src/index.js??ruleSet[1].rules[3].oneOf[10].use[2]!./node_modules/next/dist/build/webpack/loaders/resolve-url-loader/index.js??ruleSet[1].rules[3].oneOf[10].use[3]!./node_modules/next/dist/compiled/sass-loader/cjs.js??ruleSet[1].rules[3].oneOf[10].use[4]!./styles/sass/style.scss
Warning

(3957:3) autoprefixer: Gradient has outdated direction syntax. New syntax is like `to left` instead of `right`.

./node_modules/next/dist/build/webpack/loaders/css-loader/src/index.js??ruleSet[1].rules[3].oneOf[10].use[1]!./node_modules/next/dist/build/webpack/loaders/postcss-loader/src/index.js??ruleSet[1].rules[3].oneOf[10].use[2]!./node_modules/next/dist/build/webpack/loaders/resolve-url-loader/index.js??ruleSet[1].rules[3].oneOf[10].use[3]!./node_modules/next/dist/compiled/sass-loader/cjs.js??ruleSet[1].rules[3].oneOf[10].use[4]!./styles/sass/style.scss
Warning

(11478:3) autoprefixer: end value has mixed support, consider using flex-end instead

./node_modules/next/dist/build/webpack/loaders/css-loader/src/index.js??ruleSet[1].rules[3].oneOf[10].use[1]!./node_modules/next/dist/build/webpack/loaders/postcss-loader/src/index.js??ruleSet[1].rules[3].oneOf[10].use[2]!./node_modules/next/dist/build/webpack/loaders/resolve-url-loader/index.js??ruleSet[1].rules[3].oneOf[10].use[3]!./node_modules/next/dist/compiled/sass-loader/cjs.js??ruleSet[1].rules[3].oneOf[10].use[4]!./styles/sass/style.scss
Warning

(13301:3) autoprefixer: end value has mixed support, consider using flex-end instead
warn  - ./node_modules/next/dist/build/webpack/loaders/css-loader/src/index.js??ruleSet[1].rules[3].oneOf[10].use[1]!./node_modules/next/dist/build/webpack/loaders/postcss-loader/src/index.js??ruleSet[1].rules[3].oneOf[10].use[2]!./node_modules/next/dist/build/webpack/loaders/resolve-url-loader/index.js??ruleSet[1].rules[3].oneOf[10].use[3]!./node_modules/next/dist/compiled/sass-loader/cjs.js??ruleSet[1].rules[3].oneOf[10].use[4]!./styles/sass/style.scss
Warning

(594:3) autoprefixer: Gradient has outdated direction syntax. New syntax is like `to left` instead of `right`.

./node_modules/next/dist/build/webpack/loaders/css-loader/src/index.js??ruleSet[1].rules[3].oneOf[10].use[1]!./node_modules/next/dist/build/webpack/loaders/postcss-loader/src/index.js??ruleSet[1].rules[3].oneOf[10].use[2]!./node_modules/next/dist/build/webpack/loaders/resolve-url-loader/index.js??ruleSet[1].rules[3].oneOf[10].use[3]!./node_modules/next/dist/compiled/sass-loader/cjs.js??ruleSet[1].rules[3].oneOf[10].use[4]!./styles/sass/style.scss
Warning

(1750:3) autoprefixer: end value has mixed support, consider using flex-end instead

./node_modules/next/dist/build/webpack/loaders/css-loader/src/index.js??ruleSet[1].rules[3].oneOf[10].use[1]!./node_modules/next/dist/build/webpack/loaders/postcss-loader/src/index.js??ruleSet[1].rules[3].oneOf[10].use[2]!./node_modules/next/dist/build/webpack/loaders/resolve-url-loader/index.js??ruleSet[1].rules[3].oneOf[10].use[3]!./node_modules/next/dist/compiled/sass-loader/cjs.js??ruleSet[1].rules[3].oneOf[10].use[4]!./styles/sass/style.scss
Warning

(1950:3) autoprefixer: end value has mixed support, consider using flex-end instead

./node_modules/next/dist/build/webpack/loaders/css-loader/src/index.js??ruleSet[1].rules[3].oneOf[10].use[1]!./node_modules/next/dist/build/webpack/loaders/postcss-loader/src/index.js??ruleSet[1].rules[3].oneOf[10].use[2]!./node_modules/next/dist/build/webpack/loaders/resolve-url-loader/index.js??ruleSet[1].rules[3].oneOf[10].use[3]!./node_modules/next/dist/compiled/sass-loader/cjs.js??ruleSet[1].rules[3].oneOf[10].use[4]!./styles/sass/style.scss
Warning

(3957:3) autoprefixer: Gradient has outdated direction syntax. New syntax is like `to left` instead of `right`.

./node_modules/next/dist/build/webpack/loaders/css-loader/src/index.js??ruleSet[1].rules[3].oneOf[10].use[1]!./node_modules/next/dist/build/webpack/loaders/postcss-loader/src/index.js??ruleSet[1].rules[3].oneOf[10].use[2]!./node_modules/next/dist/build/webpack/loaders/resolve-url-loader/index.js??ruleSet[1].rules[3].oneOf[10].use[3]!./node_modules/next/dist/compiled/sass-loader/cjs.js??ruleSet[1].rules[3].oneOf[10].use[4]!./styles/sass/style.scss
Warning

(11478:3) autoprefixer: end value has mixed support, consider using flex-end instead

./node_modules/next/dist/build/webpack/loaders/css-loader/src/index.js??ruleSet[1].rules[3].oneOf[10].use[1]!./node_modules/next/dist/build/webpack/loaders/postcss-loader/src/index.js??ruleSet[1].rules[3].oneOf[10].use[2]!./node_modules/next/dist/build/webpack/loaders/resolve-url-loader/index.js??ruleSet[1].rules[3].oneOf[10].use[3]!./node_modules/next/dist/compiled/sass-loader/cjs.js??ruleSet[1].rules[3].oneOf[10].use[4]!./styles/sass/style.scss
Warning

(13301:3) autoprefixer: end value has mixed support, consider using flex-end instead
wait  - compiling /404 (client and server)...
warn  - ./node_modules/next/dist/build/webpack/loaders/css-loader/src/index.js??ruleSet[1].rules[3].oneOf[10].use[1]!./node_modules/next/dist/build/webpack/loaders/postcss-loader/src/index.js??ruleSet[1].rules[3].oneOf[10].use[2]!./node_modules/next/dist/build/webpack/loaders/resolve-url-loader/index.js??ruleSet[1].rules[3].oneOf[10].use[3]!./node_modules/next/dist/compiled/sass-loader/cjs.js??ruleSet[1].rules[3].oneOf[10].use[4]!./styles/sass/style.scss
Warning

(594:3) autoprefixer: Gradient has outdated direction syntax. New syntax is like `to left` instead of `right`.

./node_modules/next/dist/build/webpack/loaders/css-loader/src/index.js??ruleSet[1].rules[3].oneOf[10].use[1]!./node_modules/next/dist/build/webpack/loaders/postcss-loader/src/index.js??ruleSet[1].rules[3].oneOf[10].use[2]!./node_modules/next/dist/build/webpack/loaders/resolve-url-loader/index.js??ruleSet[1].rules[3].oneOf[10].use[3]!./node_modules/next/dist/compiled/sass-loader/cjs.js??ruleSet[1].rules[3].oneOf[10].use[4]!./styles/sass/style.scss
Warning

(1750:3) autoprefixer: end value has mixed support, consider using flex-end instead

./node_modules/next/dist/build/webpack/loaders/css-loader/src/index.js??ruleSet[1].rules[3].oneOf[10].use[1]!./node_modules/next/dist/build/webpack/loaders/postcss-loader/src/index.js??ruleSet[1].rules[3].oneOf[10].use[2]!./node_modules/next/dist/build/webpack/loaders/resolve-url-loader/index.js??ruleSet[1].rules[3].oneOf[10].use[3]!./node_modules/next/dist/compiled/sass-loader/cjs.js??ruleSet[1].rules[3].oneOf[10].use[4]!./styles/sass/style.scss
Warning

(1950:3) autoprefixer: end value has mixed support, consider using flex-end instead

./node_modules/next/dist/build/webpack/loaders/css-loader/src/index.js??ruleSet[1].rules[3].oneOf[10].use[1]!./node_modules/next/dist/build/webpack/loaders/postcss-loader/src/index.js??ruleSet[1].rules[3].oneOf[10].use[2]!./node_modules/next/dist/build/webpack/loaders/resolve-url-loader/index.js??ruleSet[1].rules[3].oneOf[10].use[3]!./node_modules/next/dist/compiled/sass-loader/cjs.js??ruleSet[1].rules[3].oneOf[10].use[4]!./styles/sass/style.scss
Warning

(3957:3) autoprefixer: Gradient has outdated direction syntax. New syntax is like `to left` instead of `right`.

./node_modules/next/dist/build/webpack/loaders/css-loader/src/index.js??ruleSet[1].rules[3].oneOf[10].use[1]!./node_modules/next/dist/build/webpack/loaders/postcss-loader/src/index.js??ruleSet[1].rules[3].oneOf[10].use[2]!./node_modules/next/dist/build/webpack/loaders/resolve-url-loader/index.js??ruleSet[1].rules[3].oneOf[10].use[3]!./node_modules/next/dist/compiled/sass-loader/cjs.js??ruleSet[1].rules[3].oneOf[10].use[4]!./styles/sass/style.scss
Warning

(11478:3) autoprefixer: end value has mixed support, consider using flex-end instead

./node_modules/next/dist/build/webpack/loaders/css-loader/src/index.js??ruleSet[1].rules[3].oneOf[10].use[1]!./node_modules/next/dist/build/webpack/loaders/postcss-loader/src/index.js??ruleSet[1].rules[3].oneOf[10].use[2]!./node_modules/next/dist/build/webpack/loaders/resolve-url-loader/index.js??ruleSet[1].rules[3].oneOf[10].use[3]!./node_modules/next/dist/compiled/sass-loader/cjs.js??ruleSet[1].rules[3].oneOf[10].use[4]!./styles/sass/style.scss
Warning

(13301:3) autoprefixer: end value has mixed support, consider using flex-end instead
warn  - ./node_modules/next/dist/build/webpack/loaders/css-loader/src/index.js??ruleSet[1].rules[3].oneOf[10].use[1]!./node_modules/next/dist/build/webpack/loaders/postcss-loader/src/index.js??ruleSet[1].rules[3].oneOf[10].use[2]!./node_modules/next/dist/build/webpack/loaders/resolve-url-loader/index.js??ruleSet[1].rules[3].oneOf[10].use[3]!./node_modules/next/dist/compiled/sass-loader/cjs.js??ruleSet[1].rules[3].oneOf[10].use[4]!./styles/sass/style.scss
Warning

(594:3) autoprefixer: Gradient has outdated direction syntax. New syntax is like `to left` instead of `right`.

./node_modules/next/dist/build/webpack/loaders/css-loader/src/index.js??ruleSet[1].rules[3].oneOf[10].use[1]!./node_modules/next/dist/build/webpack/loaders/postcss-loader/src/index.js??ruleSet[1].rules[3].oneOf[10].use[2]!./node_modules/next/dist/build/webpack/loaders/resolve-url-loader/index.js??ruleSet[1].rules[3].oneOf[10].use[3]!./node_modules/next/dist/compiled/sass-loader/cjs.js??ruleSet[1].rules[3].oneOf[10].use[4]!./styles/sass/style.scss
Warning

(1750:3) autoprefixer: end value has mixed support, consider using flex-end instead

./node_modules/next/dist/build/webpack/loaders/css-loader/src/index.js??ruleSet[1].rules[3].oneOf[10].use[1]!./node_modules/next/dist/build/webpack/loaders/postcss-loader/src/index.js??ruleSet[1].rules[3].oneOf[10].use[2]!./node_modules/next/dist/build/webpack/loaders/resolve-url-loader/index.js??ruleSet[1].rules[3].oneOf[10].use[3]!./node_modules/next/dist/compiled/sass-loader/cjs.js??ruleSet[1].rules[3].oneOf[10].use[4]!./styles/sass/style.scss
Warning

(1950:3) autoprefixer: end value has mixed support, consider using flex-end instead

./node_modules/next/dist/build/webpack/loaders/css-loader/src/index.js??ruleSet[1].rules[3].oneOf[10].use[1]!./node_modules/next/dist/build/webpack/loaders/postcss-loader/src/index.js??ruleSet[1].rules[3].oneOf[10].use[2]!./node_modules/next/dist/build/webpack/loaders/resolve-url-loader/index.js??ruleSet[1].rules[3].oneOf[10].use[3]!./node_modules/next/dist/compiled/sass-loader/cjs.js??ruleSet[1].rules[3].oneOf[10].use[4]!./styles/sass/style.scss
Warning

(3957:3) autoprefixer: Gradient has outdated direction syntax. New syntax is like `to left` instead of `right`.

./node_modules/next/dist/build/webpack/loaders/css-loader/src/index.js??ruleSet[1].rules[3].oneOf[10].use[1]!./node_modules/next/dist/build/webpack/loaders/postcss-loader/src/index.js??ruleSet[1].rules[3].oneOf[10].use[2]!./node_modules/next/dist/build/webpack/loaders/resolve-url-loader/index.js??ruleSet[1].rules[3].oneOf[10].use[3]!./node_modules/next/dist/compiled/sass-loader/cjs.js??ruleSet[1].rules[3].oneOf[10].use[4]!./styles/sass/style.scss
Warning

(11478:3) autoprefixer: end value has mixed support, consider using flex-end instead

./node_modules/next/dist/build/webpack/loaders/css-loader/src/index.js??ruleSet[1].rules[3].oneOf[10].use[1]!./node_modules/next/dist/build/webpack/loaders/postcss-loader/src/index.js??ruleSet[1].rules[3].oneOf[10].use[2]!./node_modules/next/dist/build/webpack/loaders/resolve-url-loader/index.js??ruleSet[1].rules[3].oneOf[10].use[3]!./node_modules/next/dist/compiled/sass-loader/cjs.js??ruleSet[1].rules[3].oneOf[10].use[4]!./styles/sass/style.scss
Warning

(13301:3) autoprefixer: end value has mixed support, consider using flex-end instead
wait  - compiling /blog...
warn  - ./node_modules/next/dist/build/webpack/loaders/css-loader/src/index.js??ruleSet[1].rules[3].oneOf[10].use[1]!./node_modules/next/dist/build/webpack/loaders/postcss-loader/src/index.js??ruleSet[1].rules[3].oneOf[10].use[2]!./node_modules/next/dist/build/webpack/loaders/resolve-url-loader/index.js??ruleSet[1].rules[3].oneOf[10].use[3]!./node_modules/next/dist/compiled/sass-loader/cjs.js??ruleSet[1].rules[3].oneOf[10].use[4]!./styles/sass/style.scss
Warning

(594:3) autoprefixer: Gradient has outdated direction syntax. New syntax is like `to left` instead of `right`.

./node_modules/next/dist/build/webpack/loaders/css-loader/src/index.js??ruleSet[1].rules[3].oneOf[10].use[1]!./node_modules/next/dist/build/webpack/loaders/postcss-loader/src/index.js??ruleSet[1].rules[3].oneOf[10].use[2]!./node_modules/next/dist/build/webpack/loaders/resolve-url-loader/index.js??ruleSet[1].rules[3].oneOf[10].use[3]!./node_modules/next/dist/compiled/sass-loader/cjs.js??ruleSet[1].rules[3].oneOf[10].use[4]!./styles/sass/style.scss
Warning

(1750:3) autoprefixer: end value has mixed support, consider using flex-end instead

./node_modules/next/dist/build/webpack/loaders/css-loader/src/index.js??ruleSet[1].rules[3].oneOf[10].use[1]!./node_modules/next/dist/build/webpack/loaders/postcss-loader/src/index.js??ruleSet[1].rules[3].oneOf[10].use[2]!./node_modules/next/dist/build/webpack/loaders/resolve-url-loader/index.js??ruleSet[1].rules[3].oneOf[10].use[3]!./node_modules/next/dist/compiled/sass-loader/cjs.js??ruleSet[1].rules[3].oneOf[10].use[4]!./styles/sass/style.scss
Warning

(1950:3) autoprefixer: end value has mixed support, consider using flex-end instead

./node_modules/next/dist/build/webpack/loaders/css-loader/src/index.js??ruleSet[1].rules[3].oneOf[10].use[1]!./node_modules/next/dist/build/webpack/loaders/postcss-loader/src/index.js??ruleSet[1].rules[3].oneOf[10].use[2]!./node_modules/next/dist/build/webpack/loaders/resolve-url-loader/index.js??ruleSet[1].rules[3].oneOf[10].use[3]!./node_modules/next/dist/compiled/sass-loader/cjs.js??ruleSet[1].rules[3].oneOf[10].use[4]!./styles/sass/style.scss
Warning

(3957:3) autoprefixer: Gradient has outdated direction syntax. New syntax is like `to left` instead of `right`.

./node_modules/next/dist/build/webpack/loaders/css-loader/src/index.js??ruleSet[1].rules[3].oneOf[10].use[1]!./node_modules/next/dist/build/webpack/loaders/postcss-loader/src/index.js??ruleSet[1].rules[3].oneOf[10].use[2]!./node_modules/next/dist/build/webpack/loaders/resolve-url-loader/index.js??ruleSet[1].rules[3].oneOf[10].use[3]!./node_modules/next/dist/compiled/sass-loader/cjs.js??ruleSet[1].rules[3].oneOf[10].use[4]!./styles/sass/style.scss
Warning

(11478:3) autoprefixer: end value has mixed support, consider using flex-end instead

./node_modules/next/dist/build/webpack/loaders/css-loader/src/index.js??ruleSet[1].rules[3].oneOf[10].use[1]!./node_modules/next/dist/build/webpack/loaders/postcss-loader/src/index.js??ruleSet[1].rules[3].oneOf[10].use[2]!./node_modules/next/dist/build/webpack/loaders/resolve-url-loader/index.js??ruleSet[1].rules[3].oneOf[10].use[3]!./node_modules/next/dist/compiled/sass-loader/cjs.js??ruleSet[1].rules[3].oneOf[10].use[4]!./styles/sass/style.scss
Warning

(13301:3) autoprefixer: end value has mixed support, consider using flex-end instead
warn  - ./node_modules/next/dist/build/webpack/loaders/css-loader/src/index.js??ruleSet[1].rules[3].oneOf[10].use[1]!./node_modules/next/dist/build/webpack/loaders/postcss-loader/src/index.js??ruleSet[1].rules[3].oneOf[10].use[2]!./node_modules/next/dist/build/webpack/loaders/resolve-url-loader/index.js??ruleSet[1].rules[3].oneOf[10].use[3]!./node_modules/next/dist/compiled/sass-loader/cjs.js??ruleSet[1].rules[3].oneOf[10].use[4]!./styles/sass/style.scss
Warning

(594:3) autoprefixer: Gradient has outdated direction syntax. New syntax is like `to left` instead of `right`.

./node_modules/next/dist/build/webpack/loaders/css-loader/src/index.js??ruleSet[1].rules[3].oneOf[10].use[1]!./node_modules/next/dist/build/webpack/loaders/postcss-loader/src/index.js??ruleSet[1].rules[3].oneOf[10].use[2]!./node_modules/next/dist/build/webpack/loaders/resolve-url-loader/index.js??ruleSet[1].rules[3].oneOf[10].use[3]!./node_modules/next/dist/compiled/sass-loader/cjs.js??ruleSet[1].rules[3].oneOf[10].use[4]!./styles/sass/style.scss
Warning

(1750:3) autoprefixer: end value has mixed support, consider using flex-end instead

./node_modules/next/dist/build/webpack/loaders/css-loader/src/index.js??ruleSet[1].rules[3].oneOf[10].use[1]!./node_modules/next/dist/build/webpack/loaders/postcss-loader/src/index.js??ruleSet[1].rules[3].oneOf[10].use[2]!./node_modules/next/dist/build/webpack/loaders/resolve-url-loader/index.js??ruleSet[1].rules[3].oneOf[10].use[3]!./node_modules/next/dist/compiled/sass-loader/cjs.js??ruleSet[1].rules[3].oneOf[10].use[4]!./styles/sass/style.scss
Warning

(1950:3) autoprefixer: end value has mixed support, consider using flex-end instead

./node_modules/next/dist/build/webpack/loaders/css-loader/src/index.js??ruleSet[1].rules[3].oneOf[10].use[1]!./node_modules/next/dist/build/webpack/loaders/postcss-loader/src/index.js??ruleSet[1].rules[3].oneOf[10].use[2]!./node_modules/next/dist/build/webpack/loaders/resolve-url-loader/index.js??ruleSet[1].rules[3].oneOf[10].use[3]!./node_modules/next/dist/compiled/sass-loader/cjs.js??ruleSet[1].rules[3].oneOf[10].use[4]!./styles/sass/style.scss
Warning

(3957:3) autoprefixer: Gradient has outdated direction syntax. New syntax is like `to left` instead of `right`.

./node_modules/next/dist/build/webpack/loaders/css-loader/src/index.js??ruleSet[1].rules[3].oneOf[10].use[1]!./node_modules/next/dist/build/webpack/loaders/postcss-loader/src/index.js??ruleSet[1].rules[3].oneOf[10].use[2]!./node_modules/next/dist/build/webpack/loaders/resolve-url-loader/index.js??ruleSet[1].rules[3].oneOf[10].use[3]!./node_modules/next/dist/compiled/sass-loader/cjs.js??ruleSet[1].rules[3].oneOf[10].use[4]!./styles/sass/style.scss
Warning

(11478:3) autoprefixer: end value has mixed support, consider using flex-end instead

./node_modules/next/dist/build/webpack/loaders/css-loader/src/index.js??ruleSet[1].rules[3].oneOf[10].use[1]!./node_modules/next/dist/build/webpack/loaders/postcss-loader/src/index.js??ruleSet[1].rules[3].oneOf[10].use[2]!./node_modules/next/dist/build/webpack/loaders/resolve-url-loader/index.js??ruleSet[1].rules[3].oneOf[10].use[3]!./node_modules/next/dist/compiled/sass-loader/cjs.js??ruleSet[1].rules[3].oneOf[10].use[4]!./styles/sass/style.scss
Warning

(13301:3) autoprefixer: end value has mixed support, consider using flex-end instead
wait  - compiling /contact...
warn  - ./node_modules/next/dist/build/webpack/loaders/css-loader/src/index.js??ruleSet[1].rules[3].oneOf[10].use[1]!./node_modules/next/dist/build/webpack/loaders/postcss-loader/src/index.js??ruleSet[1].rules[3].oneOf[10].use[2]!./node_modules/next/dist/build/webpack/loaders/resolve-url-loader/index.js??ruleSet[1].rules[3].oneOf[10].use[3]!./node_modules/next/dist/compiled/sass-loader/cjs.js??ruleSet[1].rules[3].oneOf[10].use[4]!./styles/sass/style.scss
Warning

(594:3) autoprefixer: Gradient has outdated direction syntax. New syntax is like `to left` instead of `right`.

./node_modules/next/dist/build/webpack/loaders/css-loader/src/index.js??ruleSet[1].rules[3].oneOf[10].use[1]!./node_modules/next/dist/build/webpack/loaders/postcss-loader/src/index.js??ruleSet[1].rules[3].oneOf[10].use[2]!./node_modules/next/dist/build/webpack/loaders/resolve-url-loader/index.js??ruleSet[1].rules[3].oneOf[10].use[3]!./node_modules/next/dist/compiled/sass-loader/cjs.js??ruleSet[1].rules[3].oneOf[10].use[4]!./styles/sass/style.scss
Warning

(1750:3) autoprefixer: end value has mixed support, consider using flex-end instead

./node_modules/next/dist/build/webpack/loaders/css-loader/src/index.js??ruleSet[1].rules[3].oneOf[10].use[1]!./node_modules/next/dist/build/webpack/loaders/postcss-loader/src/index.js??ruleSet[1].rules[3].oneOf[10].use[2]!./node_modules/next/dist/build/webpack/loaders/resolve-url-loader/index.js??ruleSet[1].rules[3].oneOf[10].use[3]!./node_modules/next/dist/compiled/sass-loader/cjs.js??ruleSet[1].rules[3].oneOf[10].use[4]!./styles/sass/style.scss
Warning

(1950:3) autoprefixer: end value has mixed support, consider using flex-end instead

./node_modules/next/dist/build/webpack/loaders/css-loader/src/index.js??ruleSet[1].rules[3].oneOf[10].use[1]!./node_modules/next/dist/build/webpack/loaders/postcss-loader/src/index.js??ruleSet[1].rules[3].oneOf[10].use[2]!./node_modules/next/dist/build/webpack/loaders/resolve-url-loader/index.js??ruleSet[1].rules[3].oneOf[10].use[3]!./node_modules/next/dist/compiled/sass-loader/cjs.js??ruleSet[1].rules[3].oneOf[10].use[4]!./styles/sass/style.scss
Warning

(3957:3) autoprefixer: Gradient has outdated direction syntax. New syntax is like `to left` instead of `right`.

./node_modules/next/dist/build/webpack/loaders/css-loader/src/index.js??ruleSet[1].rules[3].oneOf[10].use[1]!./node_modules/next/dist/build/webpack/loaders/postcss-loader/src/index.js??ruleSet[1].rules[3].oneOf[10].use[2]!./node_modules/next/dist/build/webpack/loaders/resolve-url-loader/index.js??ruleSet[1].rules[3].oneOf[10].use[3]!./node_modules/next/dist/compiled/sass-loader/cjs.js??ruleSet[1].rules[3].oneOf[10].use[4]!./styles/sass/style.scss
Warning

(11478:3) autoprefixer: end value has mixed support, consider using flex-end instead

./node_modules/next/dist/build/webpack/loaders/css-loader/src/index.js??ruleSet[1].rules[3].oneOf[10].use[1]!./node_modules/next/dist/build/webpack/loaders/postcss-loader/src/index.js??ruleSet[1].rules[3].oneOf[10].use[2]!./node_modules/next/dist/build/webpack/loaders/resolve-url-loader/index.js??ruleSet[1].rules[3].oneOf[10].use[3]!./node_modules/next/dist/compiled/sass-loader/cjs.js??ruleSet[1].rules[3].oneOf[10].use[4]!./styles/sass/style.scss
Warning

(13301:3) autoprefixer: end value has mixed support, consider using flex-end instead
warn  - ./node_modules/next/dist/build/webpack/loaders/css-loader/src/index.js??ruleSet[1].rules[3].oneOf[10].use[1]!./node_modules/next/dist/build/webpack/loaders/postcss-loader/src/index.js??ruleSet[1].rules[3].oneOf[10].use[2]!./node_modules/next/dist/build/webpack/loaders/resolve-url-loader/index.js??ruleSet[1].rules[3].oneOf[10].use[3]!./node_modules/next/dist/compiled/sass-loader/cjs.js??ruleSet[1].rules[3].oneOf[10].use[4]!./styles/sass/style.scss
Warning

(594:3) autoprefixer: Gradient has outdated direction syntax. New syntax is like `to left` instead of `right`.

./node_modules/next/dist/build/webpack/loaders/css-loader/src/index.js??ruleSet[1].rules[3].oneOf[10].use[1]!./node_modules/next/dist/build/webpack/loaders/postcss-loader/src/index.js??ruleSet[1].rules[3].oneOf[10].use[2]!./node_modules/next/dist/build/webpack/loaders/resolve-url-loader/index.js??ruleSet[1].rules[3].oneOf[10].use[3]!./node_modules/next/dist/compiled/sass-loader/cjs.js??ruleSet[1].rules[3].oneOf[10].use[4]!./styles/sass/style.scss
Warning

(1750:3) autoprefixer: end value has mixed support, consider using flex-end instead

./node_modules/next/dist/build/webpack/loaders/css-loader/src/index.js??ruleSet[1].rules[3].oneOf[10].use[1]!./node_modules/next/dist/build/webpack/loaders/postcss-loader/src/index.js??ruleSet[1].rules[3].oneOf[10].use[2]!./node_modules/next/dist/build/webpack/loaders/resolve-url-loader/index.js??ruleSet[1].rules[3].oneOf[10].use[3]!./node_modules/next/dist/compiled/sass-loader/cjs.js??ruleSet[1].rules[3].oneOf[10].use[4]!./styles/sass/style.scss
Warning

(1950:3) autoprefixer: end value has mixed support, consider using flex-end instead

./node_modules/next/dist/build/webpack/loaders/css-loader/src/index.js??ruleSet[1].rules[3].oneOf[10].use[1]!./node_modules/next/dist/build/webpack/loaders/postcss-loader/src/index.js??ruleSet[1].rules[3].oneOf[10].use[2]!./node_modules/next/dist/build/webpack/loaders/resolve-url-loader/index.js??ruleSet[1].rules[3].oneOf[10].use[3]!./node_modules/next/dist/compiled/sass-loader/cjs.js??ruleSet[1].rules[3].oneOf[10].use[4]!./styles/sass/style.scss
Warning

(3957:3) autoprefixer: Gradient has outdated direction syntax. New syntax is like `to left` instead of `right`.

./node_modules/next/dist/build/webpack/loaders/css-loader/src/index.js??ruleSet[1].rules[3].oneOf[10].use[1]!./node_modules/next/dist/build/webpack/loaders/postcss-loader/src/index.js??ruleSet[1].rules[3].oneOf[10].use[2]!./node_modules/next/dist/build/webpack/loaders/resolve-url-loader/index.js??ruleSet[1].rules[3].oneOf[10].use[3]!./node_modules/next/dist/compiled/sass-loader/cjs.js??ruleSet[1].rules[3].oneOf[10].use[4]!./styles/sass/style.scss
Warning

(11478:3) autoprefixer: end value has mixed support, consider using flex-end instead

./node_modules/next/dist/build/webpack/loaders/css-loader/src/index.js??ruleSet[1].rules[3].oneOf[10].use[1]!./node_modules/next/dist/build/webpack/loaders/postcss-loader/src/index.js??ruleSet[1].rules[3].oneOf[10].use[2]!./node_modules/next/dist/build/webpack/loaders/resolve-url-loader/index.js??ruleSet[1].rules[3].oneOf[10].use[3]!./node_modules/next/dist/compiled/sass-loader/cjs.js??ruleSet[1].rules[3].oneOf[10].use[4]!./styles/sass/style.scss
Warning

(13301:3) autoprefixer: end value has mixed support, consider using flex-end instead
wait  - compiling /service...
warn  - ./node_modules/next/dist/build/webpack/loaders/css-loader/src/index.js??ruleSet[1].rules[3].oneOf[10].use[1]!./node_modules/next/dist/build/webpack/loaders/postcss-loader/src/index.js??ruleSet[1].rules[3].oneOf[10].use[2]!./node_modules/next/dist/build/webpack/loaders/resolve-url-loader/index.js??ruleSet[1].rules[3].oneOf[10].use[3]!./node_modules/next/dist/compiled/sass-loader/cjs.js??ruleSet[1].rules[3].oneOf[10].use[4]!./styles/sass/style.scss
Warning

(594:3) autoprefixer: Gradient has outdated direction syntax. New syntax is like `to left` instead of `right`.

./node_modules/next/dist/build/webpack/loaders/css-loader/src/index.js??ruleSet[1].rules[3].oneOf[10].use[1]!./node_modules/next/dist/build/webpack/loaders/postcss-loader/src/index.js??ruleSet[1].rules[3].oneOf[10].use[2]!./node_modules/next/dist/build/webpack/loaders/resolve-url-loader/index.js??ruleSet[1].rules[3].oneOf[10].use[3]!./node_modules/next/dist/compiled/sass-loader/cjs.js??ruleSet[1].rules[3].oneOf[10].use[4]!./styles/sass/style.scss
Warning

(1750:3) autoprefixer: end value has mixed support, consider using flex-end instead

./node_modules/next/dist/build/webpack/loaders/css-loader/src/index.js??ruleSet[1].rules[3].oneOf[10].use[1]!./node_modules/next/dist/build/webpack/loaders/postcss-loader/src/index.js??ruleSet[1].rules[3].oneOf[10].use[2]!./node_modules/next/dist/build/webpack/loaders/resolve-url-loader/index.js??ruleSet[1].rules[3].oneOf[10].use[3]!./node_modules/next/dist/compiled/sass-loader/cjs.js??ruleSet[1].rules[3].oneOf[10].use[4]!./styles/sass/style.scss
Warning

(1950:3) autoprefixer: end value has mixed support, consider using flex-end instead

./node_modules/next/dist/build/webpack/loaders/css-loader/src/index.js??ruleSet[1].rules[3].oneOf[10].use[1]!./node_modules/next/dist/build/webpack/loaders/postcss-loader/src/index.js??ruleSet[1].rules[3].oneOf[10].use[2]!./node_modules/next/dist/build/webpack/loaders/resolve-url-loader/index.js??ruleSet[1].rules[3].oneOf[10].use[3]!./node_modules/next/dist/compiled/sass-loader/cjs.js??ruleSet[1].rules[3].oneOf[10].use[4]!./styles/sass/style.scss
Warning

(3957:3) autoprefixer: Gradient has outdated direction syntax. New syntax is like `to left` instead of `right`.

./node_modules/next/dist/build/webpack/loaders/css-loader/src/index.js??ruleSet[1].rules[3].oneOf[10].use[1]!./node_modules/next/dist/build/webpack/loaders/postcss-loader/src/index.js??ruleSet[1].rules[3].oneOf[10].use[2]!./node_modules/next/dist/build/webpack/loaders/resolve-url-loader/index.js??ruleSet[1].rules[3].oneOf[10].use[3]!./node_modules/next/dist/compiled/sass-loader/cjs.js??ruleSet[1].rules[3].oneOf[10].use[4]!./styles/sass/style.scss
Warning

(11478:3) autoprefixer: end value has mixed support, consider using flex-end instead

./node_modules/next/dist/build/webpack/loaders/css-loader/src/index.js??ruleSet[1].rules[3].oneOf[10].use[1]!./node_modules/next/dist/build/webpack/loaders/postcss-loader/src/index.js??ruleSet[1].rules[3].oneOf[10].use[2]!./node_modules/next/dist/build/webpack/loaders/resolve-url-loader/index.js??ruleSet[1].rules[3].oneOf[10].use[3]!./node_modules/next/dist/compiled/sass-loader/cjs.js??ruleSet[1].rules[3].oneOf[10].use[4]!./styles/sass/style.scss
Warning

(13301:3) autoprefixer: end value has mixed support, consider using flex-end instead
warn  - ./node_modules/next/dist/build/webpack/loaders/css-loader/src/index.js??ruleSet[1].rules[3].oneOf[10].use[1]!./node_modules/next/dist/build/webpack/loaders/postcss-loader/src/index.js??ruleSet[1].rules[3].oneOf[10].use[2]!./node_modules/next/dist/build/webpack/loaders/resolve-url-loader/index.js??ruleSet[1].rules[3].oneOf[10].use[3]!./node_modules/next/dist/compiled/sass-loader/cjs.js??ruleSet[1].rules[3].oneOf[10].use[4]!./styles/sass/style.scss
Warning

(594:3) autoprefixer: Gradient has outdated direction syntax. New syntax is like `to left` instead of `right`.

./node_modules/next/dist/build/webpack/loaders/css-loader/src/index.js??ruleSet[1].rules[3].oneOf[10].use[1]!./node_modules/next/dist/build/webpack/loaders/postcss-loader/src/index.js??ruleSet[1].rules[3].oneOf[10].use[2]!./node_modules/next/dist/build/webpack/loaders/resolve-url-loader/index.js??ruleSet[1].rules[3].oneOf[10].use[3]!./node_modules/next/dist/compiled/sass-loader/cjs.js??ruleSet[1].rules[3].oneOf[10].use[4]!./styles/sass/style.scss
Warning

(1750:3) autoprefixer: end value has mixed support, consider using flex-end instead

./node_modules/next/dist/build/webpack/loaders/css-loader/src/index.js??ruleSet[1].rules[3].oneOf[10].use[1]!./node_modules/next/dist/build/webpack/loaders/postcss-loader/src/index.js??ruleSet[1].rules[3].oneOf[10].use[2]!./node_modules/next/dist/build/webpack/loaders/resolve-url-loader/index.js??ruleSet[1].rules[3].oneOf[10].use[3]!./node_modules/next/dist/compiled/sass-loader/cjs.js??ruleSet[1].rules[3].oneOf[10].use[4]!./styles/sass/style.scss
Warning

(1950:3) autoprefixer: end value has mixed support, consider using flex-end instead

./node_modules/next/dist/build/webpack/loaders/css-loader/src/index.js??ruleSet[1].rules[3].oneOf[10].use[1]!./node_modules/next/dist/build/webpack/loaders/postcss-loader/src/index.js??ruleSet[1].rules[3].oneOf[10].use[2]!./node_modules/next/dist/build/webpack/loaders/resolve-url-loader/index.js??ruleSet[1].rules[3].oneOf[10].use[3]!./node_modules/next/dist/compiled/sass-loader/cjs.js??ruleSet[1].rules[3].oneOf[10].use[4]!./styles/sass/style.scss
Warning

(3957:3) autoprefixer: Gradient has outdated direction syntax. New syntax is like `to left` instead of `right`.

./node_modules/next/dist/build/webpack/loaders/css-loader/src/index.js??ruleSet[1].rules[3].oneOf[10].use[1]!./node_modules/next/dist/build/webpack/loaders/postcss-loader/src/index.js??ruleSet[1].rules[3].oneOf[10].use[2]!./node_modules/next/dist/build/webpack/loaders/resolve-url-loader/index.js??ruleSet[1].rules[3].oneOf[10].use[3]!./node_modules/next/dist/compiled/sass-loader/cjs.js??ruleSet[1].rules[3].oneOf[10].use[4]!./styles/sass/style.scss
Warning

(11478:3) autoprefixer: end value has mixed support, consider using flex-end instead

./node_modules/next/dist/build/webpack/loaders/css-loader/src/index.js??ruleSet[1].rules[3].oneOf[10].use[1]!./node_modules/next/dist/build/webpack/loaders/postcss-loader/src/index.js??ruleSet[1].rules[3].oneOf[10].use[2]!./node_modules/next/dist/build/webpack/loaders/resolve-url-loader/index.js??ruleSet[1].rules[3].oneOf[10].use[3]!./node_modules/next/dist/compiled/sass-loader/cjs.js??ruleSet[1].rules[3].oneOf[10].use[4]!./styles/sass/style.scss
Warning

(13301:3) autoprefixer: end value has mixed support, consider using flex-end instead
wait  - compiling /...
warn  - ./node_modules/next/dist/build/webpack/loaders/css-loader/src/index.js??ruleSet[1].rules[3].oneOf[10].use[1]!./node_modules/next/dist/build/webpack/loaders/postcss-loader/src/index.js??ruleSet[1].rules[3].oneOf[10].use[2]!./node_modules/next/dist/build/webpack/loaders/resolve-url-loader/index.js??ruleSet[1].rules[3].oneOf[10].use[3]!./node_modules/next/dist/compiled/sass-loader/cjs.js??ruleSet[1].rules[3].oneOf[10].use[4]!./styles/sass/style.scss
Warning

(594:3) autoprefixer: Gradient has outdated direction syntax. New syntax is like `to left` instead of `right`.

./node_modules/next/dist/build/webpack/loaders/css-loader/src/index.js??ruleSet[1].rules[3].oneOf[10].use[1]!./node_modules/next/dist/build/webpack/loaders/postcss-loader/src/index.js??ruleSet[1].rules[3].oneOf[10].use[2]!./node_modules/next/dist/build/webpack/loaders/resolve-url-loader/index.js??ruleSet[1].rules[3].oneOf[10].use[3]!./node_modules/next/dist/compiled/sass-loader/cjs.js??ruleSet[1].rules[3].oneOf[10].use[4]!./styles/sass/style.scss
Warning

(1750:3) autoprefixer: end value has mixed support, consider using flex-end instead

./node_modules/next/dist/build/webpack/loaders/css-loader/src/index.js??ruleSet[1].rules[3].oneOf[10].use[1]!./node_modules/next/dist/build/webpack/loaders/postcss-loader/src/index.js??ruleSet[1].rules[3].oneOf[10].use[2]!./node_modules/next/dist/build/webpack/loaders/resolve-url-loader/index.js??ruleSet[1].rules[3].oneOf[10].use[3]!./node_modules/next/dist/compiled/sass-loader/cjs.js??ruleSet[1].rules[3].oneOf[10].use[4]!./styles/sass/style.scss
Warning

(1950:3) autoprefixer: end value has mixed support, consider using flex-end instead

./node_modules/next/dist/build/webpack/loaders/css-loader/src/index.js??ruleSet[1].rules[3].oneOf[10].use[1]!./node_modules/next/dist/build/webpack/loaders/postcss-loader/src/index.js??ruleSet[1].rules[3].oneOf[10].use[2]!./node_modules/next/dist/build/webpack/loaders/resolve-url-loader/index.js??ruleSet[1].rules[3].oneOf[10].use[3]!./node_modules/next/dist/compiled/sass-loader/cjs.js??ruleSet[1].rules[3].oneOf[10].use[4]!./styles/sass/style.scss
Warning

(3957:3) autoprefixer: Gradient has outdated direction syntax. New syntax is like `to left` instead of `right`.

./node_modules/next/dist/build/webpack/loaders/css-loader/src/index.js??ruleSet[1].rules[3].oneOf[10].use[1]!./node_modules/next/dist/build/webpack/loaders/postcss-loader/src/index.js??ruleSet[1].rules[3].oneOf[10].use[2]!./node_modules/next/dist/build/webpack/loaders/resolve-url-loader/index.js??ruleSet[1].rules[3].oneOf[10].use[3]!./node_modules/next/dist/compiled/sass-loader/cjs.js??ruleSet[1].rules[3].oneOf[10].use[4]!./styles/sass/style.scss
Warning

(11478:3) autoprefixer: end value has mixed support, consider using flex-end instead

./node_modules/next/dist/build/webpack/loaders/css-loader/src/index.js??ruleSet[1].rules[3].oneOf[10].use[1]!./node_modules/next/dist/build/webpack/loaders/postcss-loader/src/index.js??ruleSet[1].rules[3].oneOf[10].use[2]!./node_modules/next/dist/build/webpack/loaders/resolve-url-loader/index.js??ruleSet[1].rules[3].oneOf[10].use[3]!./node_modules/next/dist/compiled/sass-loader/cjs.js??ruleSet[1].rules[3].oneOf[10].use[4]!./styles/sass/style.scss
Warning

(13301:3) autoprefixer: end value has mixed support, consider using flex-end instead
wait  - compiling...
warn  - ./node_modules/next/dist/build/webpack/loaders/css-loader/src/index.js??ruleSet[1].rules[3].oneOf[10].use[1]!./node_modules/next/dist/build/webpack/loaders/postcss-loader/src/index.js??ruleSet[1].rules[3].oneOf[10].use[2]!./node_modules/next/dist/build/webpack/loaders/resolve-url-loader/index.js??ruleSet[1].rules[3].oneOf[10].use[3]!./node_modules/next/dist/compiled/sass-loader/cjs.js??ruleSet[1].rules[3].oneOf[10].use[4]!./styles/sass/style.scss
Warning

(594:3) autoprefixer: Gradient has outdated direction syntax. New syntax is like `to left` instead of `right`.

./node_modules/next/dist/build/webpack/loaders/css-loader/src/index.js??ruleSet[1].rules[3].oneOf[10].use[1]!./node_modules/next/dist/build/webpack/loaders/postcss-loader/src/index.js??ruleSet[1].rules[3].oneOf[10].use[2]!./node_modules/next/dist/build/webpack/loaders/resolve-url-loader/index.js??ruleSet[1].rules[3].oneOf[10].use[3]!./node_modules/next/dist/compiled/sass-loader/cjs.js??ruleSet[1].rules[3].oneOf[10].use[4]!./styles/sass/style.scss
Warning

(1750:3) autoprefixer: end value has mixed support, consider using flex-end instead

./node_modules/next/dist/build/webpack/loaders/css-loader/src/index.js??ruleSet[1].rules[3].oneOf[10].use[1]!./node_modules/next/dist/build/webpack/loaders/postcss-loader/src/index.js??ruleSet[1].rules[3].oneOf[10].use[2]!./node_modules/next/dist/build/webpack/loaders/resolve-url-loader/index.js??ruleSet[1].rules[3].oneOf[10].use[3]!./node_modules/next/dist/compiled/sass-loader/cjs.js??ruleSet[1].rules[3].oneOf[10].use[4]!./styles/sass/style.scss
Warning

(1950:3) autoprefixer: end value has mixed support, consider using flex-end instead

./node_modules/next/dist/build/webpack/loaders/css-loader/src/index.js??ruleSet[1].rules[3].oneOf[10].use[1]!./node_modules/next/dist/build/webpack/loaders/postcss-loader/src/index.js??ruleSet[1].rules[3].oneOf[10].use[2]!./node_modules/next/dist/build/webpack/loaders/resolve-url-loader/index.js??ruleSet[1].rules[3].oneOf[10].use[3]!./node_modules/next/dist/compiled/sass-loader/cjs.js??ruleSet[1].rules[3].oneOf[10].use[4]!./styles/sass/style.scss
Warning

(3957:3) autoprefixer: Gradient has outdated direction syntax. New syntax is like `to left` instead of `right`.

./node_modules/next/dist/build/webpack/loaders/css-loader/src/index.js??ruleSet[1].rules[3].oneOf[10].use[1]!./node_modules/next/dist/build/webpack/loaders/postcss-loader/src/index.js??ruleSet[1].rules[3].oneOf[10].use[2]!./node_modules/next/dist/build/webpack/loaders/resolve-url-loader/index.js??ruleSet[1].rules[3].oneOf[10].use[3]!./node_modules/next/dist/compiled/sass-loader/cjs.js??ruleSet[1].rules[3].oneOf[10].use[4]!./styles/sass/style.scss
Warning

(11478:3) autoprefixer: end value has mixed support, consider using flex-end instead

./node_modules/next/dist/build/webpack/loaders/css-loader/src/index.js??ruleSet[1].rules[3].oneOf[10].use[1]!./node_modules/next/dist/build/webpack/loaders/postcss-loader/src/index.js??ruleSet[1].rules[3].oneOf[10].use[2]!./node_modules/next/dist/build/webpack/loaders/resolve-url-loader/index.js??ruleSet[1].rules[3].oneOf[10].use[3]!./node_modules/next/dist/compiled/sass-loader/cjs.js??ruleSet[1].rules[3].oneOf[10].use[4]!./styles/sass/style.scss
Warning

(13301:3) autoprefixer: end value has mixed support, consider using flex-end instead
wait  - compiling...
warn  - ./node_modules/next/dist/build/webpack/loaders/css-loader/src/index.js??ruleSet[1].rules[3].oneOf[10].use[1]!./node_modules/next/dist/build/webpack/loaders/postcss-loader/src/index.js??ruleSet[1].rules[3].oneOf[10].use[2]!./node_modules/next/dist/build/webpack/loaders/resolve-url-loader/index.js??ruleSet[1].rules[3].oneOf[10].use[3]!./node_modules/next/dist/compiled/sass-loader/cjs.js??ruleSet[1].rules[3].oneOf[10].use[4]!./styles/sass/style.scss
Warning

(594:3) autoprefixer: Gradient has outdated direction syntax. New syntax is like `to left` instead of `right`.

./node_modules/next/dist/build/webpack/loaders/css-loader/src/index.js??ruleSet[1].rules[3].oneOf[10].use[1]!./node_modules/next/dist/build/webpack/loaders/postcss-loader/src/index.js??ruleSet[1].rules[3].oneOf[10].use[2]!./node_modules/next/dist/build/webpack/loaders/resolve-url-loader/index.js??ruleSet[1].rules[3].oneOf[10].use[3]!./node_modules/next/dist/compiled/sass-loader/cjs.js??ruleSet[1].rules[3].oneOf[10].use[4]!./styles/sass/style.scss
Warning

(1750:3) autoprefixer: end value has mixed support, consider using flex-end instead

./node_modules/next/dist/build/webpack/loaders/css-loader/src/index.js??ruleSet[1].rules[3].oneOf[10].use[1]!./node_modules/next/dist/build/webpack/loaders/postcss-loader/src/index.js??ruleSet[1].rules[3].oneOf[10].use[2]!./node_modules/next/dist/build/webpack/loaders/resolve-url-loader/index.js??ruleSet[1].rules[3].oneOf[10].use[3]!./node_modules/next/dist/compiled/sass-loader/cjs.js??ruleSet[1].rules[3].oneOf[10].use[4]!./styles/sass/style.scss
Warning

(1950:3) autoprefixer: end value has mixed support, consider using flex-end instead

./node_modules/next/dist/build/webpack/loaders/css-loader/src/index.js??ruleSet[1].rules[3].oneOf[10].use[1]!./node_modules/next/dist/build/webpack/loaders/postcss-loader/src/index.js??ruleSet[1].rules[3].oneOf[10].use[2]!./node_modules/next/dist/build/webpack/loaders/resolve-url-loader/index.js??ruleSet[1].rules[3].oneOf[10].use[3]!./node_modules/next/dist/compiled/sass-loader/cjs.js??ruleSet[1].rules[3].oneOf[10].use[4]!./styles/sass/style.scss
Warning

(3957:3) autoprefixer: Gradient has outdated direction syntax. New syntax is like `to left` instead of `right`.

./node_modules/next/dist/build/webpack/loaders/css-loader/src/index.js??ruleSet[1].rules[3].oneOf[10].use[1]!./node_modules/next/dist/build/webpack/loaders/postcss-loader/src/index.js??ruleSet[1].rules[3].oneOf[10].use[2]!./node_modules/next/dist/build/webpack/loaders/resolve-url-loader/index.js??ruleSet[1].rules[3].oneOf[10].use[3]!./node_modules/next/dist/compiled/sass-loader/cjs.js??ruleSet[1].rules[3].oneOf[10].use[4]!./styles/sass/style.scss
Warning

(11477:3) autoprefixer: end value has mixed support, consider using flex-end instead

./node_modules/next/dist/build/webpack/loaders/css-loader/src/index.js??ruleSet[1].rules[3].oneOf[10].use[1]!./node_modules/next/dist/build/webpack/loaders/postcss-loader/src/index.js??ruleSet[1].rules[3].oneOf[10].use[2]!./node_modules/next/dist/build/webpack/loaders/resolve-url-loader/index.js??ruleSet[1].rules[3].oneOf[10].use[3]!./node_modules/next/dist/compiled/sass-loader/cjs.js??ruleSet[1].rules[3].oneOf[10].use[4]!./styles/sass/style.scss
Warning

(13300:3) autoprefixer: end value has mixed support, consider using flex-end instead
<w> [webpack.cache.PackFileCacheStrategy] Skipped not serializable cache item 'Compilation/modules|/Users/aashishkumar/Documents/Development/innovatix/wecare/node_modules/next/dist/build/webpack/loaders/css-loader/src/index.js??ruleSet[1].rules[3].oneOf[10].use[1]!/Users/aashishkumar/Documents/Development/innovatix/wecare/node_modules/next/dist/build/webpack/loaders/postcss-loader/src/index.js??ruleSet[1].rules[3].oneOf[10].use[2]!/Users/aashishkumar/Documents/Development/innovatix/wecare/node_modules/next/dist/build/webpack/loaders/resolve-url-loader/index.js??ruleSet[1].rules[3].oneOf[10].use[3]!/Users/aashishkumar/Documents/Development/innovatix/wecare/node_modules/next/dist/compiled/sass-loader/cjs.js??ruleSet[1].rules[3].oneOf[10].use[4]!/Users/aashishkumar/Documents/Development/innovatix/wecare/styles/sass/style.scss': No serializer registered for Warning
<w> while serializing webpack/lib/cache/PackFileCacheStrategy.PackContentItems -> webpack/lib/NormalModule -> Array { 6 items } -> webpack/lib/ModuleWarning -> Warning
warn  - ./node_modules/next/dist/build/webpack/loaders/css-loader/src/index.js??ruleSet[1].rules[3].oneOf[10].use[1]!./node_modules/next/dist/build/webpack/loaders/postcss-loader/src/index.js??ruleSet[1].rules[3].oneOf[10].use[2]!./node_modules/next/dist/build/webpack/loaders/resolve-url-loader/index.js??ruleSet[1].rules[3].oneOf[10].use[3]!./node_modules/next/dist/compiled/sass-loader/cjs.js??ruleSet[1].rules[3].oneOf[10].use[4]!./styles/sass/style.scss
Warning

(594:3) autoprefixer: Gradient has outdated direction syntax. New syntax is like `to left` instead of `right`.

./node_modules/next/dist/build/webpack/loaders/css-loader/src/index.js??ruleSet[1].rules[3].oneOf[10].use[1]!./node_modules/next/dist/build/webpack/loaders/postcss-loader/src/index.js??ruleSet[1].rules[3].oneOf[10].use[2]!./node_modules/next/dist/build/webpack/loaders/resolve-url-loader/index.js??ruleSet[1].rules[3].oneOf[10].use[3]!./node_modules/next/dist/compiled/sass-loader/cjs.js??ruleSet[1].rules[3].oneOf[10].use[4]!./styles/sass/style.scss
Warning

(1750:3) autoprefixer: end value has mixed support, consider using flex-end instead

./node_modules/next/dist/build/webpack/loaders/css-loader/src/index.js??ruleSet[1].rules[3].oneOf[10].use[1]!./node_modules/next/dist/build/webpack/loaders/postcss-loader/src/index.js??ruleSet[1].rules[3].oneOf[10].use[2]!./node_modules/next/dist/build/webpack/loaders/resolve-url-loader/index.js??ruleSet[1].rules[3].oneOf[10].use[3]!./node_modules/next/dist/compiled/sass-loader/cjs.js??ruleSet[1].rules[3].oneOf[10].use[4]!./styles/sass/style.scss
Warning

(1950:3) autoprefixer: end value has mixed support, consider using flex-end instead

./node_modules/next/dist/build/webpack/loaders/css-loader/src/index.js??ruleSet[1].rules[3].oneOf[10].use[1]!./node_modules/next/dist/build/webpack/loaders/postcss-loader/src/index.js??ruleSet[1].rules[3].oneOf[10].use[2]!./node_modules/next/dist/build/webpack/loaders/resolve-url-loader/index.js??ruleSet[1].rules[3].oneOf[10].use[3]!./node_modules/next/dist/compiled/sass-loader/cjs.js??ruleSet[1].rules[3].oneOf[10].use[4]!./styles/sass/style.scss
Warning

(3957:3) autoprefixer: Gradient has outdated direction syntax. New syntax is like `to left` instead of `right`.

./node_modules/next/dist/build/webpack/loaders/css-loader/src/index.js??ruleSet[1].rules[3].oneOf[10].use[1]!./node_modules/next/dist/build/webpack/loaders/postcss-loader/src/index.js??ruleSet[1].rules[3].oneOf[10].use[2]!./node_modules/next/dist/build/webpack/loaders/resolve-url-loader/index.js??ruleSet[1].rules[3].oneOf[10].use[3]!./node_modules/next/dist/compiled/sass-loader/cjs.js??ruleSet[1].rules[3].oneOf[10].use[4]!./styles/sass/style.scss
Warning

(11477:3) autoprefixer: end value has mixed support, consider using flex-end instead

./node_modules/next/dist/build/webpack/loaders/css-loader/src/index.js??ruleSet[1].rules[3].oneOf[10].use[1]!./node_modules/next/dist/build/webpack/loaders/postcss-loader/src/index.js??ruleSet[1].rules[3].oneOf[10].use[2]!./node_modules/next/dist/build/webpack/loaders/resolve-url-loader/index.js??ruleSet[1].rules[3].oneOf[10].use[3]!./node_modules/next/dist/compiled/sass-loader/cjs.js??ruleSet[1].rules[3].oneOf[10].use[4]!./styles/sass/style.scss
Warning

(13300:3) autoprefixer: end value has mixed support, consider using flex-end instead
wait  - compiling /about...
warn  - ./node_modules/next/dist/build/webpack/loaders/css-loader/src/index.js??ruleSet[1].rules[3].oneOf[10].use[1]!./node_modules/next/dist/build/webpack/loaders/postcss-loader/src/index.js??ruleSet[1].rules[3].oneOf[10].use[2]!./node_modules/next/dist/build/webpack/loaders/resolve-url-loader/index.js??ruleSet[1].rules[3].oneOf[10].use[3]!./node_modules/next/dist/compiled/sass-loader/cjs.js??ruleSet[1].rules[3].oneOf[10].use[4]!./styles/sass/style.scss
Warning

(594:3) autoprefixer: Gradient has outdated direction syntax. New syntax is like `to left` instead of `right`.

./node_modules/next/dist/build/webpack/loaders/css-loader/src/index.js??ruleSet[1].rules[3].oneOf[10].use[1]!./node_modules/next/dist/build/webpack/loaders/postcss-loader/src/index.js??ruleSet[1].rules[3].oneOf[10].use[2]!./node_modules/next/dist/build/webpack/loaders/resolve-url-loader/index.js??ruleSet[1].rules[3].oneOf[10].use[3]!./node_modules/next/dist/compiled/sass-loader/cjs.js??ruleSet[1].rules[3].oneOf[10].use[4]!./styles/sass/style.scss
Warning

(1750:3) autoprefixer: end value has mixed support, consider using flex-end instead

./node_modules/next/dist/build/webpack/loaders/css-loader/src/index.js??ruleSet[1].rules[3].oneOf[10].use[1]!./node_modules/next/dist/build/webpack/loaders/postcss-loader/src/index.js??ruleSet[1].rules[3].oneOf[10].use[2]!./node_modules/next/dist/build/webpack/loaders/resolve-url-loader/index.js??ruleSet[1].rules[3].oneOf[10].use[3]!./node_modules/next/dist/compiled/sass-loader/cjs.js??ruleSet[1].rules[3].oneOf[10].use[4]!./styles/sass/style.scss
Warning

(1950:3) autoprefixer: end value has mixed support, consider using flex-end instead

./node_modules/next/dist/build/webpack/loaders/css-loader/src/index.js??ruleSet[1].rules[3].oneOf[10].use[1]!./node_modules/next/dist/build/webpack/loaders/postcss-loader/src/index.js??ruleSet[1].rules[3].oneOf[10].use[2]!./node_modules/next/dist/build/webpack/loaders/resolve-url-loader/index.js??ruleSet[1].rules[3].oneOf[10].use[3]!./node_modules/next/dist/compiled/sass-loader/cjs.js??ruleSet[1].rules[3].oneOf[10].use[4]!./styles/sass/style.scss
Warning

(3957:3) autoprefixer: Gradient has outdated direction syntax. New syntax is like `to left` instead of `right`.

./node_modules/next/dist/build/webpack/loaders/css-loader/src/index.js??ruleSet[1].rules[3].oneOf[10].use[1]!./node_modules/next/dist/build/webpack/loaders/postcss-loader/src/index.js??ruleSet[1].rules[3].oneOf[10].use[2]!./node_modules/next/dist/build/webpack/loaders/resolve-url-loader/index.js??ruleSet[1].rules[3].oneOf[10].use[3]!./node_modules/next/dist/compiled/sass-loader/cjs.js??ruleSet[1].rules[3].oneOf[10].use[4]!./styles/sass/style.scss
Warning

(11477:3) autoprefixer: end value has mixed support, consider using flex-end instead

./node_modules/next/dist/build/webpack/loaders/css-loader/src/index.js??ruleSet[1].rules[3].oneOf[10].use[1]!./node_modules/next/dist/build/webpack/loaders/postcss-loader/src/index.js??ruleSet[1].rules[3].oneOf[10].use[2]!./node_modules/next/dist/build/webpack/loaders/resolve-url-loader/index.js??ruleSet[1].rules[3].oneOf[10].use[3]!./node_modules/next/dist/compiled/sass-loader/cjs.js??ruleSet[1].rules[3].oneOf[10].use[4]!./styles/sass/style.scss
Warning

(13300:3) autoprefixer: end value has mixed support, consider using flex-end instead
wait  - compiling...
warn  - ./node_modules/next/dist/build/webpack/loaders/css-loader/src/index.js??ruleSet[1].rules[3].oneOf[10].use[1]!./node_modules/next/dist/build/webpack/loaders/postcss-loader/src/index.js??ruleSet[1].rules[3].oneOf[10].use[2]!./node_modules/next/dist/build/webpack/loaders/resolve-url-loader/index.js??ruleSet[1].rules[3].oneOf[10].use[3]!./node_modules/next/dist/compiled/sass-loader/cjs.js??ruleSet[1].rules[3].oneOf[10].use[4]!./styles/sass/style.scss
Warning

(594:3) autoprefixer: Gradient has outdated direction syntax. New syntax is like `to left` instead of `right`.

./node_modules/next/dist/build/webpack/loaders/css-loader/src/index.js??ruleSet[1].rules[3].oneOf[10].use[1]!./node_modules/next/dist/build/webpack/loaders/postcss-loader/src/index.js??ruleSet[1].rules[3].oneOf[10].use[2]!./node_modules/next/dist/build/webpack/loaders/resolve-url-loader/index.js??ruleSet[1].rules[3].oneOf[10].use[3]!./node_modules/next/dist/compiled/sass-loader/cjs.js??ruleSet[1].rules[3].oneOf[10].use[4]!./styles/sass/style.scss
Warning

(1750:3) autoprefixer: end value has mixed support, consider using flex-end instead

./node_modules/next/dist/build/webpack/loaders/css-loader/src/index.js??ruleSet[1].rules[3].oneOf[10].use[1]!./node_modules/next/dist/build/webpack/loaders/postcss-loader/src/index.js??ruleSet[1].rules[3].oneOf[10].use[2]!./node_modules/next/dist/build/webpack/loaders/resolve-url-loader/index.js??ruleSet[1].rules[3].oneOf[10].use[3]!./node_modules/next/dist/compiled/sass-loader/cjs.js??ruleSet[1].rules[3].oneOf[10].use[4]!./styles/sass/style.scss
Warning

(1950:3) autoprefixer: end value has mixed support, consider using flex-end instead

./node_modules/next/dist/build/webpack/loaders/css-loader/src/index.js??ruleSet[1].rules[3].oneOf[10].use[1]!./node_modules/next/dist/build/webpack/loaders/postcss-loader/src/index.js??ruleSet[1].rules[3].oneOf[10].use[2]!./node_modules/next/dist/build/webpack/loaders/resolve-url-loader/index.js??ruleSet[1].rules[3].oneOf[10].use[3]!./node_modules/next/dist/compiled/sass-loader/cjs.js??ruleSet[1].rules[3].oneOf[10].use[4]!./styles/sass/style.scss
Warning

(3957:3) autoprefixer: Gradient has outdated direction syntax. New syntax is like `to left` instead of `right`.

./node_modules/next/dist/build/webpack/loaders/css-loader/src/index.js??ruleSet[1].rules[3].oneOf[10].use[1]!./node_modules/next/dist/build/webpack/loaders/postcss-loader/src/index.js??ruleSet[1].rules[3].oneOf[10].use[2]!./node_modules/next/dist/build/webpack/loaders/resolve-url-loader/index.js??ruleSet[1].rules[3].oneOf[10].use[3]!./node_modules/next/dist/compiled/sass-loader/cjs.js??ruleSet[1].rules[3].oneOf[10].use[4]!./styles/sass/style.scss
Warning

(11477:3) autoprefixer: end value has mixed support, consider using flex-end instead

./node_modules/next/dist/build/webpack/loaders/css-loader/src/index.js??ruleSet[1].rules[3].oneOf[10].use[1]!./node_modules/next/dist/build/webpack/loaders/postcss-loader/src/index.js??ruleSet[1].rules[3].oneOf[10].use[2]!./node_modules/next/dist/build/webpack/loaders/resolve-url-loader/index.js??ruleSet[1].rules[3].oneOf[10].use[3]!./node_modules/next/dist/compiled/sass-loader/cjs.js??ruleSet[1].rules[3].oneOf[10].use[4]!./styles/sass/style.scss
Warning

(13300:3) autoprefixer: end value has mixed support, consider using flex-end instead
wait  - compiling...
warn  - ./node_modules/next/dist/build/webpack/loaders/css-loader/src/index.js??ruleSet[1].rules[3].oneOf[10].use[1]!./node_modules/next/dist/build/webpack/loaders/postcss-loader/src/index.js??ruleSet[1].rules[3].oneOf[10].use[2]!./node_modules/next/dist/build/webpack/loaders/resolve-url-loader/index.js??ruleSet[1].rules[3].oneOf[10].use[3]!./node_modules/next/dist/compiled/sass-loader/cjs.js??ruleSet[1].rules[3].oneOf[10].use[4]!./styles/sass/style.scss
Warning

(594:3) autoprefixer: Gradient has outdated direction syntax. New syntax is like `to left` instead of `right`.

./node_modules/next/dist/build/webpack/loaders/css-loader/src/index.js??ruleSet[1].rules[3].oneOf[10].use[1]!./node_modules/next/dist/build/webpack/loaders/postcss-loader/src/index.js??ruleSet[1].rules[3].oneOf[10].use[2]!./node_modules/next/dist/build/webpack/loaders/resolve-url-loader/index.js??ruleSet[1].rules[3].oneOf[10].use[3]!./node_modules/next/dist/compiled/sass-loader/cjs.js??ruleSet[1].rules[3].oneOf[10].use[4]!./styles/sass/style.scss
Warning

(1750:3) autoprefixer: end value has mixed support, consider using flex-end instead

./node_modules/next/dist/build/webpack/loaders/css-loader/src/index.js??ruleSet[1].rules[3].oneOf[10].use[1]!./node_modules/next/dist/build/webpack/loaders/postcss-loader/src/index.js??ruleSet[1].rules[3].oneOf[10].use[2]!./node_modules/next/dist/build/webpack/loaders/resolve-url-loader/index.js??ruleSet[1].rules[3].oneOf[10].use[3]!./node_modules/next/dist/compiled/sass-loader/cjs.js??ruleSet[1].rules[3].oneOf[10].use[4]!./styles/sass/style.scss
Warning

(1950:3) autoprefixer: end value has mixed support, consider using flex-end instead

./node_modules/next/dist/build/webpack/loaders/css-loader/src/index.js??ruleSet[1].rules[3].oneOf[10].use[1]!./node_modules/next/dist/build/webpack/loaders/postcss-loader/src/index.js??ruleSet[1].rules[3].oneOf[10].use[2]!./node_modules/next/dist/build/webpack/loaders/resolve-url-loader/index.js??ruleSet[1].rules[3].oneOf[10].use[3]!./node_modules/next/dist/compiled/sass-loader/cjs.js??ruleSet[1].rules[3].oneOf[10].use[4]!./styles/sass/style.scss
Warning

(3957:3) autoprefixer: Gradient has outdated direction syntax. New syntax is like `to left` instead of `right`.

./node_modules/next/dist/build/webpack/loaders/css-loader/src/index.js??ruleSet[1].rules[3].oneOf[10].use[1]!./node_modules/next/dist/build/webpack/loaders/postcss-loader/src/index.js??ruleSet[1].rules[3].oneOf[10].use[2]!./node_modules/next/dist/build/webpack/loaders/resolve-url-loader/index.js??ruleSet[1].rules[3].oneOf[10].use[3]!./node_modules/next/dist/compiled/sass-loader/cjs.js??ruleSet[1].rules[3].oneOf[10].use[4]!./styles/sass/style.scss
Warning

(11477:3) autoprefixer: end value has mixed support, consider using flex-end instead

./node_modules/next/dist/build/webpack/loaders/css-loader/src/index.js??ruleSet[1].rules[3].oneOf[10].use[1]!./node_modules/next/dist/build/webpack/loaders/postcss-loader/src/index.js??ruleSet[1].rules[3].oneOf[10].use[2]!./node_modules/next/dist/build/webpack/loaders/resolve-url-loader/index.js??ruleSet[1].rules[3].oneOf[10].use[3]!./node_modules/next/dist/compiled/sass-loader/cjs.js??ruleSet[1].rules[3].oneOf[10].use[4]!./styles/sass/style.scss
Warning

(13300:3) autoprefixer: end value has mixed support, consider using flex-end instead
<w> [webpack.cache.PackFileCacheStrategy] Skipped not serializable cache item 'Compilation/modules|/Users/aashishkumar/Documents/Development/innovatix/wecare/node_modules/next/dist/build/webpack/loaders/css-loader/src/index.js??ruleSet[1].rules[3].oneOf[10].use[1]!/Users/aashishkumar/Documents/Development/innovatix/wecare/node_modules/next/dist/build/webpack/loaders/postcss-loader/src/index.js??ruleSet[1].rules[3].oneOf[10].use[2]!/Users/aashishkumar/Documents/Development/innovatix/wecare/node_modules/next/dist/build/webpack/loaders/resolve-url-loader/index.js??ruleSet[1].rules[3].oneOf[10].use[3]!/Users/aashishkumar/Documents/Development/innovatix/wecare/node_modules/next/dist/compiled/sass-loader/cjs.js??ruleSet[1].rules[3].oneOf[10].use[4]!/Users/aashishkumar/Documents/Development/innovatix/wecare/styles/sass/style.scss': No serializer registered for Warning
<w> while serializing webpack/lib/cache/PackFileCacheStrategy.PackContentItems -> webpack/lib/NormalModule -> Array { 6 items } -> webpack/lib/ModuleWarning -> Warning
warn  - ./node_modules/next/dist/build/webpack/loaders/css-loader/src/index.js??ruleSet[1].rules[3].oneOf[10].use[1]!./node_modules/next/dist/build/webpack/loaders/postcss-loader/src/index.js??ruleSet[1].rules[3].oneOf[10].use[2]!./node_modules/next/dist/build/webpack/loaders/resolve-url-loader/index.js??ruleSet[1].rules[3].oneOf[10].use[3]!./node_modules/next/dist/compiled/sass-loader/cjs.js??ruleSet[1].rules[3].oneOf[10].use[4]!./styles/sass/style.scss
Warning

(594:3) autoprefixer: Gradient has outdated direction syntax. New syntax is like `to left` instead of `right`.

./node_modules/next/dist/build/webpack/loaders/css-loader/src/index.js??ruleSet[1].rules[3].oneOf[10].use[1]!./node_modules/next/dist/build/webpack/loaders/postcss-loader/src/index.js??ruleSet[1].rules[3].oneOf[10].use[2]!./node_modules/next/dist/build/webpack/loaders/resolve-url-loader/index.js??ruleSet[1].rules[3].oneOf[10].use[3]!./node_modules/next/dist/compiled/sass-loader/cjs.js??ruleSet[1].rules[3].oneOf[10].use[4]!./styles/sass/style.scss
Warning

(1750:3) autoprefixer: end value has mixed support, consider using flex-end instead

./node_modules/next/dist/build/webpack/loaders/css-loader/src/index.js??ruleSet[1].rules[3].oneOf[10].use[1]!./node_modules/next/dist/build/webpack/loaders/postcss-loader/src/index.js??ruleSet[1].rules[3].oneOf[10].use[2]!./node_modules/next/dist/build/webpack/loaders/resolve-url-loader/index.js??ruleSet[1].rules[3].oneOf[10].use[3]!./node_modules/next/dist/compiled/sass-loader/cjs.js??ruleSet[1].rules[3].oneOf[10].use[4]!./styles/sass/style.scss
Warning

(1950:3) autoprefixer: end value has mixed support, consider using flex-end instead

./node_modules/next/dist/build/webpack/loaders/css-loader/src/index.js??ruleSet[1].rules[3].oneOf[10].use[1]!./node_modules/next/dist/build/webpack/loaders/postcss-loader/src/index.js??ruleSet[1].rules[3].oneOf[10].use[2]!./node_modules/next/dist/build/webpack/loaders/resolve-url-loader/index.js??ruleSet[1].rules[3].oneOf[10].use[3]!./node_modules/next/dist/compiled/sass-loader/cjs.js??ruleSet[1].rules[3].oneOf[10].use[4]!./styles/sass/style.scss
Warning

(3957:3) autoprefixer: Gradient has outdated direction syntax. New syntax is like `to left` instead of `right`.

./node_modules/next/dist/build/webpack/loaders/css-loader/src/index.js??ruleSet[1].rules[3].oneOf[10].use[1]!./node_modules/next/dist/build/webpack/loaders/postcss-loader/src/index.js??ruleSet[1].rules[3].oneOf[10].use[2]!./node_modules/next/dist/build/webpack/loaders/resolve-url-loader/index.js??ruleSet[1].rules[3].oneOf[10].use[3]!./node_modules/next/dist/compiled/sass-loader/cjs.js??ruleSet[1].rules[3].oneOf[10].use[4]!./styles/sass/style.scss
Warning

(11477:3) autoprefixer: end value has mixed support, consider using flex-end instead

./node_modules/next/dist/build/webpack/loaders/css-loader/src/index.js??ruleSet[1].rules[3].oneOf[10].use[1]!./node_modules/next/dist/build/webpack/loaders/postcss-loader/src/index.js??ruleSet[1].rules[3].oneOf[10].use[2]!./node_modules/next/dist/build/webpack/loaders/resolve-url-loader/index.js??ruleSet[1].rules[3].oneOf[10].use[3]!./node_modules/next/dist/compiled/sass-loader/cjs.js??ruleSet[1].rules[3].oneOf[10].use[4]!./styles/sass/style.scss
Warning

(13300:3) autoprefixer: end value has mixed support, consider using flex-end instead
wait  - compiling /about...
warn  - ./node_modules/next/dist/build/webpack/loaders/css-loader/src/index.js??ruleSet[1].rules[3].oneOf[10].use[1]!./node_modules/next/dist/build/webpack/loaders/postcss-loader/src/index.js??ruleSet[1].rules[3].oneOf[10].use[2]!./node_modules/next/dist/build/webpack/loaders/resolve-url-loader/index.js??ruleSet[1].rules[3].oneOf[10].use[3]!./node_modules/next/dist/compiled/sass-loader/cjs.js??ruleSet[1].rules[3].oneOf[10].use[4]!./styles/sass/style.scss
Warning

(594:3) autoprefixer: Gradient has outdated direction syntax. New syntax is like `to left` instead of `right`.

./node_modules/next/dist/build/webpack/loaders/css-loader/src/index.js??ruleSet[1].rules[3].oneOf[10].use[1]!./node_modules/next/dist/build/webpack/loaders/postcss-loader/src/index.js??ruleSet[1].rules[3].oneOf[10].use[2]!./node_modules/next/dist/build/webpack/loaders/resolve-url-loader/index.js??ruleSet[1].rules[3].oneOf[10].use[3]!./node_modules/next/dist/compiled/sass-loader/cjs.js??ruleSet[1].rules[3].oneOf[10].use[4]!./styles/sass/style.scss
Warning

(1750:3) autoprefixer: end value has mixed support, consider using flex-end instead

./node_modules/next/dist/build/webpack/loaders/css-loader/src/index.js??ruleSet[1].rules[3].oneOf[10].use[1]!./node_modules/next/dist/build/webpack/loaders/postcss-loader/src/index.js??ruleSet[1].rules[3].oneOf[10].use[2]!./node_modules/next/dist/build/webpack/loaders/resolve-url-loader/index.js??ruleSet[1].rules[3].oneOf[10].use[3]!./node_modules/next/dist/compiled/sass-loader/cjs.js??ruleSet[1].rules[3].oneOf[10].use[4]!./styles/sass/style.scss
Warning

(1950:3) autoprefixer: end value has mixed support, consider using flex-end instead

./node_modules/next/dist/build/webpack/loaders/css-loader/src/index.js??ruleSet[1].rules[3].oneOf[10].use[1]!./node_modules/next/dist/build/webpack/loaders/postcss-loader/src/index.js??ruleSet[1].rules[3].oneOf[10].use[2]!./node_modules/next/dist/build/webpack/loaders/resolve-url-loader/index.js??ruleSet[1].rules[3].oneOf[10].use[3]!./node_modules/next/dist/compiled/sass-loader/cjs.js??ruleSet[1].rules[3].oneOf[10].use[4]!./styles/sass/style.scss
Warning

(3957:3) autoprefixer: Gradient has outdated direction syntax. New syntax is like `to left` instead of `right`.

./node_modules/next/dist/build/webpack/loaders/css-loader/src/index.js??ruleSet[1].rules[3].oneOf[10].use[1]!./node_modules/next/dist/build/webpack/loaders/postcss-loader/src/index.js??ruleSet[1].rules[3].oneOf[10].use[2]!./node_modules/next/dist/build/webpack/loaders/resolve-url-loader/index.js??ruleSet[1].rules[3].oneOf[10].use[3]!./node_modules/next/dist/compiled/sass-loader/cjs.js??ruleSet[1].rules[3].oneOf[10].use[4]!./styles/sass/style.scss
Warning

(11477:3) autoprefixer: end value has mixed support, consider using flex-end instead

./node_modules/next/dist/build/webpack/loaders/css-loader/src/index.js??ruleSet[1].rules[3].oneOf[10].use[1]!./node_modules/next/dist/build/webpack/loaders/postcss-loader/src/index.js??ruleSet[1].rules[3].oneOf[10].use[2]!./node_modules/next/dist/build/webpack/loaders/resolve-url-loader/index.js??ruleSet[1].rules[3].oneOf[10].use[3]!./node_modules/next/dist/compiled/sass-loader/cjs.js??ruleSet[1].rules[3].oneOf[10].use[4]!./styles/sass/style.scss
Warning

(13300:3) autoprefixer: end value has mixed support, consider using flex-end instead
warn  - ./node_modules/next/dist/build/webpack/loaders/css-loader/src/index.js??ruleSet[1].rules[3].oneOf[10].use[1]!./node_modules/next/dist/build/webpack/loaders/postcss-loader/src/index.js??ruleSet[1].rules[3].oneOf[10].use[2]!./node_modules/next/dist/build/webpack/loaders/resolve-url-loader/index.js??ruleSet[1].rules[3].oneOf[10].use[3]!./node_modules/next/dist/compiled/sass-loader/cjs.js??ruleSet[1].rules[3].oneOf[10].use[4]!./styles/sass/style.scss
Warning

(594:3) autoprefixer: Gradient has outdated direction syntax. New syntax is like `to left` instead of `right`.

./node_modules/next/dist/build/webpack/loaders/css-loader/src/index.js??ruleSet[1].rules[3].oneOf[10].use[1]!./node_modules/next/dist/build/webpack/loaders/postcss-loader/src/index.js??ruleSet[1].rules[3].oneOf[10].use[2]!./node_modules/next/dist/build/webpack/loaders/resolve-url-loader/index.js??ruleSet[1].rules[3].oneOf[10].use[3]!./node_modules/next/dist/compiled/sass-loader/cjs.js??ruleSet[1].rules[3].oneOf[10].use[4]!./styles/sass/style.scss
Warning

(1750:3) autoprefixer: end value has mixed support, consider using flex-end instead

./node_modules/next/dist/build/webpack/loaders/css-loader/src/index.js??ruleSet[1].rules[3].oneOf[10].use[1]!./node_modules/next/dist/build/webpack/loaders/postcss-loader/src/index.js??ruleSet[1].rules[3].oneOf[10].use[2]!./node_modules/next/dist/build/webpack/loaders/resolve-url-loader/index.js??ruleSet[1].rules[3].oneOf[10].use[3]!./node_modules/next/dist/compiled/sass-loader/cjs.js??ruleSet[1].rules[3].oneOf[10].use[4]!./styles/sass/style.scss
Warning

(1950:3) autoprefixer: end value has mixed support, consider using flex-end instead

./node_modules/next/dist/build/webpack/loaders/css-loader/src/index.js??ruleSet[1].rules[3].oneOf[10].use[1]!./node_modules/next/dist/build/webpack/loaders/postcss-loader/src/index.js??ruleSet[1].rules[3].oneOf[10].use[2]!./node_modules/next/dist/build/webpack/loaders/resolve-url-loader/index.js??ruleSet[1].rules[3].oneOf[10].use[3]!./node_modules/next/dist/compiled/sass-loader/cjs.js??ruleSet[1].rules[3].oneOf[10].use[4]!./styles/sass/style.scss
Warning

(3957:3) autoprefixer: Gradient has outdated direction syntax. New syntax is like `to left` instead of `right`.

./node_modules/next/dist/build/webpack/loaders/css-loader/src/index.js??ruleSet[1].rules[3].oneOf[10].use[1]!./node_modules/next/dist/build/webpack/loaders/postcss-loader/src/index.js??ruleSet[1].rules[3].oneOf[10].use[2]!./node_modules/next/dist/build/webpack/loaders/resolve-url-loader/index.js??ruleSet[1].rules[3].oneOf[10].use[3]!./node_modules/next/dist/compiled/sass-loader/cjs.js??ruleSet[1].rules[3].oneOf[10].use[4]!./styles/sass/style.scss
Warning

(11477:3) autoprefixer: end value has mixed support, consider using flex-end instead

./node_modules/next/dist/build/webpack/loaders/css-loader/src/index.js??ruleSet[1].rules[3].oneOf[10].use[1]!./node_modules/next/dist/build/webpack/loaders/postcss-loader/src/index.js??ruleSet[1].rules[3].oneOf[10].use[2]!./node_modules/next/dist/build/webpack/loaders/resolve-url-loader/index.js??ruleSet[1].rules[3].oneOf[10].use[3]!./node_modules/next/dist/compiled/sass-loader/cjs.js??ruleSet[1].rules[3].oneOf[10].use[4]!./styles/sass/style.scss
Warning

(13300:3) autoprefixer: end value has mixed support, consider using flex-end instead
wait  - compiling /404 (client and server)...
warn  - ./node_modules/next/dist/build/webpack/loaders/css-loader/src/index.js??ruleSet[1].rules[3].oneOf[10].use[1]!./node_modules/next/dist/build/webpack/loaders/postcss-loader/src/index.js??ruleSet[1].rules[3].oneOf[10].use[2]!./node_modules/next/dist/build/webpack/loaders/resolve-url-loader/index.js??ruleSet[1].rules[3].oneOf[10].use[3]!./node_modules/next/dist/compiled/sass-loader/cjs.js??ruleSet[1].rules[3].oneOf[10].use[4]!./styles/sass/style.scss
Warning

(594:3) autoprefixer: Gradient has outdated direction syntax. New syntax is like `to left` instead of `right`.

./node_modules/next/dist/build/webpack/loaders/css-loader/src/index.js??ruleSet[1].rules[3].oneOf[10].use[1]!./node_modules/next/dist/build/webpack/loaders/postcss-loader/src/index.js??ruleSet[1].rules[3].oneOf[10].use[2]!./node_modules/next/dist/build/webpack/loaders/resolve-url-loader/index.js??ruleSet[1].rules[3].oneOf[10].use[3]!./node_modules/next/dist/compiled/sass-loader/cjs.js??ruleSet[1].rules[3].oneOf[10].use[4]!./styles/sass/style.scss
Warning

(1750:3) autoprefixer: end value has mixed support, consider using flex-end instead

./node_modules/next/dist/build/webpack/loaders/css-loader/src/index.js??ruleSet[1].rules[3].oneOf[10].use[1]!./node_modules/next/dist/build/webpack/loaders/postcss-loader/src/index.js??ruleSet[1].rules[3].oneOf[10].use[2]!./node_modules/next/dist/build/webpack/loaders/resolve-url-loader/index.js??ruleSet[1].rules[3].oneOf[10].use[3]!./node_modules/next/dist/compiled/sass-loader/cjs.js??ruleSet[1].rules[3].oneOf[10].use[4]!./styles/sass/style.scss
Warning

(1950:3) autoprefixer: end value has mixed support, consider using flex-end instead

./node_modules/next/dist/build/webpack/loaders/css-loader/src/index.js??ruleSet[1].rules[3].oneOf[10].use[1]!./node_modules/next/dist/build/webpack/loaders/postcss-loader/src/index.js??ruleSet[1].rules[3].oneOf[10].use[2]!./node_modules/next/dist/build/webpack/loaders/resolve-url-loader/index.js??ruleSet[1].rules[3].oneOf[10].use[3]!./node_modules/next/dist/compiled/sass-loader/cjs.js??ruleSet[1].rules[3].oneOf[10].use[4]!./styles/sass/style.scss
Warning

(3957:3) autoprefixer: Gradient has outdated direction syntax. New syntax is like `to left` instead of `right`.

./node_modules/next/dist/build/webpack/loaders/css-loader/src/index.js??ruleSet[1].rules[3].oneOf[10].use[1]!./node_modules/next/dist/build/webpack/loaders/postcss-loader/src/index.js??ruleSet[1].rules[3].oneOf[10].use[2]!./node_modules/next/dist/build/webpack/loaders/resolve-url-loader/index.js??ruleSet[1].rules[3].oneOf[10].use[3]!./node_modules/next/dist/compiled/sass-loader/cjs.js??ruleSet[1].rules[3].oneOf[10].use[4]!./styles/sass/style.scss
Warning

(11477:3) autoprefixer: end value has mixed support, consider using flex-end instead

./node_modules/next/dist/build/webpack/loaders/css-loader/src/index.js??ruleSet[1].rules[3].oneOf[10].use[1]!./node_modules/next/dist/build/webpack/loaders/postcss-loader/src/index.js??ruleSet[1].rules[3].oneOf[10].use[2]!./node_modules/next/dist/build/webpack/loaders/resolve-url-loader/index.js??ruleSet[1].rules[3].oneOf[10].use[3]!./node_modules/next/dist/compiled/sass-loader/cjs.js??ruleSet[1].rules[3].oneOf[10].use[4]!./styles/sass/style.scss
Warning

(13300:3) autoprefixer: end value has mixed support, consider using flex-end instead
warn  - ./node_modules/next/dist/build/webpack/loaders/css-loader/src/index.js??ruleSet[1].rules[3].oneOf[10].use[1]!./node_modules/next/dist/build/webpack/loaders/postcss-loader/src/index.js??ruleSet[1].rules[3].oneOf[10].use[2]!./node_modules/next/dist/build/webpack/loaders/resolve-url-loader/index.js??ruleSet[1].rules[3].oneOf[10].use[3]!./node_modules/next/dist/compiled/sass-loader/cjs.js??ruleSet[1].rules[3].oneOf[10].use[4]!./styles/sass/style.scss
Warning

(594:3) autoprefixer: Gradient has outdated direction syntax. New syntax is like `to left` instead of `right`.

./node_modules/next/dist/build/webpack/loaders/css-loader/src/index.js??ruleSet[1].rules[3].oneOf[10].use[1]!./node_modules/next/dist/build/webpack/loaders/postcss-loader/src/index.js??ruleSet[1].rules[3].oneOf[10].use[2]!./node_modules/next/dist/build/webpack/loaders/resolve-url-loader/index.js??ruleSet[1].rules[3].oneOf[10].use[3]!./node_modules/next/dist/compiled/sass-loader/cjs.js??ruleSet[1].rules[3].oneOf[10].use[4]!./styles/sass/style.scss
Warning

(1750:3) autoprefixer: end value has mixed support, consider using flex-end instead

./node_modules/next/dist/build/webpack/loaders/css-loader/src/index.js??ruleSet[1].rules[3].oneOf[10].use[1]!./node_modules/next/dist/build/webpack/loaders/postcss-loader/src/index.js??ruleSet[1].rules[3].oneOf[10].use[2]!./node_modules/next/dist/build/webpack/loaders/resolve-url-loader/index.js??ruleSet[1].rules[3].oneOf[10].use[3]!./node_modules/next/dist/compiled/sass-loader/cjs.js??ruleSet[1].rules[3].oneOf[10].use[4]!./styles/sass/style.scss
Warning

(1950:3) autoprefixer: end value has mixed support, consider using flex-end instead

./node_modules/next/dist/build/webpack/loaders/css-loader/src/index.js??ruleSet[1].rules[3].oneOf[10].use[1]!./node_modules/next/dist/build/webpack/loaders/postcss-loader/src/index.js??ruleSet[1].rules[3].oneOf[10].use[2]!./node_modules/next/dist/build/webpack/loaders/resolve-url-loader/index.js??ruleSet[1].rules[3].oneOf[10].use[3]!./node_modules/next/dist/compiled/sass-loader/cjs.js??ruleSet[1].rules[3].oneOf[10].use[4]!./styles/sass/style.scss
Warning

(3957:3) autoprefixer: Gradient has outdated direction syntax. New syntax is like `to left` instead of `right`.

./node_modules/next/dist/build/webpack/loaders/css-loader/src/index.js??ruleSet[1].rules[3].oneOf[10].use[1]!./node_modules/next/dist/build/webpack/loaders/postcss-loader/src/index.js??ruleSet[1].rules[3].oneOf[10].use[2]!./node_modules/next/dist/build/webpack/loaders/resolve-url-loader/index.js??ruleSet[1].rules[3].oneOf[10].use[3]!./node_modules/next/dist/compiled/sass-loader/cjs.js??ruleSet[1].rules[3].oneOf[10].use[4]!./styles/sass/style.scss
Warning

(11477:3) autoprefixer: end value has mixed support, consider using flex-end instead

./node_modules/next/dist/build/webpack/loaders/css-loader/src/index.js??ruleSet[1].rules[3].oneOf[10].use[1]!./node_modules/next/dist/build/webpack/loaders/postcss-loader/src/index.js??ruleSet[1].rules[3].oneOf[10].use[2]!./node_modules/next/dist/build/webpack/loaders/resolve-url-loader/index.js??ruleSet[1].rules[3].oneOf[10].use[3]!./node_modules/next/dist/compiled/sass-loader/cjs.js??ruleSet[1].rules[3].oneOf[10].use[4]!./styles/sass/style.scss
Warning

(13300:3) autoprefixer: end value has mixed support, consider using flex-end instead
wait  - compiling /service...
warn  - ./node_modules/next/dist/build/webpack/loaders/css-loader/src/index.js??ruleSet[1].rules[3].oneOf[10].use[1]!./node_modules/next/dist/build/webpack/loaders/postcss-loader/src/index.js??ruleSet[1].rules[3].oneOf[10].use[2]!./node_modules/next/dist/build/webpack/loaders/resolve-url-loader/index.js??ruleSet[1].rules[3].oneOf[10].use[3]!./node_modules/next/dist/compiled/sass-loader/cjs.js??ruleSet[1].rules[3].oneOf[10].use[4]!./styles/sass/style.scss
Warning

(594:3) autoprefixer: Gradient has outdated direction syntax. New syntax is like `to left` instead of `right`.

./node_modules/next/dist/build/webpack/loaders/css-loader/src/index.js??ruleSet[1].rules[3].oneOf[10].use[1]!./node_modules/next/dist/build/webpack/loaders/postcss-loader/src/index.js??ruleSet[1].rules[3].oneOf[10].use[2]!./node_modules/next/dist/build/webpack/loaders/resolve-url-loader/index.js??ruleSet[1].rules[3].oneOf[10].use[3]!./node_modules/next/dist/compiled/sass-loader/cjs.js??ruleSet[1].rules[3].oneOf[10].use[4]!./styles/sass/style.scss
Warning

(1750:3) autoprefixer: end value has mixed support, consider using flex-end instead

./node_modules/next/dist/build/webpack/loaders/css-loader/src/index.js??ruleSet[1].rules[3].oneOf[10].use[1]!./node_modules/next/dist/build/webpack/loaders/postcss-loader/src/index.js??ruleSet[1].rules[3].oneOf[10].use[2]!./node_modules/next/dist/build/webpack/loaders/resolve-url-loader/index.js??ruleSet[1].rules[3].oneOf[10].use[3]!./node_modules/next/dist/compiled/sass-loader/cjs.js??ruleSet[1].rules[3].oneOf[10].use[4]!./styles/sass/style.scss
Warning

(1950:3) autoprefixer: end value has mixed support, consider using flex-end instead

./node_modules/next/dist/build/webpack/loaders/css-loader/src/index.js??ruleSet[1].rules[3].oneOf[10].use[1]!./node_modules/next/dist/build/webpack/loaders/postcss-loader/src/index.js??ruleSet[1].rules[3].oneOf[10].use[2]!./node_modules/next/dist/build/webpack/loaders/resolve-url-loader/index.js??ruleSet[1].rules[3].oneOf[10].use[3]!./node_modules/next/dist/compiled/sass-loader/cjs.js??ruleSet[1].rules[3].oneOf[10].use[4]!./styles/sass/style.scss
Warning

(3957:3) autoprefixer: Gradient has outdated direction syntax. New syntax is like `to left` instead of `right`.

./node_modules/next/dist/build/webpack/loaders/css-loader/src/index.js??ruleSet[1].rules[3].oneOf[10].use[1]!./node_modules/next/dist/build/webpack/loaders/postcss-loader/src/index.js??ruleSet[1].rules[3].oneOf[10].use[2]!./node_modules/next/dist/build/webpack/loaders/resolve-url-loader/index.js??ruleSet[1].rules[3].oneOf[10].use[3]!./node_modules/next/dist/compiled/sass-loader/cjs.js??ruleSet[1].rules[3].oneOf[10].use[4]!./styles/sass/style.scss
Warning

(11477:3) autoprefixer: end value has mixed support, consider using flex-end instead

./node_modules/next/dist/build/webpack/loaders/css-loader/src/index.js??ruleSet[1].rules[3].oneOf[10].use[1]!./node_modules/next/dist/build/webpack/loaders/postcss-loader/src/index.js??ruleSet[1].rules[3].oneOf[10].use[2]!./node_modules/next/dist/build/webpack/loaders/resolve-url-loader/index.js??ruleSet[1].rules[3].oneOf[10].use[3]!./node_modules/next/dist/compiled/sass-loader/cjs.js??ruleSet[1].rules[3].oneOf[10].use[4]!./styles/sass/style.scss
Warning

(13300:3) autoprefixer: end value has mixed support, consider using flex-end instead
warn  - ./node_modules/next/dist/build/webpack/loaders/css-loader/src/index.js??ruleSet[1].rules[3].oneOf[10].use[1]!./node_modules/next/dist/build/webpack/loaders/postcss-loader/src/index.js??ruleSet[1].rules[3].oneOf[10].use[2]!./node_modules/next/dist/build/webpack/loaders/resolve-url-loader/index.js??ruleSet[1].rules[3].oneOf[10].use[3]!./node_modules/next/dist/compiled/sass-loader/cjs.js??ruleSet[1].rules[3].oneOf[10].use[4]!./styles/sass/style.scss
Warning

(594:3) autoprefixer: Gradient has outdated direction syntax. New syntax is like `to left` instead of `right`.

./node_modules/next/dist/build/webpack/loaders/css-loader/src/index.js??ruleSet[1].rules[3].oneOf[10].use[1]!./node_modules/next/dist/build/webpack/loaders/postcss-loader/src/index.js??ruleSet[1].rules[3].oneOf[10].use[2]!./node_modules/next/dist/build/webpack/loaders/resolve-url-loader/index.js??ruleSet[1].rules[3].oneOf[10].use[3]!./node_modules/next/dist/compiled/sass-loader/cjs.js??ruleSet[1].rules[3].oneOf[10].use[4]!./styles/sass/style.scss
Warning

(1750:3) autoprefixer: end value has mixed support, consider using flex-end instead

./node_modules/next/dist/build/webpack/loaders/css-loader/src/index.js??ruleSet[1].rules[3].oneOf[10].use[1]!./node_modules/next/dist/build/webpack/loaders/postcss-loader/src/index.js??ruleSet[1].rules[3].oneOf[10].use[2]!./node_modules/next/dist/build/webpack/loaders/resolve-url-loader/index.js??ruleSet[1].rules[3].oneOf[10].use[3]!./node_modules/next/dist/compiled/sass-loader/cjs.js??ruleSet[1].rules[3].oneOf[10].use[4]!./styles/sass/style.scss
Warning

(1950:3) autoprefixer: end value has mixed support, consider using flex-end instead

./node_modules/next/dist/build/webpack/loaders/css-loader/src/index.js??ruleSet[1].rules[3].oneOf[10].use[1]!./node_modules/next/dist/build/webpack/loaders/postcss-loader/src/index.js??ruleSet[1].rules[3].oneOf[10].use[2]!./node_modules/next/dist/build/webpack/loaders/resolve-url-loader/index.js??ruleSet[1].rules[3].oneOf[10].use[3]!./node_modules/next/dist/compiled/sass-loader/cjs.js??ruleSet[1].rules[3].oneOf[10].use[4]!./styles/sass/style.scss
Warning

(3957:3) autoprefixer: Gradient has outdated direction syntax. New syntax is like `to left` instead of `right`.

./node_modules/next/dist/build/webpack/loaders/css-loader/src/index.js??ruleSet[1].rules[3].oneOf[10].use[1]!./node_modules/next/dist/build/webpack/loaders/postcss-loader/src/index.js??ruleSet[1].rules[3].oneOf[10].use[2]!./node_modules/next/dist/build/webpack/loaders/resolve-url-loader/index.js??ruleSet[1].rules[3].oneOf[10].use[3]!./node_modules/next/dist/compiled/sass-loader/cjs.js??ruleSet[1].rules[3].oneOf[10].use[4]!./styles/sass/style.scss
Warning

(11477:3) autoprefixer: end value has mixed support, consider using flex-end instead

./node_modules/next/dist/build/webpack/loaders/css-loader/src/index.js??ruleSet[1].rules[3].oneOf[10].use[1]!./node_modules/next/dist/build/webpack/loaders/postcss-loader/src/index.js??ruleSet[1].rules[3].oneOf[10].use[2]!./node_modules/next/dist/build/webpack/loaders/resolve-url-loader/index.js??ruleSet[1].rules[3].oneOf[10].use[3]!./node_modules/next/dist/compiled/sass-loader/cjs.js??ruleSet[1].rules[3].oneOf[10].use[4]!./styles/sass/style.scss
Warning

(13300:3) autoprefixer: end value has mixed support, consider using flex-end instead
wait  - compiling /portfolio...
warn  - ./node_modules/next/dist/build/webpack/loaders/css-loader/src/index.js??ruleSet[1].rules[3].oneOf[10].use[1]!./node_modules/next/dist/build/webpack/loaders/postcss-loader/src/index.js??ruleSet[1].rules[3].oneOf[10].use[2]!./node_modules/next/dist/build/webpack/loaders/resolve-url-loader/index.js??ruleSet[1].rules[3].oneOf[10].use[3]!./node_modules/next/dist/compiled/sass-loader/cjs.js??ruleSet[1].rules[3].oneOf[10].use[4]!./styles/sass/style.scss
Warning

(594:3) autoprefixer: Gradient has outdated direction syntax. New syntax is like `to left` instead of `right`.

./node_modules/next/dist/build/webpack/loaders/css-loader/src/index.js??ruleSet[1].rules[3].oneOf[10].use[1]!./node_modules/next/dist/build/webpack/loaders/postcss-loader/src/index.js??ruleSet[1].rules[3].oneOf[10].use[2]!./node_modules/next/dist/build/webpack/loaders/resolve-url-loader/index.js??ruleSet[1].rules[3].oneOf[10].use[3]!./node_modules/next/dist/compiled/sass-loader/cjs.js??ruleSet[1].rules[3].oneOf[10].use[4]!./styles/sass/style.scss
Warning

(1750:3) autoprefixer: end value has mixed support, consider using flex-end instead

./node_modules/next/dist/build/webpack/loaders/css-loader/src/index.js??ruleSet[1].rules[3].oneOf[10].use[1]!./node_modules/next/dist/build/webpack/loaders/postcss-loader/src/index.js??ruleSet[1].rules[3].oneOf[10].use[2]!./node_modules/next/dist/build/webpack/loaders/resolve-url-loader/index.js??ruleSet[1].rules[3].oneOf[10].use[3]!./node_modules/next/dist/compiled/sass-loader/cjs.js??ruleSet[1].rules[3].oneOf[10].use[4]!./styles/sass/style.scss
Warning

(1950:3) autoprefixer: end value has mixed support, consider using flex-end instead

./node_modules/next/dist/build/webpack/loaders/css-loader/src/index.js??ruleSet[1].rules[3].oneOf[10].use[1]!./node_modules/next/dist/build/webpack/loaders/postcss-loader/src/index.js??ruleSet[1].rules[3].oneOf[10].use[2]!./node_modules/next/dist/build/webpack/loaders/resolve-url-loader/index.js??ruleSet[1].rules[3].oneOf[10].use[3]!./node_modules/next/dist/compiled/sass-loader/cjs.js??ruleSet[1].rules[3].oneOf[10].use[4]!./styles/sass/style.scss
Warning

(3957:3) autoprefixer: Gradient has outdated direction syntax. New syntax is like `to left` instead of `right`.

./node_modules/next/dist/build/webpack/loaders/css-loader/src/index.js??ruleSet[1].rules[3].oneOf[10].use[1]!./node_modules/next/dist/build/webpack/loaders/postcss-loader/src/index.js??ruleSet[1].rules[3].oneOf[10].use[2]!./node_modules/next/dist/build/webpack/loaders/resolve-url-loader/index.js??ruleSet[1].rules[3].oneOf[10].use[3]!./node_modules/next/dist/compiled/sass-loader/cjs.js??ruleSet[1].rules[3].oneOf[10].use[4]!./styles/sass/style.scss
Warning

(11477:3) autoprefixer: end value has mixed support, consider using flex-end instead

./node_modules/next/dist/build/webpack/loaders/css-loader/src/index.js??ruleSet[1].rules[3].oneOf[10].use[1]!./node_modules/next/dist/build/webpack/loaders/postcss-loader/src/index.js??ruleSet[1].rules[3].oneOf[10].use[2]!./node_modules/next/dist/build/webpack/loaders/resolve-url-loader/index.js??ruleSet[1].rules[3].oneOf[10].use[3]!./node_modules/next/dist/compiled/sass-loader/cjs.js??ruleSet[1].rules[3].oneOf[10].use[4]!./styles/sass/style.scss
Warning

(13300:3) autoprefixer: end value has mixed support, consider using flex-end instead
warn  - ./node_modules/next/dist/build/webpack/loaders/css-loader/src/index.js??ruleSet[1].rules[3].oneOf[10].use[1]!./node_modules/next/dist/build/webpack/loaders/postcss-loader/src/index.js??ruleSet[1].rules[3].oneOf[10].use[2]!./node_modules/next/dist/build/webpack/loaders/resolve-url-loader/index.js??ruleSet[1].rules[3].oneOf[10].use[3]!./node_modules/next/dist/compiled/sass-loader/cjs.js??ruleSet[1].rules[3].oneOf[10].use[4]!./styles/sass/style.scss
Warning

(594:3) autoprefixer: Gradient has outdated direction syntax. New syntax is like `to left` instead of `right`.

./node_modules/next/dist/build/webpack/loaders/css-loader/src/index.js??ruleSet[1].rules[3].oneOf[10].use[1]!./node_modules/next/dist/build/webpack/loaders/postcss-loader/src/index.js??ruleSet[1].rules[3].oneOf[10].use[2]!./node_modules/next/dist/build/webpack/loaders/resolve-url-loader/index.js??ruleSet[1].rules[3].oneOf[10].use[3]!./node_modules/next/dist/compiled/sass-loader/cjs.js??ruleSet[1].rules[3].oneOf[10].use[4]!./styles/sass/style.scss
Warning

(1750:3) autoprefixer: end value has mixed support, consider using flex-end instead

./node_modules/next/dist/build/webpack/loaders/css-loader/src/index.js??ruleSet[1].rules[3].oneOf[10].use[1]!./node_modules/next/dist/build/webpack/loaders/postcss-loader/src/index.js??ruleSet[1].rules[3].oneOf[10].use[2]!./node_modules/next/dist/build/webpack/loaders/resolve-url-loader/index.js??ruleSet[1].rules[3].oneOf[10].use[3]!./node_modules/next/dist/compiled/sass-loader/cjs.js??ruleSet[1].rules[3].oneOf[10].use[4]!./styles/sass/style.scss
Warning

(1950:3) autoprefixer: end value has mixed support, consider using flex-end instead

./node_modules/next/dist/build/webpack/loaders/css-loader/src/index.js??ruleSet[1].rules[3].oneOf[10].use[1]!./node_modules/next/dist/build/webpack/loaders/postcss-loader/src/index.js??ruleSet[1].rules[3].oneOf[10].use[2]!./node_modules/next/dist/build/webpack/loaders/resolve-url-loader/index.js??ruleSet[1].rules[3].oneOf[10].use[3]!./node_modules/next/dist/compiled/sass-loader/cjs.js??ruleSet[1].rules[3].oneOf[10].use[4]!./styles/sass/style.scss
Warning

(3957:3) autoprefixer: Gradient has outdated direction syntax. New syntax is like `to left` instead of `right`.

./node_modules/next/dist/build/webpack/loaders/css-loader/src/index.js??ruleSet[1].rules[3].oneOf[10].use[1]!./node_modules/next/dist/build/webpack/loaders/postcss-loader/src/index.js??ruleSet[1].rules[3].oneOf[10].use[2]!./node_modules/next/dist/build/webpack/loaders/resolve-url-loader/index.js??ruleSet[1].rules[3].oneOf[10].use[3]!./node_modules/next/dist/compiled/sass-loader/cjs.js??ruleSet[1].rules[3].oneOf[10].use[4]!./styles/sass/style.scss
Warning

(11477:3) autoprefixer: end value has mixed support, consider using flex-end instead

./node_modules/next/dist/build/webpack/loaders/css-loader/src/index.js??ruleSet[1].rules[3].oneOf[10].use[1]!./node_modules/next/dist/build/webpack/loaders/postcss-loader/src/index.js??ruleSet[1].rules[3].oneOf[10].use[2]!./node_modules/next/dist/build/webpack/loaders/resolve-url-loader/index.js??ruleSet[1].rules[3].oneOf[10].use[3]!./node_modules/next/dist/compiled/sass-loader/cjs.js??ruleSet[1].rules[3].oneOf[10].use[4]!./styles/sass/style.scss
Warning

(13300:3) autoprefixer: end value has mixed support, consider using flex-end instead
wait  - compiling /team...
warn  - ./node_modules/next/dist/build/webpack/loaders/css-loader/src/index.js??ruleSet[1].rules[3].oneOf[10].use[1]!./node_modules/next/dist/build/webpack/loaders/postcss-loader/src/index.js??ruleSet[1].rules[3].oneOf[10].use[2]!./node_modules/next/dist/build/webpack/loaders/resolve-url-loader/index.js??ruleSet[1].rules[3].oneOf[10].use[3]!./node_modules/next/dist/compiled/sass-loader/cjs.js??ruleSet[1].rules[3].oneOf[10].use[4]!./styles/sass/style.scss
Warning

(594:3) autoprefixer: Gradient has outdated direction syntax. New syntax is like `to left` instead of `right`.

./node_modules/next/dist/build/webpack/loaders/css-loader/src/index.js??ruleSet[1].rules[3].oneOf[10].use[1]!./node_modules/next/dist/build/webpack/loaders/postcss-loader/src/index.js??ruleSet[1].rules[3].oneOf[10].use[2]!./node_modules/next/dist/build/webpack/loaders/resolve-url-loader/index.js??ruleSet[1].rules[3].oneOf[10].use[3]!./node_modules/next/dist/compiled/sass-loader/cjs.js??ruleSet[1].rules[3].oneOf[10].use[4]!./styles/sass/style.scss
Warning

(1750:3) autoprefixer: end value has mixed support, consider using flex-end instead

./node_modules/next/dist/build/webpack/loaders/css-loader/src/index.js??ruleSet[1].rules[3].oneOf[10].use[1]!./node_modules/next/dist/build/webpack/loaders/postcss-loader/src/index.js??ruleSet[1].rules[3].oneOf[10].use[2]!./node_modules/next/dist/build/webpack/loaders/resolve-url-loader/index.js??ruleSet[1].rules[3].oneOf[10].use[3]!./node_modules/next/dist/compiled/sass-loader/cjs.js??ruleSet[1].rules[3].oneOf[10].use[4]!./styles/sass/style.scss
Warning

(1950:3) autoprefixer: end value has mixed support, consider using flex-end instead

./node_modules/next/dist/build/webpack/loaders/css-loader/src/index.js??ruleSet[1].rules[3].oneOf[10].use[1]!./node_modules/next/dist/build/webpack/loaders/postcss-loader/src/index.js??ruleSet[1].rules[3].oneOf[10].use[2]!./node_modules/next/dist/build/webpack/loaders/resolve-url-loader/index.js??ruleSet[1].rules[3].oneOf[10].use[3]!./node_modules/next/dist/compiled/sass-loader/cjs.js??ruleSet[1].rules[3].oneOf[10].use[4]!./styles/sass/style.scss
Warning

(3957:3) autoprefixer: Gradient has outdated direction syntax. New syntax is like `to left` instead of `right`.

./node_modules/next/dist/build/webpack/loaders/css-loader/src/index.js??ruleSet[1].rules[3].oneOf[10].use[1]!./node_modules/next/dist/build/webpack/loaders/postcss-loader/src/index.js??ruleSet[1].rules[3].oneOf[10].use[2]!./node_modules/next/dist/build/webpack/loaders/resolve-url-loader/index.js??ruleSet[1].rules[3].oneOf[10].use[3]!./node_modules/next/dist/compiled/sass-loader/cjs.js??ruleSet[1].rules[3].oneOf[10].use[4]!./styles/sass/style.scss
Warning

(11477:3) autoprefixer: end value has mixed support, consider using flex-end instead

./node_modules/next/dist/build/webpack/loaders/css-loader/src/index.js??ruleSet[1].rules[3].oneOf[10].use[1]!./node_modules/next/dist/build/webpack/loaders/postcss-loader/src/index.js??ruleSet[1].rules[3].oneOf[10].use[2]!./node_modules/next/dist/build/webpack/loaders/resolve-url-loader/index.js??ruleSet[1].rules[3].oneOf[10].use[3]!./node_modules/next/dist/compiled/sass-loader/cjs.js??ruleSet[1].rules[3].oneOf[10].use[4]!./styles/sass/style.scss
Warning

(13300:3) autoprefixer: end value has mixed support, consider using flex-end instead
warn  - ./node_modules/next/dist/build/webpack/loaders/css-loader/src/index.js??ruleSet[1].rules[3].oneOf[10].use[1]!./node_modules/next/dist/build/webpack/loaders/postcss-loader/src/index.js??ruleSet[1].rules[3].oneOf[10].use[2]!./node_modules/next/dist/build/webpack/loaders/resolve-url-loader/index.js??ruleSet[1].rules[3].oneOf[10].use[3]!./node_modules/next/dist/compiled/sass-loader/cjs.js??ruleSet[1].rules[3].oneOf[10].use[4]!./styles/sass/style.scss
Warning

(594:3) autoprefixer: Gradient has outdated direction syntax. New syntax is like `to left` instead of `right`.

./node_modules/next/dist/build/webpack/loaders/css-loader/src/index.js??ruleSet[1].rules[3].oneOf[10].use[1]!./node_modules/next/dist/build/webpack/loaders/postcss-loader/src/index.js??ruleSet[1].rules[3].oneOf[10].use[2]!./node_modules/next/dist/build/webpack/loaders/resolve-url-loader/index.js??ruleSet[1].rules[3].oneOf[10].use[3]!./node_modules/next/dist/compiled/sass-loader/cjs.js??ruleSet[1].rules[3].oneOf[10].use[4]!./styles/sass/style.scss
Warning

(1750:3) autoprefixer: end value has mixed support, consider using flex-end instead

./node_modules/next/dist/build/webpack/loaders/css-loader/src/index.js??ruleSet[1].rules[3].oneOf[10].use[1]!./node_modules/next/dist/build/webpack/loaders/postcss-loader/src/index.js??ruleSet[1].rules[3].oneOf[10].use[2]!./node_modules/next/dist/build/webpack/loaders/resolve-url-loader/index.js??ruleSet[1].rules[3].oneOf[10].use[3]!./node_modules/next/dist/compiled/sass-loader/cjs.js??ruleSet[1].rules[3].oneOf[10].use[4]!./styles/sass/style.scss
Warning

(1950:3) autoprefixer: end value has mixed support, consider using flex-end instead

./node_modules/next/dist/build/webpack/loaders/css-loader/src/index.js??ruleSet[1].rules[3].oneOf[10].use[1]!./node_modules/next/dist/build/webpack/loaders/postcss-loader/src/index.js??ruleSet[1].rules[3].oneOf[10].use[2]!./node_modules/next/dist/build/webpack/loaders/resolve-url-loader/index.js??ruleSet[1].rules[3].oneOf[10].use[3]!./node_modules/next/dist/compiled/sass-loader/cjs.js??ruleSet[1].rules[3].oneOf[10].use[4]!./styles/sass/style.scss
Warning

(3957:3) autoprefixer: Gradient has outdated direction syntax. New syntax is like `to left` instead of `right`.

./node_modules/next/dist/build/webpack/loaders/css-loader/src/index.js??ruleSet[1].rules[3].oneOf[10].use[1]!./node_modules/next/dist/build/webpack/loaders/postcss-loader/src/index.js??ruleSet[1].rules[3].oneOf[10].use[2]!./node_modules/next/dist/build/webpack/loaders/resolve-url-loader/index.js??ruleSet[1].rules[3].oneOf[10].use[3]!./node_modules/next/dist/compiled/sass-loader/cjs.js??ruleSet[1].rules[3].oneOf[10].use[4]!./styles/sass/style.scss
Warning

(11477:3) autoprefixer: end value has mixed support, consider using flex-end instead

./node_modules/next/dist/build/webpack/loaders/css-loader/src/index.js??ruleSet[1].rules[3].oneOf[10].use[1]!./node_modules/next/dist/build/webpack/loaders/postcss-loader/src/index.js??ruleSet[1].rules[3].oneOf[10].use[2]!./node_modules/next/dist/build/webpack/loaders/resolve-url-loader/index.js??ruleSet[1].rules[3].oneOf[10].use[3]!./node_modules/next/dist/compiled/sass-loader/cjs.js??ruleSet[1].rules[3].oneOf[10].use[4]!./styles/sass/style.scss
Warning

(13300:3) autoprefixer: end value has mixed support, consider using flex-end instead
wait  - compiling /service...
warn  - ./node_modules/next/dist/build/webpack/loaders/css-loader/src/index.js??ruleSet[1].rules[3].oneOf[10].use[1]!./node_modules/next/dist/build/webpack/loaders/postcss-loader/src/index.js??ruleSet[1].rules[3].oneOf[10].use[2]!./node_modules/next/dist/build/webpack/loaders/resolve-url-loader/index.js??ruleSet[1].rules[3].oneOf[10].use[3]!./node_modules/next/dist/compiled/sass-loader/cjs.js??ruleSet[1].rules[3].oneOf[10].use[4]!./styles/sass/style.scss
Warning

(594:3) autoprefixer: Gradient has outdated direction syntax. New syntax is like `to left` instead of `right`.

./node_modules/next/dist/build/webpack/loaders/css-loader/src/index.js??ruleSet[1].rules[3].oneOf[10].use[1]!./node_modules/next/dist/build/webpack/loaders/postcss-loader/src/index.js??ruleSet[1].rules[3].oneOf[10].use[2]!./node_modules/next/dist/build/webpack/loaders/resolve-url-loader/index.js??ruleSet[1].rules[3].oneOf[10].use[3]!./node_modules/next/dist/compiled/sass-loader/cjs.js??ruleSet[1].rules[3].oneOf[10].use[4]!./styles/sass/style.scss
Warning

(1750:3) autoprefixer: end value has mixed support, consider using flex-end instead

./node_modules/next/dist/build/webpack/loaders/css-loader/src/index.js??ruleSet[1].rules[3].oneOf[10].use[1]!./node_modules/next/dist/build/webpack/loaders/postcss-loader/src/index.js??ruleSet[1].rules[3].oneOf[10].use[2]!./node_modules/next/dist/build/webpack/loaders/resolve-url-loader/index.js??ruleSet[1].rules[3].oneOf[10].use[3]!./node_modules/next/dist/compiled/sass-loader/cjs.js??ruleSet[1].rules[3].oneOf[10].use[4]!./styles/sass/style.scss
Warning

(1950:3) autoprefixer: end value has mixed support, consider using flex-end instead

./node_modules/next/dist/build/webpack/loaders/css-loader/src/index.js??ruleSet[1].rules[3].oneOf[10].use[1]!./node_modules/next/dist/build/webpack/loaders/postcss-loader/src/index.js??ruleSet[1].rules[3].oneOf[10].use[2]!./node_modules/next/dist/build/webpack/loaders/resolve-url-loader/index.js??ruleSet[1].rules[3].oneOf[10].use[3]!./node_modules/next/dist/compiled/sass-loader/cjs.js??ruleSet[1].rules[3].oneOf[10].use[4]!./styles/sass/style.scss
Warning

(3957:3) autoprefixer: Gradient has outdated direction syntax. New syntax is like `to left` instead of `right`.

./node_modules/next/dist/build/webpack/loaders/css-loader/src/index.js??ruleSet[1].rules[3].oneOf[10].use[1]!./node_modules/next/dist/build/webpack/loaders/postcss-loader/src/index.js??ruleSet[1].rules[3].oneOf[10].use[2]!./node_modules/next/dist/build/webpack/loaders/resolve-url-loader/index.js??ruleSet[1].rules[3].oneOf[10].use[3]!./node_modules/next/dist/compiled/sass-loader/cjs.js??ruleSet[1].rules[3].oneOf[10].use[4]!./styles/sass/style.scss
Warning

(11477:3) autoprefixer: end value has mixed support, consider using flex-end instead

./node_modules/next/dist/build/webpack/loaders/css-loader/src/index.js??ruleSet[1].rules[3].oneOf[10].use[1]!./node_modules/next/dist/build/webpack/loaders/postcss-loader/src/index.js??ruleSet[1].rules[3].oneOf[10].use[2]!./node_modules/next/dist/build/webpack/loaders/resolve-url-loader/index.js??ruleSet[1].rules[3].oneOf[10].use[3]!./node_modules/next/dist/compiled/sass-loader/cjs.js??ruleSet[1].rules[3].oneOf[10].use[4]!./styles/sass/style.scss
Warning

(13300:3) autoprefixer: end value has mixed support, consider using flex-end instead
warn  - ./node_modules/next/dist/build/webpack/loaders/css-loader/src/index.js??ruleSet[1].rules[3].oneOf[10].use[1]!./node_modules/next/dist/build/webpack/loaders/postcss-loader/src/index.js??ruleSet[1].rules[3].oneOf[10].use[2]!./node_modules/next/dist/build/webpack/loaders/resolve-url-loader/index.js??ruleSet[1].rules[3].oneOf[10].use[3]!./node_modules/next/dist/compiled/sass-loader/cjs.js??ruleSet[1].rules[3].oneOf[10].use[4]!./styles/sass/style.scss
Warning

(594:3) autoprefixer: Gradient has outdated direction syntax. New syntax is like `to left` instead of `right`.

./node_modules/next/dist/build/webpack/loaders/css-loader/src/index.js??ruleSet[1].rules[3].oneOf[10].use[1]!./node_modules/next/dist/build/webpack/loaders/postcss-loader/src/index.js??ruleSet[1].rules[3].oneOf[10].use[2]!./node_modules/next/dist/build/webpack/loaders/resolve-url-loader/index.js??ruleSet[1].rules[3].oneOf[10].use[3]!./node_modules/next/dist/compiled/sass-loader/cjs.js??ruleSet[1].rules[3].oneOf[10].use[4]!./styles/sass/style.scss
Warning

(1750:3) autoprefixer: end value has mixed support, consider using flex-end instead

./node_modules/next/dist/build/webpack/loaders/css-loader/src/index.js??ruleSet[1].rules[3].oneOf[10].use[1]!./node_modules/next/dist/build/webpack/loaders/postcss-loader/src/index.js??ruleSet[1].rules[3].oneOf[10].use[2]!./node_modules/next/dist/build/webpack/loaders/resolve-url-loader/index.js??ruleSet[1].rules[3].oneOf[10].use[3]!./node_modules/next/dist/compiled/sass-loader/cjs.js??ruleSet[1].rules[3].oneOf[10].use[4]!./styles/sass/style.scss
Warning

(1950:3) autoprefixer: end value has mixed support, consider using flex-end instead

./node_modules/next/dist/build/webpack/loaders/css-loader/src/index.js??ruleSet[1].rules[3].oneOf[10].use[1]!./node_modules/next/dist/build/webpack/loaders/postcss-loader/src/index.js??ruleSet[1].rules[3].oneOf[10].use[2]!./node_modules/next/dist/build/webpack/loaders/resolve-url-loader/index.js??ruleSet[1].rules[3].oneOf[10].use[3]!./node_modules/next/dist/compiled/sass-loader/cjs.js??ruleSet[1].rules[3].oneOf[10].use[4]!./styles/sass/style.scss
Warning

(3957:3) autoprefixer: Gradient has outdated direction syntax. New syntax is like `to left` instead of `right`.

./node_modules/next/dist/build/webpack/loaders/css-loader/src/index.js??ruleSet[1].rules[3].oneOf[10].use[1]!./node_modules/next/dist/build/webpack/loaders/postcss-loader/src/index.js??ruleSet[1].rules[3].oneOf[10].use[2]!./node_modules/next/dist/build/webpack/loaders/resolve-url-loader/index.js??ruleSet[1].rules[3].oneOf[10].use[3]!./node_modules/next/dist/compiled/sass-loader/cjs.js??ruleSet[1].rules[3].oneOf[10].use[4]!./styles/sass/style.scss
Warning

(11477:3) autoprefixer: end value has mixed support, consider using flex-end instead

./node_modules/next/dist/build/webpack/loaders/css-loader/src/index.js??ruleSet[1].rules[3].oneOf[10].use[1]!./node_modules/next/dist/build/webpack/loaders/postcss-loader/src/index.js??ruleSet[1].rules[3].oneOf[10].use[2]!./node_modules/next/dist/build/webpack/loaders/resolve-url-loader/index.js??ruleSet[1].rules[3].oneOf[10].use[3]!./node_modules/next/dist/compiled/sass-loader/cjs.js??ruleSet[1].rules[3].oneOf[10].use[4]!./styles/sass/style.scss
Warning

(13300:3) autoprefixer: end value has mixed support, consider using flex-end instead
wait  - compiling /about...
warn  - ./node_modules/next/dist/build/webpack/loaders/css-loader/src/index.js??ruleSet[1].rules[3].oneOf[10].use[1]!./node_modules/next/dist/build/webpack/loaders/postcss-loader/src/index.js??ruleSet[1].rules[3].oneOf[10].use[2]!./node_modules/next/dist/build/webpack/loaders/resolve-url-loader/index.js??ruleSet[1].rules[3].oneOf[10].use[3]!./node_modules/next/dist/compiled/sass-loader/cjs.js??ruleSet[1].rules[3].oneOf[10].use[4]!./styles/sass/style.scss
Warning

(594:3) autoprefixer: Gradient has outdated direction syntax. New syntax is like `to left` instead of `right`.

./node_modules/next/dist/build/webpack/loaders/css-loader/src/index.js??ruleSet[1].rules[3].oneOf[10].use[1]!./node_modules/next/dist/build/webpack/loaders/postcss-loader/src/index.js??ruleSet[1].rules[3].oneOf[10].use[2]!./node_modules/next/dist/build/webpack/loaders/resolve-url-loader/index.js??ruleSet[1].rules[3].oneOf[10].use[3]!./node_modules/next/dist/compiled/sass-loader/cjs.js??ruleSet[1].rules[3].oneOf[10].use[4]!./styles/sass/style.scss
Warning

(1750:3) autoprefixer: end value has mixed support, consider using flex-end instead

./node_modules/next/dist/build/webpack/loaders/css-loader/src/index.js??ruleSet[1].rules[3].oneOf[10].use[1]!./node_modules/next/dist/build/webpack/loaders/postcss-loader/src/index.js??ruleSet[1].rules[3].oneOf[10].use[2]!./node_modules/next/dist/build/webpack/loaders/resolve-url-loader/index.js??ruleSet[1].rules[3].oneOf[10].use[3]!./node_modules/next/dist/compiled/sass-loader/cjs.js??ruleSet[1].rules[3].oneOf[10].use[4]!./styles/sass/style.scss
Warning

(1950:3) autoprefixer: end value has mixed support, consider using flex-end instead

./node_modules/next/dist/build/webpack/loaders/css-loader/src/index.js??ruleSet[1].rules[3].oneOf[10].use[1]!./node_modules/next/dist/build/webpack/loaders/postcss-loader/src/index.js??ruleSet[1].rules[3].oneOf[10].use[2]!./node_modules/next/dist/build/webpack/loaders/resolve-url-loader/index.js??ruleSet[1].rules[3].oneOf[10].use[3]!./node_modules/next/dist/compiled/sass-loader/cjs.js??ruleSet[1].rules[3].oneOf[10].use[4]!./styles/sass/style.scss
Warning

(3957:3) autoprefixer: Gradient has outdated direction syntax. New syntax is like `to left` instead of `right`.

./node_modules/next/dist/build/webpack/loaders/css-loader/src/index.js??ruleSet[1].rules[3].oneOf[10].use[1]!./node_modules/next/dist/build/webpack/loaders/postcss-loader/src/index.js??ruleSet[1].rules[3].oneOf[10].use[2]!./node_modules/next/dist/build/webpack/loaders/resolve-url-loader/index.js??ruleSet[1].rules[3].oneOf[10].use[3]!./node_modules/next/dist/compiled/sass-loader/cjs.js??ruleSet[1].rules[3].oneOf[10].use[4]!./styles/sass/style.scss
Warning

(11477:3) autoprefixer: end value has mixed support, consider using flex-end instead

./node_modules/next/dist/build/webpack/loaders/css-loader/src/index.js??ruleSet[1].rules[3].oneOf[10].use[1]!./node_modules/next/dist/build/webpack/loaders/postcss-loader/src/index.js??ruleSet[1].rules[3].oneOf[10].use[2]!./node_modules/next/dist/build/webpack/loaders/resolve-url-loader/index.js??ruleSet[1].rules[3].oneOf[10].use[3]!./node_modules/next/dist/compiled/sass-loader/cjs.js??ruleSet[1].rules[3].oneOf[10].use[4]!./styles/sass/style.scss
Warning

(13300:3) autoprefixer: end value has mixed support, consider using flex-end instead
warn  - ./node_modules/next/dist/build/webpack/loaders/css-loader/src/index.js??ruleSet[1].rules[3].oneOf[10].use[1]!./node_modules/next/dist/build/webpack/loaders/postcss-loader/src/index.js??ruleSet[1].rules[3].oneOf[10].use[2]!./node_modules/next/dist/build/webpack/loaders/resolve-url-loader/index.js??ruleSet[1].rules[3].oneOf[10].use[3]!./node_modules/next/dist/compiled/sass-loader/cjs.js??ruleSet[1].rules[3].oneOf[10].use[4]!./styles/sass/style.scss
Warning

(594:3) autoprefixer: Gradient has outdated direction syntax. New syntax is like `to left` instead of `right`.

./node_modules/next/dist/build/webpack/loaders/css-loader/src/index.js??ruleSet[1].rules[3].oneOf[10].use[1]!./node_modules/next/dist/build/webpack/loaders/postcss-loader/src/index.js??ruleSet[1].rules[3].oneOf[10].use[2]!./node_modules/next/dist/build/webpack/loaders/resolve-url-loader/index.js??ruleSet[1].rules[3].oneOf[10].use[3]!./node_modules/next/dist/compiled/sass-loader/cjs.js??ruleSet[1].rules[3].oneOf[10].use[4]!./styles/sass/style.scss
Warning

(1750:3) autoprefixer: end value has mixed support, consider using flex-end instead

./node_modules/next/dist/build/webpack/loaders/css-loader/src/index.js??ruleSet[1].rules[3].oneOf[10].use[1]!./node_modules/next/dist/build/webpack/loaders/postcss-loader/src/index.js??ruleSet[1].rules[3].oneOf[10].use[2]!./node_modules/next/dist/build/webpack/loaders/resolve-url-loader/index.js??ruleSet[1].rules[3].oneOf[10].use[3]!./node_modules/next/dist/compiled/sass-loader/cjs.js??ruleSet[1].rules[3].oneOf[10].use[4]!./styles/sass/style.scss
Warning

(1950:3) autoprefixer: end value has mixed support, consider using flex-end instead

./node_modules/next/dist/build/webpack/loaders/css-loader/src/index.js??ruleSet[1].rules[3].oneOf[10].use[1]!./node_modules/next/dist/build/webpack/loaders/postcss-loader/src/index.js??ruleSet[1].rules[3].oneOf[10].use[2]!./node_modules/next/dist/build/webpack/loaders/resolve-url-loader/index.js??ruleSet[1].rules[3].oneOf[10].use[3]!./node_modules/next/dist/compiled/sass-loader/cjs.js??ruleSet[1].rules[3].oneOf[10].use[4]!./styles/sass/style.scss
Warning

(3957:3) autoprefixer: Gradient has outdated direction syntax. New syntax is like `to left` instead of `right`.

./node_modules/next/dist/build/webpack/loaders/css-loader/src/index.js??ruleSet[1].rules[3].oneOf[10].use[1]!./node_modules/next/dist/build/webpack/loaders/postcss-loader/src/index.js??ruleSet[1].rules[3].oneOf[10].use[2]!./node_modules/next/dist/build/webpack/loaders/resolve-url-loader/index.js??ruleSet[1].rules[3].oneOf[10].use[3]!./node_modules/next/dist/compiled/sass-loader/cjs.js??ruleSet[1].rules[3].oneOf[10].use[4]!./styles/sass/style.scss
Warning

(11477:3) autoprefixer: end value has mixed support, consider using flex-end instead

./node_modules/next/dist/build/webpack/loaders/css-loader/src/index.js??ruleSet[1].rules[3].oneOf[10].use[1]!./node_modules/next/dist/build/webpack/loaders/postcss-loader/src/index.js??ruleSet[1].rules[3].oneOf[10].use[2]!./node_modules/next/dist/build/webpack/loaders/resolve-url-loader/index.js??ruleSet[1].rules[3].oneOf[10].use[3]!./node_modules/next/dist/compiled/sass-loader/cjs.js??ruleSet[1].rules[3].oneOf[10].use[4]!./styles/sass/style.scss
Warning

(13300:3) autoprefixer: end value has mixed support, consider using flex-end instead
wait  - compiling /service/[slug]...
warn  - ./node_modules/next/dist/build/webpack/loaders/css-loader/src/index.js??ruleSet[1].rules[3].oneOf[10].use[1]!./node_modules/next/dist/build/webpack/loaders/postcss-loader/src/index.js??ruleSet[1].rules[3].oneOf[10].use[2]!./node_modules/next/dist/build/webpack/loaders/resolve-url-loader/index.js??ruleSet[1].rules[3].oneOf[10].use[3]!./node_modules/next/dist/compiled/sass-loader/cjs.js??ruleSet[1].rules[3].oneOf[10].use[4]!./styles/sass/style.scss
Warning

(594:3) autoprefixer: Gradient has outdated direction syntax. New syntax is like `to left` instead of `right`.

./node_modules/next/dist/build/webpack/loaders/css-loader/src/index.js??ruleSet[1].rules[3].oneOf[10].use[1]!./node_modules/next/dist/build/webpack/loaders/postcss-loader/src/index.js??ruleSet[1].rules[3].oneOf[10].use[2]!./node_modules/next/dist/build/webpack/loaders/resolve-url-loader/index.js??ruleSet[1].rules[3].oneOf[10].use[3]!./node_modules/next/dist/compiled/sass-loader/cjs.js??ruleSet[1].rules[3].oneOf[10].use[4]!./styles/sass/style.scss
Warning

(1750:3) autoprefixer: end value has mixed support, consider using flex-end instead

./node_modules/next/dist/build/webpack/loaders/css-loader/src/index.js??ruleSet[1].rules[3].oneOf[10].use[1]!./node_modules/next/dist/build/webpack/loaders/postcss-loader/src/index.js??ruleSet[1].rules[3].oneOf[10].use[2]!./node_modules/next/dist/build/webpack/loaders/resolve-url-loader/index.js??ruleSet[1].rules[3].oneOf[10].use[3]!./node_modules/next/dist/compiled/sass-loader/cjs.js??ruleSet[1].rules[3].oneOf[10].use[4]!./styles/sass/style.scss
Warning

(1950:3) autoprefixer: end value has mixed support, consider using flex-end instead

./node_modules/next/dist/build/webpack/loaders/css-loader/src/index.js??ruleSet[1].rules[3].oneOf[10].use[1]!./node_modules/next/dist/build/webpack/loaders/postcss-loader/src/index.js??ruleSet[1].rules[3].oneOf[10].use[2]!./node_modules/next/dist/build/webpack/loaders/resolve-url-loader/index.js??ruleSet[1].rules[3].oneOf[10].use[3]!./node_modules/next/dist/compiled/sass-loader/cjs.js??ruleSet[1].rules[3].oneOf[10].use[4]!./styles/sass/style.scss
Warning

(3957:3) autoprefixer: Gradient has outdated direction syntax. New syntax is like `to left` instead of `right`.

./node_modules/next/dist/build/webpack/loaders/css-loader/src/index.js??ruleSet[1].rules[3].oneOf[10].use[1]!./node_modules/next/dist/build/webpack/loaders/postcss-loader/src/index.js??ruleSet[1].rules[3].oneOf[10].use[2]!./node_modules/next/dist/build/webpack/loaders/resolve-url-loader/index.js??ruleSet[1].rules[3].oneOf[10].use[3]!./node_modules/next/dist/compiled/sass-loader/cjs.js??ruleSet[1].rules[3].oneOf[10].use[4]!./styles/sass/style.scss
Warning

(11477:3) autoprefixer: end value has mixed support, consider using flex-end instead

./node_modules/next/dist/build/webpack/loaders/css-loader/src/index.js??ruleSet[1].rules[3].oneOf[10].use[1]!./node_modules/next/dist/build/webpack/loaders/postcss-loader/src/index.js??ruleSet[1].rules[3].oneOf[10].use[2]!./node_modules/next/dist/build/webpack/loaders/resolve-url-loader/index.js??ruleSet[1].rules[3].oneOf[10].use[3]!./node_modules/next/dist/compiled/sass-loader/cjs.js??ruleSet[1].rules[3].oneOf[10].use[4]!./styles/sass/style.scss
Warning

(13300:3) autoprefixer: end value has mixed support, consider using flex-end instead
wait  - compiling...
warn  - ./node_modules/next/dist/build/webpack/loaders/css-loader/src/index.js??ruleSet[1].rules[3].oneOf[10].use[1]!./node_modules/next/dist/build/webpack/loaders/postcss-loader/src/index.js??ruleSet[1].rules[3].oneOf[10].use[2]!./node_modules/next/dist/build/webpack/loaders/resolve-url-loader/index.js??ruleSet[1].rules[3].oneOf[10].use[3]!./node_modules/next/dist/compiled/sass-loader/cjs.js??ruleSet[1].rules[3].oneOf[10].use[4]!./styles/sass/style.scss
Warning

(594:3) autoprefixer: Gradient has outdated direction syntax. New syntax is like `to left` instead of `right`.

./node_modules/next/dist/build/webpack/loaders/css-loader/src/index.js??ruleSet[1].rules[3].oneOf[10].use[1]!./node_modules/next/dist/build/webpack/loaders/postcss-loader/src/index.js??ruleSet[1].rules[3].oneOf[10].use[2]!./node_modules/next/dist/build/webpack/loaders/resolve-url-loader/index.js??ruleSet[1].rules[3].oneOf[10].use[3]!./node_modules/next/dist/compiled/sass-loader/cjs.js??ruleSet[1].rules[3].oneOf[10].use[4]!./styles/sass/style.scss
Warning

(1750:3) autoprefixer: end value has mixed support, consider using flex-end instead

./node_modules/next/dist/build/webpack/loaders/css-loader/src/index.js??ruleSet[1].rules[3].oneOf[10].use[1]!./node_modules/next/dist/build/webpack/loaders/postcss-loader/src/index.js??ruleSet[1].rules[3].oneOf[10].use[2]!./node_modules/next/dist/build/webpack/loaders/resolve-url-loader/index.js??ruleSet[1].rules[3].oneOf[10].use[3]!./node_modules/next/dist/compiled/sass-loader/cjs.js??ruleSet[1].rules[3].oneOf[10].use[4]!./styles/sass/style.scss
Warning

(1950:3) autoprefixer: end value has mixed support, consider using flex-end instead

./node_modules/next/dist/build/webpack/loaders/css-loader/src/index.js??ruleSet[1].rules[3].oneOf[10].use[1]!./node_modules/next/dist/build/webpack/loaders/postcss-loader/src/index.js??ruleSet[1].rules[3].oneOf[10].use[2]!./node_modules/next/dist/build/webpack/loaders/resolve-url-loader/index.js??ruleSet[1].rules[3].oneOf[10].use[3]!./node_modules/next/dist/compiled/sass-loader/cjs.js??ruleSet[1].rules[3].oneOf[10].use[4]!./styles/sass/style.scss
Warning

(3957:3) autoprefixer: Gradient has outdated direction syntax. New syntax is like `to left` instead of `right`.

./node_modules/next/dist/build/webpack/loaders/css-loader/src/index.js??ruleSet[1].rules[3].oneOf[10].use[1]!./node_modules/next/dist/build/webpack/loaders/postcss-loader/src/index.js??ruleSet[1].rules[3].oneOf[10].use[2]!./node_modules/next/dist/build/webpack/loaders/resolve-url-loader/index.js??ruleSet[1].rules[3].oneOf[10].use[3]!./node_modules/next/dist/compiled/sass-loader/cjs.js??ruleSet[1].rules[3].oneOf[10].use[4]!./styles/sass/style.scss
Warning

(11477:3) autoprefixer: end value has mixed support, consider using flex-end instead

./node_modules/next/dist/build/webpack/loaders/css-loader/src/index.js??ruleSet[1].rules[3].oneOf[10].use[1]!./node_modules/next/dist/build/webpack/loaders/postcss-loader/src/index.js??ruleSet[1].rules[3].oneOf[10].use[2]!./node_modules/next/dist/build/webpack/loaders/resolve-url-loader/index.js??ruleSet[1].rules[3].oneOf[10].use[3]!./node_modules/next/dist/compiled/sass-loader/cjs.js??ruleSet[1].rules[3].oneOf[10].use[4]!./styles/sass/style.scss
Warning

(13300:3) autoprefixer: end value has mixed support, consider using flex-end instead
warn  - ./node_modules/next/dist/build/webpack/loaders/css-loader/src/index.js??ruleSet[1].rules[3].oneOf[10].use[1]!./node_modules/next/dist/build/webpack/loaders/postcss-loader/src/index.js??ruleSet[1].rules[3].oneOf[10].use[2]!./node_modules/next/dist/build/webpack/loaders/resolve-url-loader/index.js??ruleSet[1].rules[3].oneOf[10].use[3]!./node_modules/next/dist/compiled/sass-loader/cjs.js??ruleSet[1].rules[3].oneOf[10].use[4]!./styles/sass/style.scss
Warning

(594:3) autoprefixer: Gradient has outdated direction syntax. New syntax is like `to left` instead of `right`.

./node_modules/next/dist/build/webpack/loaders/css-loader/src/index.js??ruleSet[1].rules[3].oneOf[10].use[1]!./node_modules/next/dist/build/webpack/loaders/postcss-loader/src/index.js??ruleSet[1].rules[3].oneOf[10].use[2]!./node_modules/next/dist/build/webpack/loaders/resolve-url-loader/index.js??ruleSet[1].rules[3].oneOf[10].use[3]!./node_modules/next/dist/compiled/sass-loader/cjs.js??ruleSet[1].rules[3].oneOf[10].use[4]!./styles/sass/style.scss
Warning

(1750:3) autoprefixer: end value has mixed support, consider using flex-end instead

./node_modules/next/dist/build/webpack/loaders/css-loader/src/index.js??ruleSet[1].rules[3].oneOf[10].use[1]!./node_modules/next/dist/build/webpack/loaders/postcss-loader/src/index.js??ruleSet[1].rules[3].oneOf[10].use[2]!./node_modules/next/dist/build/webpack/loaders/resolve-url-loader/index.js??ruleSet[1].rules[3].oneOf[10].use[3]!./node_modules/next/dist/compiled/sass-loader/cjs.js??ruleSet[1].rules[3].oneOf[10].use[4]!./styles/sass/style.scss
Warning

(1950:3) autoprefixer: end value has mixed support, consider using flex-end instead

./node_modules/next/dist/build/webpack/loaders/css-loader/src/index.js??ruleSet[1].rules[3].oneOf[10].use[1]!./node_modules/next/dist/build/webpack/loaders/postcss-loader/src/index.js??ruleSet[1].rules[3].oneOf[10].use[2]!./node_modules/next/dist/build/webpack/loaders/resolve-url-loader/index.js??ruleSet[1].rules[3].oneOf[10].use[3]!./node_modules/next/dist/compiled/sass-loader/cjs.js??ruleSet[1].rules[3].oneOf[10].use[4]!./styles/sass/style.scss
Warning

(3957:3) autoprefixer: Gradient has outdated direction syntax. New syntax is like `to left` instead of `right`.

./node_modules/next/dist/build/webpack/loaders/css-loader/src/index.js??ruleSet[1].rules[3].oneOf[10].use[1]!./node_modules/next/dist/build/webpack/loaders/postcss-loader/src/index.js??ruleSet[1].rules[3].oneOf[10].use[2]!./node_modules/next/dist/build/webpack/loaders/resolve-url-loader/index.js??ruleSet[1].rules[3].oneOf[10].use[3]!./node_modules/next/dist/compiled/sass-loader/cjs.js??ruleSet[1].rules[3].oneOf[10].use[4]!./styles/sass/style.scss
Warning

(11477:3) autoprefixer: end value has mixed support, consider using flex-end instead

./node_modules/next/dist/build/webpack/loaders/css-loader/src/index.js??ruleSet[1].rules[3].oneOf[10].use[1]!./node_modules/next/dist/build/webpack/loaders/postcss-loader/src/index.js??ruleSet[1].rules[3].oneOf[10].use[2]!./node_modules/next/dist/build/webpack/loaders/resolve-url-loader/index.js??ruleSet[1].rules[3].oneOf[10].use[3]!./node_modules/next/dist/compiled/sass-loader/cjs.js??ruleSet[1].rules[3].oneOf[10].use[4]!./styles/sass/style.scss
Warning

(13300:3) autoprefixer: end value has mixed support, consider using flex-end instead
wait  - compiling /service...
warn  - ./node_modules/next/dist/build/webpack/loaders/css-loader/src/index.js??ruleSet[1].rules[3].oneOf[10].use[1]!./node_modules/next/dist/build/webpack/loaders/postcss-loader/src/index.js??ruleSet[1].rules[3].oneOf[10].use[2]!./node_modules/next/dist/build/webpack/loaders/resolve-url-loader/index.js??ruleSet[1].rules[3].oneOf[10].use[3]!./node_modules/next/dist/compiled/sass-loader/cjs.js??ruleSet[1].rules[3].oneOf[10].use[4]!./styles/sass/style.scss
Warning

(594:3) autoprefixer: Gradient has outdated direction syntax. New syntax is like `to left` instead of `right`.

./node_modules/next/dist/build/webpack/loaders/css-loader/src/index.js??ruleSet[1].rules[3].oneOf[10].use[1]!./node_modules/next/dist/build/webpack/loaders/postcss-loader/src/index.js??ruleSet[1].rules[3].oneOf[10].use[2]!./node_modules/next/dist/build/webpack/loaders/resolve-url-loader/index.js??ruleSet[1].rules[3].oneOf[10].use[3]!./node_modules/next/dist/compiled/sass-loader/cjs.js??ruleSet[1].rules[3].oneOf[10].use[4]!./styles/sass/style.scss
Warning

(1750:3) autoprefixer: end value has mixed support, consider using flex-end instead

./node_modules/next/dist/build/webpack/loaders/css-loader/src/index.js??ruleSet[1].rules[3].oneOf[10].use[1]!./node_modules/next/dist/build/webpack/loaders/postcss-loader/src/index.js??ruleSet[1].rules[3].oneOf[10].use[2]!./node_modules/next/dist/build/webpack/loaders/resolve-url-loader/index.js??ruleSet[1].rules[3].oneOf[10].use[3]!./node_modules/next/dist/compiled/sass-loader/cjs.js??ruleSet[1].rules[3].oneOf[10].use[4]!./styles/sass/style.scss
Warning

(1950:3) autoprefixer: end value has mixed support, consider using flex-end instead

./node_modules/next/dist/build/webpack/loaders/css-loader/src/index.js??ruleSet[1].rules[3].oneOf[10].use[1]!./node_modules/next/dist/build/webpack/loaders/postcss-loader/src/index.js??ruleSet[1].rules[3].oneOf[10].use[2]!./node_modules/next/dist/build/webpack/loaders/resolve-url-loader/index.js??ruleSet[1].rules[3].oneOf[10].use[3]!./node_modules/next/dist/compiled/sass-loader/cjs.js??ruleSet[1].rules[3].oneOf[10].use[4]!./styles/sass/style.scss
Warning

(3957:3) autoprefixer: Gradient has outdated direction syntax. New syntax is like `to left` instead of `right`.

./node_modules/next/dist/build/webpack/loaders/css-loader/src/index.js??ruleSet[1].rules[3].oneOf[10].use[1]!./node_modules/next/dist/build/webpack/loaders/postcss-loader/src/index.js??ruleSet[1].rules[3].oneOf[10].use[2]!./node_modules/next/dist/build/webpack/loaders/resolve-url-loader/index.js??ruleSet[1].rules[3].oneOf[10].use[3]!./node_modules/next/dist/compiled/sass-loader/cjs.js??ruleSet[1].rules[3].oneOf[10].use[4]!./styles/sass/style.scss
Warning

(11477:3) autoprefixer: end value has mixed support, consider using flex-end instead

./node_modules/next/dist/build/webpack/loaders/css-loader/src/index.js??ruleSet[1].rules[3].oneOf[10].use[1]!./node_modules/next/dist/build/webpack/loaders/postcss-loader/src/index.js??ruleSet[1].rules[3].oneOf[10].use[2]!./node_modules/next/dist/build/webpack/loaders/resolve-url-loader/index.js??ruleSet[1].rules[3].oneOf[10].use[3]!./node_modules/next/dist/compiled/sass-loader/cjs.js??ruleSet[1].rules[3].oneOf[10].use[4]!./styles/sass/style.scss
Warning

(13300:3) autoprefixer: end value has mixed support, consider using flex-end instead
warn  - ./node_modules/next/dist/build/webpack/loaders/css-loader/src/index.js??ruleSet[1].rules[3].oneOf[10].use[1]!./node_modules/next/dist/build/webpack/loaders/postcss-loader/src/index.js??ruleSet[1].rules[3].oneOf[10].use[2]!./node_modules/next/dist/build/webpack/loaders/resolve-url-loader/index.js??ruleSet[1].rules[3].oneOf[10].use[3]!./node_modules/next/dist/compiled/sass-loader/cjs.js??ruleSet[1].rules[3].oneOf[10].use[4]!./styles/sass/style.scss
Warning

(594:3) autoprefixer: Gradient has outdated direction syntax. New syntax is like `to left` instead of `right`.

./node_modules/next/dist/build/webpack/loaders/css-loader/src/index.js??ruleSet[1].rules[3].oneOf[10].use[1]!./node_modules/next/dist/build/webpack/loaders/postcss-loader/src/index.js??ruleSet[1].rules[3].oneOf[10].use[2]!./node_modules/next/dist/build/webpack/loaders/resolve-url-loader/index.js??ruleSet[1].rules[3].oneOf[10].use[3]!./node_modules/next/dist/compiled/sass-loader/cjs.js??ruleSet[1].rules[3].oneOf[10].use[4]!./styles/sass/style.scss
Warning

(1750:3) autoprefixer: end value has mixed support, consider using flex-end instead

./node_modules/next/dist/build/webpack/loaders/css-loader/src/index.js??ruleSet[1].rules[3].oneOf[10].use[1]!./node_modules/next/dist/build/webpack/loaders/postcss-loader/src/index.js??ruleSet[1].rules[3].oneOf[10].use[2]!./node_modules/next/dist/build/webpack/loaders/resolve-url-loader/index.js??ruleSet[1].rules[3].oneOf[10].use[3]!./node_modules/next/dist/compiled/sass-loader/cjs.js??ruleSet[1].rules[3].oneOf[10].use[4]!./styles/sass/style.scss
Warning

(1950:3) autoprefixer: end value has mixed support, consider using flex-end instead

./node_modules/next/dist/build/webpack/loaders/css-loader/src/index.js??ruleSet[1].rules[3].oneOf[10].use[1]!./node_modules/next/dist/build/webpack/loaders/postcss-loader/src/index.js??ruleSet[1].rules[3].oneOf[10].use[2]!./node_modules/next/dist/build/webpack/loaders/resolve-url-loader/index.js??ruleSet[1].rules[3].oneOf[10].use[3]!./node_modules/next/dist/compiled/sass-loader/cjs.js??ruleSet[1].rules[3].oneOf[10].use[4]!./styles/sass/style.scss
Warning

(3957:3) autoprefixer: Gradient has outdated direction syntax. New syntax is like `to left` instead of `right`.

./node_modules/next/dist/build/webpack/loaders/css-loader/src/index.js??ruleSet[1].rules[3].oneOf[10].use[1]!./node_modules/next/dist/build/webpack/loaders/postcss-loader/src/index.js??ruleSet[1].rules[3].oneOf[10].use[2]!./node_modules/next/dist/build/webpack/loaders/resolve-url-loader/index.js??ruleSet[1].rules[3].oneOf[10].use[3]!./node_modules/next/dist/compiled/sass-loader/cjs.js??ruleSet[1].rules[3].oneOf[10].use[4]!./styles/sass/style.scss
Warning

(11477:3) autoprefixer: end value has mixed support, consider using flex-end instead

./node_modules/next/dist/build/webpack/loaders/css-loader/src/index.js??ruleSet[1].rules[3].oneOf[10].use[1]!./node_modules/next/dist/build/webpack/loaders/postcss-loader/src/index.js??ruleSet[1].rules[3].oneOf[10].use[2]!./node_modules/next/dist/build/webpack/loaders/resolve-url-loader/index.js??ruleSet[1].rules[3].oneOf[10].use[3]!./node_modules/next/dist/compiled/sass-loader/cjs.js??ruleSet[1].rules[3].oneOf[10].use[4]!./styles/sass/style.scss
Warning

(13300:3) autoprefixer: end value has mixed support, consider using flex-end instead
wait  - compiling /about...
warn  - ./node_modules/next/dist/build/webpack/loaders/css-loader/src/index.js??ruleSet[1].rules[3].oneOf[10].use[1]!./node_modules/next/dist/build/webpack/loaders/postcss-loader/src/index.js??ruleSet[1].rules[3].oneOf[10].use[2]!./node_modules/next/dist/build/webpack/loaders/resolve-url-loader/index.js??ruleSet[1].rules[3].oneOf[10].use[3]!./node_modules/next/dist/compiled/sass-loader/cjs.js??ruleSet[1].rules[3].oneOf[10].use[4]!./styles/sass/style.scss
Warning

(594:3) autoprefixer: Gradient has outdated direction syntax. New syntax is like `to left` instead of `right`.

./node_modules/next/dist/build/webpack/loaders/css-loader/src/index.js??ruleSet[1].rules[3].oneOf[10].use[1]!./node_modules/next/dist/build/webpack/loaders/postcss-loader/src/index.js??ruleSet[1].rules[3].oneOf[10].use[2]!./node_modules/next/dist/build/webpack/loaders/resolve-url-loader/index.js??ruleSet[1].rules[3].oneOf[10].use[3]!./node_modules/next/dist/compiled/sass-loader/cjs.js??ruleSet[1].rules[3].oneOf[10].use[4]!./styles/sass/style.scss
Warning

(1750:3) autoprefixer: end value has mixed support, consider using flex-end instead

./node_modules/next/dist/build/webpack/loaders/css-loader/src/index.js??ruleSet[1].rules[3].oneOf[10].use[1]!./node_modules/next/dist/build/webpack/loaders/postcss-loader/src/index.js??ruleSet[1].rules[3].oneOf[10].use[2]!./node_modules/next/dist/build/webpack/loaders/resolve-url-loader/index.js??ruleSet[1].rules[3].oneOf[10].use[3]!./node_modules/next/dist/compiled/sass-loader/cjs.js??ruleSet[1].rules[3].oneOf[10].use[4]!./styles/sass/style.scss
Warning

(1950:3) autoprefixer: end value has mixed support, consider using flex-end instead

./node_modules/next/dist/build/webpack/loaders/css-loader/src/index.js??ruleSet[1].rules[3].oneOf[10].use[1]!./node_modules/next/dist/build/webpack/loaders/postcss-loader/src/index.js??ruleSet[1].rules[3].oneOf[10].use[2]!./node_modules/next/dist/build/webpack/loaders/resolve-url-loader/index.js??ruleSet[1].rules[3].oneOf[10].use[3]!./node_modules/next/dist/compiled/sass-loader/cjs.js??ruleSet[1].rules[3].oneOf[10].use[4]!./styles/sass/style.scss
Warning

(3957:3) autoprefixer: Gradient has outdated direction syntax. New syntax is like `to left` instead of `right`.

./node_modules/next/dist/build/webpack/loaders/css-loader/src/index.js??ruleSet[1].rules[3].oneOf[10].use[1]!./node_modules/next/dist/build/webpack/loaders/postcss-loader/src/index.js??ruleSet[1].rules[3].oneOf[10].use[2]!./node_modules/next/dist/build/webpack/loaders/resolve-url-loader/index.js??ruleSet[1].rules[3].oneOf[10].use[3]!./node_modules/next/dist/compiled/sass-loader/cjs.js??ruleSet[1].rules[3].oneOf[10].use[4]!./styles/sass/style.scss
Warning

(11477:3) autoprefixer: end value has mixed support, consider using flex-end instead

./node_modules/next/dist/build/webpack/loaders/css-loader/src/index.js??ruleSet[1].rules[3].oneOf[10].use[1]!./node_modules/next/dist/build/webpack/loaders/postcss-loader/src/index.js??ruleSet[1].rules[3].oneOf[10].use[2]!./node_modules/next/dist/build/webpack/loaders/resolve-url-loader/index.js??ruleSet[1].rules[3].oneOf[10].use[3]!./node_modules/next/dist/compiled/sass-loader/cjs.js??ruleSet[1].rules[3].oneOf[10].use[4]!./styles/sass/style.scss
Warning

(13300:3) autoprefixer: end value has mixed support, consider using flex-end instead
warn  - ./node_modules/next/dist/build/webpack/loaders/css-loader/src/index.js??ruleSet[1].rules[3].oneOf[10].use[1]!./node_modules/next/dist/build/webpack/loaders/postcss-loader/src/index.js??ruleSet[1].rules[3].oneOf[10].use[2]!./node_modules/next/dist/build/webpack/loaders/resolve-url-loader/index.js??ruleSet[1].rules[3].oneOf[10].use[3]!./node_modules/next/dist/compiled/sass-loader/cjs.js??ruleSet[1].rules[3].oneOf[10].use[4]!./styles/sass/style.scss
Warning

(594:3) autoprefixer: Gradient has outdated direction syntax. New syntax is like `to left` instead of `right`.

./node_modules/next/dist/build/webpack/loaders/css-loader/src/index.js??ruleSet[1].rules[3].oneOf[10].use[1]!./node_modules/next/dist/build/webpack/loaders/postcss-loader/src/index.js??ruleSet[1].rules[3].oneOf[10].use[2]!./node_modules/next/dist/build/webpack/loaders/resolve-url-loader/index.js??ruleSet[1].rules[3].oneOf[10].use[3]!./node_modules/next/dist/compiled/sass-loader/cjs.js??ruleSet[1].rules[3].oneOf[10].use[4]!./styles/sass/style.scss
Warning

(1750:3) autoprefixer: end value has mixed support, consider using flex-end instead

./node_modules/next/dist/build/webpack/loaders/css-loader/src/index.js??ruleSet[1].rules[3].oneOf[10].use[1]!./node_modules/next/dist/build/webpack/loaders/postcss-loader/src/index.js??ruleSet[1].rules[3].oneOf[10].use[2]!./node_modules/next/dist/build/webpack/loaders/resolve-url-loader/index.js??ruleSet[1].rules[3].oneOf[10].use[3]!./node_modules/next/dist/compiled/sass-loader/cjs.js??ruleSet[1].rules[3].oneOf[10].use[4]!./styles/sass/style.scss
Warning

(1950:3) autoprefixer: end value has mixed support, consider using flex-end instead

./node_modules/next/dist/build/webpack/loaders/css-loader/src/index.js??ruleSet[1].rules[3].oneOf[10].use[1]!./node_modules/next/dist/build/webpack/loaders/postcss-loader/src/index.js??ruleSet[1].rules[3].oneOf[10].use[2]!./node_modules/next/dist/build/webpack/loaders/resolve-url-loader/index.js??ruleSet[1].rules[3].oneOf[10].use[3]!./node_modules/next/dist/compiled/sass-loader/cjs.js??ruleSet[1].rules[3].oneOf[10].use[4]!./styles/sass/style.scss
Warning

(3957:3) autoprefixer: Gradient has outdated direction syntax. New syntax is like `to left` instead of `right`.

./node_modules/next/dist/build/webpack/loaders/css-loader/src/index.js??ruleSet[1].rules[3].oneOf[10].use[1]!./node_modules/next/dist/build/webpack/loaders/postcss-loader/src/index.js??ruleSet[1].rules[3].oneOf[10].use[2]!./node_modules/next/dist/build/webpack/loaders/resolve-url-loader/index.js??ruleSet[1].rules[3].oneOf[10].use[3]!./node_modules/next/dist/compiled/sass-loader/cjs.js??ruleSet[1].rules[3].oneOf[10].use[4]!./styles/sass/style.scss
Warning

(11477:3) autoprefixer: end value has mixed support, consider using flex-end instead

./node_modules/next/dist/build/webpack/loaders/css-loader/src/index.js??ruleSet[1].rules[3].oneOf[10].use[1]!./node_modules/next/dist/build/webpack/loaders/postcss-loader/src/index.js??ruleSet[1].rules[3].oneOf[10].use[2]!./node_modules/next/dist/build/webpack/loaders/resolve-url-loader/index.js??ruleSet[1].rules[3].oneOf[10].use[3]!./node_modules/next/dist/compiled/sass-loader/cjs.js??ruleSet[1].rules[3].oneOf[10].use[4]!./styles/sass/style.scss
Warning

(13300:3) autoprefixer: end value has mixed support, consider using flex-end instead
wait  - compiling /portfolio...
warn  - ./node_modules/next/dist/build/webpack/loaders/css-loader/src/index.js??ruleSet[1].rules[3].oneOf[10].use[1]!./node_modules/next/dist/build/webpack/loaders/postcss-loader/src/index.js??ruleSet[1].rules[3].oneOf[10].use[2]!./node_modules/next/dist/build/webpack/loaders/resolve-url-loader/index.js??ruleSet[1].rules[3].oneOf[10].use[3]!./node_modules/next/dist/compiled/sass-loader/cjs.js??ruleSet[1].rules[3].oneOf[10].use[4]!./styles/sass/style.scss
Warning

(594:3) autoprefixer: Gradient has outdated direction syntax. New syntax is like `to left` instead of `right`.

./node_modules/next/dist/build/webpack/loaders/css-loader/src/index.js??ruleSet[1].rules[3].oneOf[10].use[1]!./node_modules/next/dist/build/webpack/loaders/postcss-loader/src/index.js??ruleSet[1].rules[3].oneOf[10].use[2]!./node_modules/next/dist/build/webpack/loaders/resolve-url-loader/index.js??ruleSet[1].rules[3].oneOf[10].use[3]!./node_modules/next/dist/compiled/sass-loader/cjs.js??ruleSet[1].rules[3].oneOf[10].use[4]!./styles/sass/style.scss
Warning

(1750:3) autoprefixer: end value has mixed support, consider using flex-end instead

./node_modules/next/dist/build/webpack/loaders/css-loader/src/index.js??ruleSet[1].rules[3].oneOf[10].use[1]!./node_modules/next/dist/build/webpack/loaders/postcss-loader/src/index.js??ruleSet[1].rules[3].oneOf[10].use[2]!./node_modules/next/dist/build/webpack/loaders/resolve-url-loader/index.js??ruleSet[1].rules[3].oneOf[10].use[3]!./node_modules/next/dist/compiled/sass-loader/cjs.js??ruleSet[1].rules[3].oneOf[10].use[4]!./styles/sass/style.scss
Warning

(1950:3) autoprefixer: end value has mixed support, consider using flex-end instead

./node_modules/next/dist/build/webpack/loaders/css-loader/src/index.js??ruleSet[1].rules[3].oneOf[10].use[1]!./node_modules/next/dist/build/webpack/loaders/postcss-loader/src/index.js??ruleSet[1].rules[3].oneOf[10].use[2]!./node_modules/next/dist/build/webpack/loaders/resolve-url-loader/index.js??ruleSet[1].rules[3].oneOf[10].use[3]!./node_modules/next/dist/compiled/sass-loader/cjs.js??ruleSet[1].rules[3].oneOf[10].use[4]!./styles/sass/style.scss
Warning

(3957:3) autoprefixer: Gradient has outdated direction syntax. New syntax is like `to left` instead of `right`.

./node_modules/next/dist/build/webpack/loaders/css-loader/src/index.js??ruleSet[1].rules[3].oneOf[10].use[1]!./node_modules/next/dist/build/webpack/loaders/postcss-loader/src/index.js??ruleSet[1].rules[3].oneOf[10].use[2]!./node_modules/next/dist/build/webpack/loaders/resolve-url-loader/index.js??ruleSet[1].rules[3].oneOf[10].use[3]!./node_modules/next/dist/compiled/sass-loader/cjs.js??ruleSet[1].rules[3].oneOf[10].use[4]!./styles/sass/style.scss
Warning

(11477:3) autoprefixer: end value has mixed support, consider using flex-end instead

./node_modules/next/dist/build/webpack/loaders/css-loader/src/index.js??ruleSet[1].rules[3].oneOf[10].use[1]!./node_modules/next/dist/build/webpack/loaders/postcss-loader/src/index.js??ruleSet[1].rules[3].oneOf[10].use[2]!./node_modules/next/dist/build/webpack/loaders/resolve-url-loader/index.js??ruleSet[1].rules[3].oneOf[10].use[3]!./node_modules/next/dist/compiled/sass-loader/cjs.js??ruleSet[1].rules[3].oneOf[10].use[4]!./styles/sass/style.scss
Warning

(13300:3) autoprefixer: end value has mixed support, consider using flex-end instead
warn  - ./node_modules/next/dist/build/webpack/loaders/css-loader/src/index.js??ruleSet[1].rules[3].oneOf[10].use[1]!./node_modules/next/dist/build/webpack/loaders/postcss-loader/src/index.js??ruleSet[1].rules[3].oneOf[10].use[2]!./node_modules/next/dist/build/webpack/loaders/resolve-url-loader/index.js??ruleSet[1].rules[3].oneOf[10].use[3]!./node_modules/next/dist/compiled/sass-loader/cjs.js??ruleSet[1].rules[3].oneOf[10].use[4]!./styles/sass/style.scss
Warning

(594:3) autoprefixer: Gradient has outdated direction syntax. New syntax is like `to left` instead of `right`.

./node_modules/next/dist/build/webpack/loaders/css-loader/src/index.js??ruleSet[1].rules[3].oneOf[10].use[1]!./node_modules/next/dist/build/webpack/loaders/postcss-loader/src/index.js??ruleSet[1].rules[3].oneOf[10].use[2]!./node_modules/next/dist/build/webpack/loaders/resolve-url-loader/index.js??ruleSet[1].rules[3].oneOf[10].use[3]!./node_modules/next/dist/compiled/sass-loader/cjs.js??ruleSet[1].rules[3].oneOf[10].use[4]!./styles/sass/style.scss
Warning

(1750:3) autoprefixer: end value has mixed support, consider using flex-end instead

./node_modules/next/dist/build/webpack/loaders/css-loader/src/index.js??ruleSet[1].rules[3].oneOf[10].use[1]!./node_modules/next/dist/build/webpack/loaders/postcss-loader/src/index.js??ruleSet[1].rules[3].oneOf[10].use[2]!./node_modules/next/dist/build/webpack/loaders/resolve-url-loader/index.js??ruleSet[1].rules[3].oneOf[10].use[3]!./node_modules/next/dist/compiled/sass-loader/cjs.js??ruleSet[1].rules[3].oneOf[10].use[4]!./styles/sass/style.scss
Warning

(1950:3) autoprefixer: end value has mixed support, consider using flex-end instead

./node_modules/next/dist/build/webpack/loaders/css-loader/src/index.js??ruleSet[1].rules[3].oneOf[10].use[1]!./node_modules/next/dist/build/webpack/loaders/postcss-loader/src/index.js??ruleSet[1].rules[3].oneOf[10].use[2]!./node_modules/next/dist/build/webpack/loaders/resolve-url-loader/index.js??ruleSet[1].rules[3].oneOf[10].use[3]!./node_modules/next/dist/compiled/sass-loader/cjs.js??ruleSet[1].rules[3].oneOf[10].use[4]!./styles/sass/style.scss
Warning

(3957:3) autoprefixer: Gradient has outdated direction syntax. New syntax is like `to left` instead of `right`.

./node_modules/next/dist/build/webpack/loaders/css-loader/src/index.js??ruleSet[1].rules[3].oneOf[10].use[1]!./node_modules/next/dist/build/webpack/loaders/postcss-loader/src/index.js??ruleSet[1].rules[3].oneOf[10].use[2]!./node_modules/next/dist/build/webpack/loaders/resolve-url-loader/index.js??ruleSet[1].rules[3].oneOf[10].use[3]!./node_modules/next/dist/compiled/sass-loader/cjs.js??ruleSet[1].rules[3].oneOf[10].use[4]!./styles/sass/style.scss
Warning

(11477:3) autoprefixer: end value has mixed support, consider using flex-end instead

./node_modules/next/dist/build/webpack/loaders/css-loader/src/index.js??ruleSet[1].rules[3].oneOf[10].use[1]!./node_modules/next/dist/build/webpack/loaders/postcss-loader/src/index.js??ruleSet[1].rules[3].oneOf[10].use[2]!./node_modules/next/dist/build/webpack/loaders/resolve-url-loader/index.js??ruleSet[1].rules[3].oneOf[10].use[3]!./node_modules/next/dist/compiled/sass-loader/cjs.js??ruleSet[1].rules[3].oneOf[10].use[4]!./styles/sass/style.scss
Warning

(13300:3) autoprefixer: end value has mixed support, consider using flex-end instead
wait  - compiling /404 (client and server)...
warn  - ./node_modules/next/dist/build/webpack/loaders/css-loader/src/index.js??ruleSet[1].rules[3].oneOf[10].use[1]!./node_modules/next/dist/build/webpack/loaders/postcss-loader/src/index.js??ruleSet[1].rules[3].oneOf[10].use[2]!./node_modules/next/dist/build/webpack/loaders/resolve-url-loader/index.js??ruleSet[1].rules[3].oneOf[10].use[3]!./node_modules/next/dist/compiled/sass-loader/cjs.js??ruleSet[1].rules[3].oneOf[10].use[4]!./styles/sass/style.scss
Warning

(594:3) autoprefixer: Gradient has outdated direction syntax. New syntax is like `to left` instead of `right`.

./node_modules/next/dist/build/webpack/loaders/css-loader/src/index.js??ruleSet[1].rules[3].oneOf[10].use[1]!./node_modules/next/dist/build/webpack/loaders/postcss-loader/src/index.js??ruleSet[1].rules[3].oneOf[10].use[2]!./node_modules/next/dist/build/webpack/loaders/resolve-url-loader/index.js??ruleSet[1].rules[3].oneOf[10].use[3]!./node_modules/next/dist/compiled/sass-loader/cjs.js??ruleSet[1].rules[3].oneOf[10].use[4]!./styles/sass/style.scss
Warning

(1750:3) autoprefixer: end value has mixed support, consider using flex-end instead

./node_modules/next/dist/build/webpack/loaders/css-loader/src/index.js??ruleSet[1].rules[3].oneOf[10].use[1]!./node_modules/next/dist/build/webpack/loaders/postcss-loader/src/index.js??ruleSet[1].rules[3].oneOf[10].use[2]!./node_modules/next/dist/build/webpack/loaders/resolve-url-loader/index.js??ruleSet[1].rules[3].oneOf[10].use[3]!./node_modules/next/dist/compiled/sass-loader/cjs.js??ruleSet[1].rules[3].oneOf[10].use[4]!./styles/sass/style.scss
Warning

(1950:3) autoprefixer: end value has mixed support, consider using flex-end instead

./node_modules/next/dist/build/webpack/loaders/css-loader/src/index.js??ruleSet[1].rules[3].oneOf[10].use[1]!./node_modules/next/dist/build/webpack/loaders/postcss-loader/src/index.js??ruleSet[1].rules[3].oneOf[10].use[2]!./node_modules/next/dist/build/webpack/loaders/resolve-url-loader/index.js??ruleSet[1].rules[3].oneOf[10].use[3]!./node_modules/next/dist/compiled/sass-loader/cjs.js??ruleSet[1].rules[3].oneOf[10].use[4]!./styles/sass/style.scss
Warning

(3957:3) autoprefixer: Gradient has outdated direction syntax. New syntax is like `to left` instead of `right`.

./node_modules/next/dist/build/webpack/loaders/css-loader/src/index.js??ruleSet[1].rules[3].oneOf[10].use[1]!./node_modules/next/dist/build/webpack/loaders/postcss-loader/src/index.js??ruleSet[1].rules[3].oneOf[10].use[2]!./node_modules/next/dist/build/webpack/loaders/resolve-url-loader/index.js??ruleSet[1].rules[3].oneOf[10].use[3]!./node_modules/next/dist/compiled/sass-loader/cjs.js??ruleSet[1].rules[3].oneOf[10].use[4]!./styles/sass/style.scss
Warning

(11477:3) autoprefixer: end value has mixed support, consider using flex-end instead

./node_modules/next/dist/build/webpack/loaders/css-loader/src/index.js??ruleSet[1].rules[3].oneOf[10].use[1]!./node_modules/next/dist/build/webpack/loaders/postcss-loader/src/index.js??ruleSet[1].rules[3].oneOf[10].use[2]!./node_modules/next/dist/build/webpack/loaders/resolve-url-loader/index.js??ruleSet[1].rules[3].oneOf[10].use[3]!./node_modules/next/dist/compiled/sass-loader/cjs.js??ruleSet[1].rules[3].oneOf[10].use[4]!./styles/sass/style.scss
Warning

(13300:3) autoprefixer: end value has mixed support, consider using flex-end instead
warn  - ./node_modules/next/dist/build/webpack/loaders/css-loader/src/index.js??ruleSet[1].rules[3].oneOf[10].use[1]!./node_modules/next/dist/build/webpack/loaders/postcss-loader/src/index.js??ruleSet[1].rules[3].oneOf[10].use[2]!./node_modules/next/dist/build/webpack/loaders/resolve-url-loader/index.js??ruleSet[1].rules[3].oneOf[10].use[3]!./node_modules/next/dist/compiled/sass-loader/cjs.js??ruleSet[1].rules[3].oneOf[10].use[4]!./styles/sass/style.scss
Warning

(594:3) autoprefixer: Gradient has outdated direction syntax. New syntax is like `to left` instead of `right`.

./node_modules/next/dist/build/webpack/loaders/css-loader/src/index.js??ruleSet[1].rules[3].oneOf[10].use[1]!./node_modules/next/dist/build/webpack/loaders/postcss-loader/src/index.js??ruleSet[1].rules[3].oneOf[10].use[2]!./node_modules/next/dist/build/webpack/loaders/resolve-url-loader/index.js??ruleSet[1].rules[3].oneOf[10].use[3]!./node_modules/next/dist/compiled/sass-loader/cjs.js??ruleSet[1].rules[3].oneOf[10].use[4]!./styles/sass/style.scss
Warning

(1750:3) autoprefixer: end value has mixed support, consider using flex-end instead

./node_modules/next/dist/build/webpack/loaders/css-loader/src/index.js??ruleSet[1].rules[3].oneOf[10].use[1]!./node_modules/next/dist/build/webpack/loaders/postcss-loader/src/index.js??ruleSet[1].rules[3].oneOf[10].use[2]!./node_modules/next/dist/build/webpack/loaders/resolve-url-loader/index.js??ruleSet[1].rules[3].oneOf[10].use[3]!./node_modules/next/dist/compiled/sass-loader/cjs.js??ruleSet[1].rules[3].oneOf[10].use[4]!./styles/sass/style.scss
Warning

(1950:3) autoprefixer: end value has mixed support, consider using flex-end instead

./node_modules/next/dist/build/webpack/loaders/css-loader/src/index.js??ruleSet[1].rules[3].oneOf[10].use[1]!./node_modules/next/dist/build/webpack/loaders/postcss-loader/src/index.js??ruleSet[1].rules[3].oneOf[10].use[2]!./node_modules/next/dist/build/webpack/loaders/resolve-url-loader/index.js??ruleSet[1].rules[3].oneOf[10].use[3]!./node_modules/next/dist/compiled/sass-loader/cjs.js??ruleSet[1].rules[3].oneOf[10].use[4]!./styles/sass/style.scss
Warning

(3957:3) autoprefixer: Gradient has outdated direction syntax. New syntax is like `to left` instead of `right`.

./node_modules/next/dist/build/webpack/loaders/css-loader/src/index.js??ruleSet[1].rules[3].oneOf[10].use[1]!./node_modules/next/dist/build/webpack/loaders/postcss-loader/src/index.js??ruleSet[1].rules[3].oneOf[10].use[2]!./node_modules/next/dist/build/webpack/loaders/resolve-url-loader/index.js??ruleSet[1].rules[3].oneOf[10].use[3]!./node_modules/next/dist/compiled/sass-loader/cjs.js??ruleSet[1].rules[3].oneOf[10].use[4]!./styles/sass/style.scss
Warning

(11477:3) autoprefixer: end value has mixed support, consider using flex-end instead

./node_modules/next/dist/build/webpack/loaders/css-loader/src/index.js??ruleSet[1].rules[3].oneOf[10].use[1]!./node_modules/next/dist/build/webpack/loaders/postcss-loader/src/index.js??ruleSet[1].rules[3].oneOf[10].use[2]!./node_modules/next/dist/build/webpack/loaders/resolve-url-loader/index.js??ruleSet[1].rules[3].oneOf[10].use[3]!./node_modules/next/dist/compiled/sass-loader/cjs.js??ruleSet[1].rules[3].oneOf[10].use[4]!./styles/sass/style.scss
Warning

(13300:3) autoprefixer: end value has mixed support, consider using flex-end instead
wait  - compiling /service...
warn  - ./node_modules/next/dist/build/webpack/loaders/css-loader/src/index.js??ruleSet[1].rules[3].oneOf[10].use[1]!./node_modules/next/dist/build/webpack/loaders/postcss-loader/src/index.js??ruleSet[1].rules[3].oneOf[10].use[2]!./node_modules/next/dist/build/webpack/loaders/resolve-url-loader/index.js??ruleSet[1].rules[3].oneOf[10].use[3]!./node_modules/next/dist/compiled/sass-loader/cjs.js??ruleSet[1].rules[3].oneOf[10].use[4]!./styles/sass/style.scss
Warning

(594:3) autoprefixer: Gradient has outdated direction syntax. New syntax is like `to left` instead of `right`.

./node_modules/next/dist/build/webpack/loaders/css-loader/src/index.js??ruleSet[1].rules[3].oneOf[10].use[1]!./node_modules/next/dist/build/webpack/loaders/postcss-loader/src/index.js??ruleSet[1].rules[3].oneOf[10].use[2]!./node_modules/next/dist/build/webpack/loaders/resolve-url-loader/index.js??ruleSet[1].rules[3].oneOf[10].use[3]!./node_modules/next/dist/compiled/sass-loader/cjs.js??ruleSet[1].rules[3].oneOf[10].use[4]!./styles/sass/style.scss
Warning

(1750:3) autoprefixer: end value has mixed support, consider using flex-end instead

./node_modules/next/dist/build/webpack/loaders/css-loader/src/index.js??ruleSet[1].rules[3].oneOf[10].use[1]!./node_modules/next/dist/build/webpack/loaders/postcss-loader/src/index.js??ruleSet[1].rules[3].oneOf[10].use[2]!./node_modules/next/dist/build/webpack/loaders/resolve-url-loader/index.js??ruleSet[1].rules[3].oneOf[10].use[3]!./node_modules/next/dist/compiled/sass-loader/cjs.js??ruleSet[1].rules[3].oneOf[10].use[4]!./styles/sass/style.scss
Warning

(1950:3) autoprefixer: end value has mixed support, consider using flex-end instead

./node_modules/next/dist/build/webpack/loaders/css-loader/src/index.js??ruleSet[1].rules[3].oneOf[10].use[1]!./node_modules/next/dist/build/webpack/loaders/postcss-loader/src/index.js??ruleSet[1].rules[3].oneOf[10].use[2]!./node_modules/next/dist/build/webpack/loaders/resolve-url-loader/index.js??ruleSet[1].rules[3].oneOf[10].use[3]!./node_modules/next/dist/compiled/sass-loader/cjs.js??ruleSet[1].rules[3].oneOf[10].use[4]!./styles/sass/style.scss
Warning

(3957:3) autoprefixer: Gradient has outdated direction syntax. New syntax is like `to left` instead of `right`.

./node_modules/next/dist/build/webpack/loaders/css-loader/src/index.js??ruleSet[1].rules[3].oneOf[10].use[1]!./node_modules/next/dist/build/webpack/loaders/postcss-loader/src/index.js??ruleSet[1].rules[3].oneOf[10].use[2]!./node_modules/next/dist/build/webpack/loaders/resolve-url-loader/index.js??ruleSet[1].rules[3].oneOf[10].use[3]!./node_modules/next/dist/compiled/sass-loader/cjs.js??ruleSet[1].rules[3].oneOf[10].use[4]!./styles/sass/style.scss
Warning

(11477:3) autoprefixer: end value has mixed support, consider using flex-end instead

./node_modules/next/dist/build/webpack/loaders/css-loader/src/index.js??ruleSet[1].rules[3].oneOf[10].use[1]!./node_modules/next/dist/build/webpack/loaders/postcss-loader/src/index.js??ruleSet[1].rules[3].oneOf[10].use[2]!./node_modules/next/dist/build/webpack/loaders/resolve-url-loader/index.js??ruleSet[1].rules[3].oneOf[10].use[3]!./node_modules/next/dist/compiled/sass-loader/cjs.js??ruleSet[1].rules[3].oneOf[10].use[4]!./styles/sass/style.scss
Warning

(13300:3) autoprefixer: end value has mixed support, consider using flex-end instead
warn  - ./node_modules/next/dist/build/webpack/loaders/css-loader/src/index.js??ruleSet[1].rules[3].oneOf[10].use[1]!./node_modules/next/dist/build/webpack/loaders/postcss-loader/src/index.js??ruleSet[1].rules[3].oneOf[10].use[2]!./node_modules/next/dist/build/webpack/loaders/resolve-url-loader/index.js??ruleSet[1].rules[3].oneOf[10].use[3]!./node_modules/next/dist/compiled/sass-loader/cjs.js??ruleSet[1].rules[3].oneOf[10].use[4]!./styles/sass/style.scss
Warning

(594:3) autoprefixer: Gradient has outdated direction syntax. New syntax is like `to left` instead of `right`.

./node_modules/next/dist/build/webpack/loaders/css-loader/src/index.js??ruleSet[1].rules[3].oneOf[10].use[1]!./node_modules/next/dist/build/webpack/loaders/postcss-loader/src/index.js??ruleSet[1].rules[3].oneOf[10].use[2]!./node_modules/next/dist/build/webpack/loaders/resolve-url-loader/index.js??ruleSet[1].rules[3].oneOf[10].use[3]!./node_modules/next/dist/compiled/sass-loader/cjs.js??ruleSet[1].rules[3].oneOf[10].use[4]!./styles/sass/style.scss
Warning

(1750:3) autoprefixer: end value has mixed support, consider using flex-end instead

./node_modules/next/dist/build/webpack/loaders/css-loader/src/index.js??ruleSet[1].rules[3].oneOf[10].use[1]!./node_modules/next/dist/build/webpack/loaders/postcss-loader/src/index.js??ruleSet[1].rules[3].oneOf[10].use[2]!./node_modules/next/dist/build/webpack/loaders/resolve-url-loader/index.js??ruleSet[1].rules[3].oneOf[10].use[3]!./node_modules/next/dist/compiled/sass-loader/cjs.js??ruleSet[1].rules[3].oneOf[10].use[4]!./styles/sass/style.scss
Warning

(1950:3) autoprefixer: end value has mixed support, consider using flex-end instead

./node_modules/next/dist/build/webpack/loaders/css-loader/src/index.js??ruleSet[1].rules[3].oneOf[10].use[1]!./node_modules/next/dist/build/webpack/loaders/postcss-loader/src/index.js??ruleSet[1].rules[3].oneOf[10].use[2]!./node_modules/next/dist/build/webpack/loaders/resolve-url-loader/index.js??ruleSet[1].rules[3].oneOf[10].use[3]!./node_modules/next/dist/compiled/sass-loader/cjs.js??ruleSet[1].rules[3].oneOf[10].use[4]!./styles/sass/style.scss
Warning

(3957:3) autoprefixer: Gradient has outdated direction syntax. New syntax is like `to left` instead of `right`.

./node_modules/next/dist/build/webpack/loaders/css-loader/src/index.js??ruleSet[1].rules[3].oneOf[10].use[1]!./node_modules/next/dist/build/webpack/loaders/postcss-loader/src/index.js??ruleSet[1].rules[3].oneOf[10].use[2]!./node_modules/next/dist/build/webpack/loaders/resolve-url-loader/index.js??ruleSet[1].rules[3].oneOf[10].use[3]!./node_modules/next/dist/compiled/sass-loader/cjs.js??ruleSet[1].rules[3].oneOf[10].use[4]!./styles/sass/style.scss
Warning

(11477:3) autoprefixer: end value has mixed support, consider using flex-end instead

./node_modules/next/dist/build/webpack/loaders/css-loader/src/index.js??ruleSet[1].rules[3].oneOf[10].use[1]!./node_modules/next/dist/build/webpack/loaders/postcss-loader/src/index.js??ruleSet[1].rules[3].oneOf[10].use[2]!./node_modules/next/dist/build/webpack/loaders/resolve-url-loader/index.js??ruleSet[1].rules[3].oneOf[10].use[3]!./node_modules/next/dist/compiled/sass-loader/cjs.js??ruleSet[1].rules[3].oneOf[10].use[4]!./styles/sass/style.scss
Warning

(13300:3) autoprefixer: end value has mixed support, consider using flex-end instead
wait  - compiling /service/[slug]...
warn  - ./node_modules/next/dist/build/webpack/loaders/css-loader/src/index.js??ruleSet[1].rules[3].oneOf[10].use[1]!./node_modules/next/dist/build/webpack/loaders/postcss-loader/src/index.js??ruleSet[1].rules[3].oneOf[10].use[2]!./node_modules/next/dist/build/webpack/loaders/resolve-url-loader/index.js??ruleSet[1].rules[3].oneOf[10].use[3]!./node_modules/next/dist/compiled/sass-loader/cjs.js??ruleSet[1].rules[3].oneOf[10].use[4]!./styles/sass/style.scss
Warning

(594:3) autoprefixer: Gradient has outdated direction syntax. New syntax is like `to left` instead of `right`.

./node_modules/next/dist/build/webpack/loaders/css-loader/src/index.js??ruleSet[1].rules[3].oneOf[10].use[1]!./node_modules/next/dist/build/webpack/loaders/postcss-loader/src/index.js??ruleSet[1].rules[3].oneOf[10].use[2]!./node_modules/next/dist/build/webpack/loaders/resolve-url-loader/index.js??ruleSet[1].rules[3].oneOf[10].use[3]!./node_modules/next/dist/compiled/sass-loader/cjs.js??ruleSet[1].rules[3].oneOf[10].use[4]!./styles/sass/style.scss
Warning

(1750:3) autoprefixer: end value has mixed support, consider using flex-end instead

./node_modules/next/dist/build/webpack/loaders/css-loader/src/index.js??ruleSet[1].rules[3].oneOf[10].use[1]!./node_modules/next/dist/build/webpack/loaders/postcss-loader/src/index.js??ruleSet[1].rules[3].oneOf[10].use[2]!./node_modules/next/dist/build/webpack/loaders/resolve-url-loader/index.js??ruleSet[1].rules[3].oneOf[10].use[3]!./node_modules/next/dist/compiled/sass-loader/cjs.js??ruleSet[1].rules[3].oneOf[10].use[4]!./styles/sass/style.scss
Warning

(1950:3) autoprefixer: end value has mixed support, consider using flex-end instead

./node_modules/next/dist/build/webpack/loaders/css-loader/src/index.js??ruleSet[1].rules[3].oneOf[10].use[1]!./node_modules/next/dist/build/webpack/loaders/postcss-loader/src/index.js??ruleSet[1].rules[3].oneOf[10].use[2]!./node_modules/next/dist/build/webpack/loaders/resolve-url-loader/index.js??ruleSet[1].rules[3].oneOf[10].use[3]!./node_modules/next/dist/compiled/sass-loader/cjs.js??ruleSet[1].rules[3].oneOf[10].use[4]!./styles/sass/style.scss
Warning

(3957:3) autoprefixer: Gradient has outdated direction syntax. New syntax is like `to left` instead of `right`.

./node_modules/next/dist/build/webpack/loaders/css-loader/src/index.js??ruleSet[1].rules[3].oneOf[10].use[1]!./node_modules/next/dist/build/webpack/loaders/postcss-loader/src/index.js??ruleSet[1].rules[3].oneOf[10].use[2]!./node_modules/next/dist/build/webpack/loaders/resolve-url-loader/index.js??ruleSet[1].rules[3].oneOf[10].use[3]!./node_modules/next/dist/compiled/sass-loader/cjs.js??ruleSet[1].rules[3].oneOf[10].use[4]!./styles/sass/style.scss
Warning

(11477:3) autoprefixer: end value has mixed support, consider using flex-end instead

./node_modules/next/dist/build/webpack/loaders/css-loader/src/index.js??ruleSet[1].rules[3].oneOf[10].use[1]!./node_modules/next/dist/build/webpack/loaders/postcss-loader/src/index.js??ruleSet[1].rules[3].oneOf[10].use[2]!./node_modules/next/dist/build/webpack/loaders/resolve-url-loader/index.js??ruleSet[1].rules[3].oneOf[10].use[3]!./node_modules/next/dist/compiled/sass-loader/cjs.js??ruleSet[1].rules[3].oneOf[10].use[4]!./styles/sass/style.scss
Warning

(13300:3) autoprefixer: end value has mixed support, consider using flex-end instead
warn  - ./node_modules/next/dist/build/webpack/loaders/css-loader/src/index.js??ruleSet[1].rules[3].oneOf[10].use[1]!./node_modules/next/dist/build/webpack/loaders/postcss-loader/src/index.js??ruleSet[1].rules[3].oneOf[10].use[2]!./node_modules/next/dist/build/webpack/loaders/resolve-url-loader/index.js??ruleSet[1].rules[3].oneOf[10].use[3]!./node_modules/next/dist/compiled/sass-loader/cjs.js??ruleSet[1].rules[3].oneOf[10].use[4]!./styles/sass/style.scss
Warning

(594:3) autoprefixer: Gradient has outdated direction syntax. New syntax is like `to left` instead of `right`.

./node_modules/next/dist/build/webpack/loaders/css-loader/src/index.js??ruleSet[1].rules[3].oneOf[10].use[1]!./node_modules/next/dist/build/webpack/loaders/postcss-loader/src/index.js??ruleSet[1].rules[3].oneOf[10].use[2]!./node_modules/next/dist/build/webpack/loaders/resolve-url-loader/index.js??ruleSet[1].rules[3].oneOf[10].use[3]!./node_modules/next/dist/compiled/sass-loader/cjs.js??ruleSet[1].rules[3].oneOf[10].use[4]!./styles/sass/style.scss
Warning

(1750:3) autoprefixer: end value has mixed support, consider using flex-end instead

./node_modules/next/dist/build/webpack/loaders/css-loader/src/index.js??ruleSet[1].rules[3].oneOf[10].use[1]!./node_modules/next/dist/build/webpack/loaders/postcss-loader/src/index.js??ruleSet[1].rules[3].oneOf[10].use[2]!./node_modules/next/dist/build/webpack/loaders/resolve-url-loader/index.js??ruleSet[1].rules[3].oneOf[10].use[3]!./node_modules/next/dist/compiled/sass-loader/cjs.js??ruleSet[1].rules[3].oneOf[10].use[4]!./styles/sass/style.scss
Warning

(1950:3) autoprefixer: end value has mixed support, consider using flex-end instead

./node_modules/next/dist/build/webpack/loaders/css-loader/src/index.js??ruleSet[1].rules[3].oneOf[10].use[1]!./node_modules/next/dist/build/webpack/loaders/postcss-loader/src/index.js??ruleSet[1].rules[3].oneOf[10].use[2]!./node_modules/next/dist/build/webpack/loaders/resolve-url-loader/index.js??ruleSet[1].rules[3].oneOf[10].use[3]!./node_modules/next/dist/compiled/sass-loader/cjs.js??ruleSet[1].rules[3].oneOf[10].use[4]!./styles/sass/style.scss
Warning

(3957:3) autoprefixer: Gradient has outdated direction syntax. New syntax is like `to left` instead of `right`.

./node_modules/next/dist/build/webpack/loaders/css-loader/src/index.js??ruleSet[1].rules[3].oneOf[10].use[1]!./node_modules/next/dist/build/webpack/loaders/postcss-loader/src/index.js??ruleSet[1].rules[3].oneOf[10].use[2]!./node_modules/next/dist/build/webpack/loaders/resolve-url-loader/index.js??ruleSet[1].rules[3].oneOf[10].use[3]!./node_modules/next/dist/compiled/sass-loader/cjs.js??ruleSet[1].rules[3].oneOf[10].use[4]!./styles/sass/style.scss
Warning

(11477:3) autoprefixer: end value has mixed support, consider using flex-end instead

./node_modules/next/dist/build/webpack/loaders/css-loader/src/index.js??ruleSet[1].rules[3].oneOf[10].use[1]!./node_modules/next/dist/build/webpack/loaders/postcss-loader/src/index.js??ruleSet[1].rules[3].oneOf[10].use[2]!./node_modules/next/dist/build/webpack/loaders/resolve-url-loader/index.js??ruleSet[1].rules[3].oneOf[10].use[3]!./node_modules/next/dist/compiled/sass-loader/cjs.js??ruleSet[1].rules[3].oneOf[10].use[4]!./styles/sass/style.scss
Warning

(13300:3) autoprefixer: end value has mixed support, consider using flex-end instead
wait  - compiling /404 (client and server)...
warn  - ./node_modules/next/dist/build/webpack/loaders/css-loader/src/index.js??ruleSet[1].rules[3].oneOf[10].use[1]!./node_modules/next/dist/build/webpack/loaders/postcss-loader/src/index.js??ruleSet[1].rules[3].oneOf[10].use[2]!./node_modules/next/dist/build/webpack/loaders/resolve-url-loader/index.js??ruleSet[1].rules[3].oneOf[10].use[3]!./node_modules/next/dist/compiled/sass-loader/cjs.js??ruleSet[1].rules[3].oneOf[10].use[4]!./styles/sass/style.scss
Warning

(594:3) autoprefixer: Gradient has outdated direction syntax. New syntax is like `to left` instead of `right`.

./node_modules/next/dist/build/webpack/loaders/css-loader/src/index.js??ruleSet[1].rules[3].oneOf[10].use[1]!./node_modules/next/dist/build/webpack/loaders/postcss-loader/src/index.js??ruleSet[1].rules[3].oneOf[10].use[2]!./node_modules/next/dist/build/webpack/loaders/resolve-url-loader/index.js??ruleSet[1].rules[3].oneOf[10].use[3]!./node_modules/next/dist/compiled/sass-loader/cjs.js??ruleSet[1].rules[3].oneOf[10].use[4]!./styles/sass/style.scss
Warning

(1750:3) autoprefixer: end value has mixed support, consider using flex-end instead

./node_modules/next/dist/build/webpack/loaders/css-loader/src/index.js??ruleSet[1].rules[3].oneOf[10].use[1]!./node_modules/next/dist/build/webpack/loaders/postcss-loader/src/index.js??ruleSet[1].rules[3].oneOf[10].use[2]!./node_modules/next/dist/build/webpack/loaders/resolve-url-loader/index.js??ruleSet[1].rules[3].oneOf[10].use[3]!./node_modules/next/dist/compiled/sass-loader/cjs.js??ruleSet[1].rules[3].oneOf[10].use[4]!./styles/sass/style.scss
Warning

(1950:3) autoprefixer: end value has mixed support, consider using flex-end instead

./node_modules/next/dist/build/webpack/loaders/css-loader/src/index.js??ruleSet[1].rules[3].oneOf[10].use[1]!./node_modules/next/dist/build/webpack/loaders/postcss-loader/src/index.js??ruleSet[1].rules[3].oneOf[10].use[2]!./node_modules/next/dist/build/webpack/loaders/resolve-url-loader/index.js??ruleSet[1].rules[3].oneOf[10].use[3]!./node_modules/next/dist/compiled/sass-loader/cjs.js??ruleSet[1].rules[3].oneOf[10].use[4]!./styles/sass/style.scss
Warning

(3957:3) autoprefixer: Gradient has outdated direction syntax. New syntax is like `to left` instead of `right`.

./node_modules/next/dist/build/webpack/loaders/css-loader/src/index.js??ruleSet[1].rules[3].oneOf[10].use[1]!./node_modules/next/dist/build/webpack/loaders/postcss-loader/src/index.js??ruleSet[1].rules[3].oneOf[10].use[2]!./node_modules/next/dist/build/webpack/loaders/resolve-url-loader/index.js??ruleSet[1].rules[3].oneOf[10].use[3]!./node_modules/next/dist/compiled/sass-loader/cjs.js??ruleSet[1].rules[3].oneOf[10].use[4]!./styles/sass/style.scss
Warning

(11477:3) autoprefixer: end value has mixed support, consider using flex-end instead

./node_modules/next/dist/build/webpack/loaders/css-loader/src/index.js??ruleSet[1].rules[3].oneOf[10].use[1]!./node_modules/next/dist/build/webpack/loaders/postcss-loader/src/index.js??ruleSet[1].rules[3].oneOf[10].use[2]!./node_modules/next/dist/build/webpack/loaders/resolve-url-loader/index.js??ruleSet[1].rules[3].oneOf[10].use[3]!./node_modules/next/dist/compiled/sass-loader/cjs.js??ruleSet[1].rules[3].oneOf[10].use[4]!./styles/sass/style.scss
Warning

(13300:3) autoprefixer: end value has mixed support, consider using flex-end instead
warn  - ./node_modules/next/dist/build/webpack/loaders/css-loader/src/index.js??ruleSet[1].rules[3].oneOf[10].use[1]!./node_modules/next/dist/build/webpack/loaders/postcss-loader/src/index.js??ruleSet[1].rules[3].oneOf[10].use[2]!./node_modules/next/dist/build/webpack/loaders/resolve-url-loader/index.js??ruleSet[1].rules[3].oneOf[10].use[3]!./node_modules/next/dist/compiled/sass-loader/cjs.js??ruleSet[1].rules[3].oneOf[10].use[4]!./styles/sass/style.scss
Warning

(594:3) autoprefixer: Gradient has outdated direction syntax. New syntax is like `to left` instead of `right`.

./node_modules/next/dist/build/webpack/loaders/css-loader/src/index.js??ruleSet[1].rules[3].oneOf[10].use[1]!./node_modules/next/dist/build/webpack/loaders/postcss-loader/src/index.js??ruleSet[1].rules[3].oneOf[10].use[2]!./node_modules/next/dist/build/webpack/loaders/resolve-url-loader/index.js??ruleSet[1].rules[3].oneOf[10].use[3]!./node_modules/next/dist/compiled/sass-loader/cjs.js??ruleSet[1].rules[3].oneOf[10].use[4]!./styles/sass/style.scss
Warning

(1750:3) autoprefixer: end value has mixed support, consider using flex-end instead

./node_modules/next/dist/build/webpack/loaders/css-loader/src/index.js??ruleSet[1].rules[3].oneOf[10].use[1]!./node_modules/next/dist/build/webpack/loaders/postcss-loader/src/index.js??ruleSet[1].rules[3].oneOf[10].use[2]!./node_modules/next/dist/build/webpack/loaders/resolve-url-loader/index.js??ruleSet[1].rules[3].oneOf[10].use[3]!./node_modules/next/dist/compiled/sass-loader/cjs.js??ruleSet[1].rules[3].oneOf[10].use[4]!./styles/sass/style.scss
Warning

(1950:3) autoprefixer: end value has mixed support, consider using flex-end instead

./node_modules/next/dist/build/webpack/loaders/css-loader/src/index.js??ruleSet[1].rules[3].oneOf[10].use[1]!./node_modules/next/dist/build/webpack/loaders/postcss-loader/src/index.js??ruleSet[1].rules[3].oneOf[10].use[2]!./node_modules/next/dist/build/webpack/loaders/resolve-url-loader/index.js??ruleSet[1].rules[3].oneOf[10].use[3]!./node_modules/next/dist/compiled/sass-loader/cjs.js??ruleSet[1].rules[3].oneOf[10].use[4]!./styles/sass/style.scss
Warning

(3957:3) autoprefixer: Gradient has outdated direction syntax. New syntax is like `to left` instead of `right`.

./node_modules/next/dist/build/webpack/loaders/css-loader/src/index.js??ruleSet[1].rules[3].oneOf[10].use[1]!./node_modules/next/dist/build/webpack/loaders/postcss-loader/src/index.js??ruleSet[1].rules[3].oneOf[10].use[2]!./node_modules/next/dist/build/webpack/loaders/resolve-url-loader/index.js??ruleSet[1].rules[3].oneOf[10].use[3]!./node_modules/next/dist/compiled/sass-loader/cjs.js??ruleSet[1].rules[3].oneOf[10].use[4]!./styles/sass/style.scss
Warning

(11477:3) autoprefixer: end value has mixed support, consider using flex-end instead

./node_modules/next/dist/build/webpack/loaders/css-loader/src/index.js??ruleSet[1].rules[3].oneOf[10].use[1]!./node_modules/next/dist/build/webpack/loaders/postcss-loader/src/index.js??ruleSet[1].rules[3].oneOf[10].use[2]!./node_modules/next/dist/build/webpack/loaders/resolve-url-loader/index.js??ruleSet[1].rules[3].oneOf[10].use[3]!./node_modules/next/dist/compiled/sass-loader/cjs.js??ruleSet[1].rules[3].oneOf[10].use[4]!./styles/sass/style.scss
Warning

(13300:3) autoprefixer: end value has mixed support, consider using flex-end instead
wait  - compiling /service/[slug]...
warn  - ./node_modules/next/dist/build/webpack/loaders/css-loader/src/index.js??ruleSet[1].rules[3].oneOf[10].use[1]!./node_modules/next/dist/build/webpack/loaders/postcss-loader/src/index.js??ruleSet[1].rules[3].oneOf[10].use[2]!./node_modules/next/dist/build/webpack/loaders/resolve-url-loader/index.js??ruleSet[1].rules[3].oneOf[10].use[3]!./node_modules/next/dist/compiled/sass-loader/cjs.js??ruleSet[1].rules[3].oneOf[10].use[4]!./styles/sass/style.scss
Warning

(594:3) autoprefixer: Gradient has outdated direction syntax. New syntax is like `to left` instead of `right`.

./node_modules/next/dist/build/webpack/loaders/css-loader/src/index.js??ruleSet[1].rules[3].oneOf[10].use[1]!./node_modules/next/dist/build/webpack/loaders/postcss-loader/src/index.js??ruleSet[1].rules[3].oneOf[10].use[2]!./node_modules/next/dist/build/webpack/loaders/resolve-url-loader/index.js??ruleSet[1].rules[3].oneOf[10].use[3]!./node_modules/next/dist/compiled/sass-loader/cjs.js??ruleSet[1].rules[3].oneOf[10].use[4]!./styles/sass/style.scss
Warning

(1750:3) autoprefixer: end value has mixed support, consider using flex-end instead

./node_modules/next/dist/build/webpack/loaders/css-loader/src/index.js??ruleSet[1].rules[3].oneOf[10].use[1]!./node_modules/next/dist/build/webpack/loaders/postcss-loader/src/index.js??ruleSet[1].rules[3].oneOf[10].use[2]!./node_modules/next/dist/build/webpack/loaders/resolve-url-loader/index.js??ruleSet[1].rules[3].oneOf[10].use[3]!./node_modules/next/dist/compiled/sass-loader/cjs.js??ruleSet[1].rules[3].oneOf[10].use[4]!./styles/sass/style.scss
Warning

(1950:3) autoprefixer: end value has mixed support, consider using flex-end instead

./node_modules/next/dist/build/webpack/loaders/css-loader/src/index.js??ruleSet[1].rules[3].oneOf[10].use[1]!./node_modules/next/dist/build/webpack/loaders/postcss-loader/src/index.js??ruleSet[1].rules[3].oneOf[10].use[2]!./node_modules/next/dist/build/webpack/loaders/resolve-url-loader/index.js??ruleSet[1].rules[3].oneOf[10].use[3]!./node_modules/next/dist/compiled/sass-loader/cjs.js??ruleSet[1].rules[3].oneOf[10].use[4]!./styles/sass/style.scss
Warning

(3957:3) autoprefixer: Gradient has outdated direction syntax. New syntax is like `to left` instead of `right`.

./node_modules/next/dist/build/webpack/loaders/css-loader/src/index.js??ruleSet[1].rules[3].oneOf[10].use[1]!./node_modules/next/dist/build/webpack/loaders/postcss-loader/src/index.js??ruleSet[1].rules[3].oneOf[10].use[2]!./node_modules/next/dist/build/webpack/loaders/resolve-url-loader/index.js??ruleSet[1].rules[3].oneOf[10].use[3]!./node_modules/next/dist/compiled/sass-loader/cjs.js??ruleSet[1].rules[3].oneOf[10].use[4]!./styles/sass/style.scss
Warning

(11477:3) autoprefixer: end value has mixed support, consider using flex-end instead

./node_modules/next/dist/build/webpack/loaders/css-loader/src/index.js??ruleSet[1].rules[3].oneOf[10].use[1]!./node_modules/next/dist/build/webpack/loaders/postcss-loader/src/index.js??ruleSet[1].rules[3].oneOf[10].use[2]!./node_modules/next/dist/build/webpack/loaders/resolve-url-loader/index.js??ruleSet[1].rules[3].oneOf[10].use[3]!./node_modules/next/dist/compiled/sass-loader/cjs.js??ruleSet[1].rules[3].oneOf[10].use[4]!./styles/sass/style.scss
Warning

(13300:3) autoprefixer: end value has mixed support, consider using flex-end instead
warn  - ./node_modules/next/dist/build/webpack/loaders/css-loader/src/index.js??ruleSet[1].rules[3].oneOf[10].use[1]!./node_modules/next/dist/build/webpack/loaders/postcss-loader/src/index.js??ruleSet[1].rules[3].oneOf[10].use[2]!./node_modules/next/dist/build/webpack/loaders/resolve-url-loader/index.js??ruleSet[1].rules[3].oneOf[10].use[3]!./node_modules/next/dist/compiled/sass-loader/cjs.js??ruleSet[1].rules[3].oneOf[10].use[4]!./styles/sass/style.scss
Warning

(594:3) autoprefixer: Gradient has outdated direction syntax. New syntax is like `to left` instead of `right`.

./node_modules/next/dist/build/webpack/loaders/css-loader/src/index.js??ruleSet[1].rules[3].oneOf[10].use[1]!./node_modules/next/dist/build/webpack/loaders/postcss-loader/src/index.js??ruleSet[1].rules[3].oneOf[10].use[2]!./node_modules/next/dist/build/webpack/loaders/resolve-url-loader/index.js??ruleSet[1].rules[3].oneOf[10].use[3]!./node_modules/next/dist/compiled/sass-loader/cjs.js??ruleSet[1].rules[3].oneOf[10].use[4]!./styles/sass/style.scss
Warning

(1750:3) autoprefixer: end value has mixed support, consider using flex-end instead

./node_modules/next/dist/build/webpack/loaders/css-loader/src/index.js??ruleSet[1].rules[3].oneOf[10].use[1]!./node_modules/next/dist/build/webpack/loaders/postcss-loader/src/index.js??ruleSet[1].rules[3].oneOf[10].use[2]!./node_modules/next/dist/build/webpack/loaders/resolve-url-loader/index.js??ruleSet[1].rules[3].oneOf[10].use[3]!./node_modules/next/dist/compiled/sass-loader/cjs.js??ruleSet[1].rules[3].oneOf[10].use[4]!./styles/sass/style.scss
Warning

(1950:3) autoprefixer: end value has mixed support, consider using flex-end instead

./node_modules/next/dist/build/webpack/loaders/css-loader/src/index.js??ruleSet[1].rules[3].oneOf[10].use[1]!./node_modules/next/dist/build/webpack/loaders/postcss-loader/src/index.js??ruleSet[1].rules[3].oneOf[10].use[2]!./node_modules/next/dist/build/webpack/loaders/resolve-url-loader/index.js??ruleSet[1].rules[3].oneOf[10].use[3]!./node_modules/next/dist/compiled/sass-loader/cjs.js??ruleSet[1].rules[3].oneOf[10].use[4]!./styles/sass/style.scss
Warning

(3957:3) autoprefixer: Gradient has outdated direction syntax. New syntax is like `to left` instead of `right`.

./node_modules/next/dist/build/webpack/loaders/css-loader/src/index.js??ruleSet[1].rules[3].oneOf[10].use[1]!./node_modules/next/dist/build/webpack/loaders/postcss-loader/src/index.js??ruleSet[1].rules[3].oneOf[10].use[2]!./node_modules/next/dist/build/webpack/loaders/resolve-url-loader/index.js??ruleSet[1].rules[3].oneOf[10].use[3]!./node_modules/next/dist/compiled/sass-loader/cjs.js??ruleSet[1].rules[3].oneOf[10].use[4]!./styles/sass/style.scss
Warning

(11477:3) autoprefixer: end value has mixed support, consider using flex-end instead

./node_modules/next/dist/build/webpack/loaders/css-loader/src/index.js??ruleSet[1].rules[3].oneOf[10].use[1]!./node_modules/next/dist/build/webpack/loaders/postcss-loader/src/index.js??ruleSet[1].rules[3].oneOf[10].use[2]!./node_modules/next/dist/build/webpack/loaders/resolve-url-loader/index.js??ruleSet[1].rules[3].oneOf[10].use[3]!./node_modules/next/dist/compiled/sass-loader/cjs.js??ruleSet[1].rules[3].oneOf[10].use[4]!./styles/sass/style.scss
Warning

(13300:3) autoprefixer: end value has mixed support, consider using flex-end instead
wait  - compiling /team...
warn  - ./node_modules/next/dist/build/webpack/loaders/css-loader/src/index.js??ruleSet[1].rules[3].oneOf[10].use[1]!./node_modules/next/dist/build/webpack/loaders/postcss-loader/src/index.js??ruleSet[1].rules[3].oneOf[10].use[2]!./node_modules/next/dist/build/webpack/loaders/resolve-url-loader/index.js??ruleSet[1].rules[3].oneOf[10].use[3]!./node_modules/next/dist/compiled/sass-loader/cjs.js??ruleSet[1].rules[3].oneOf[10].use[4]!./styles/sass/style.scss
Warning

(594:3) autoprefixer: Gradient has outdated direction syntax. New syntax is like `to left` instead of `right`.

./node_modules/next/dist/build/webpack/loaders/css-loader/src/index.js??ruleSet[1].rules[3].oneOf[10].use[1]!./node_modules/next/dist/build/webpack/loaders/postcss-loader/src/index.js??ruleSet[1].rules[3].oneOf[10].use[2]!./node_modules/next/dist/build/webpack/loaders/resolve-url-loader/index.js??ruleSet[1].rules[3].oneOf[10].use[3]!./node_modules/next/dist/compiled/sass-loader/cjs.js??ruleSet[1].rules[3].oneOf[10].use[4]!./styles/sass/style.scss
Warning

(1750:3) autoprefixer: end value has mixed support, consider using flex-end instead

./node_modules/next/dist/build/webpack/loaders/css-loader/src/index.js??ruleSet[1].rules[3].oneOf[10].use[1]!./node_modules/next/dist/build/webpack/loaders/postcss-loader/src/index.js??ruleSet[1].rules[3].oneOf[10].use[2]!./node_modules/next/dist/build/webpack/loaders/resolve-url-loader/index.js??ruleSet[1].rules[3].oneOf[10].use[3]!./node_modules/next/dist/compiled/sass-loader/cjs.js??ruleSet[1].rules[3].oneOf[10].use[4]!./styles/sass/style.scss
Warning

(1950:3) autoprefixer: end value has mixed support, consider using flex-end instead

./node_modules/next/dist/build/webpack/loaders/css-loader/src/index.js??ruleSet[1].rules[3].oneOf[10].use[1]!./node_modules/next/dist/build/webpack/loaders/postcss-loader/src/index.js??ruleSet[1].rules[3].oneOf[10].use[2]!./node_modules/next/dist/build/webpack/loaders/resolve-url-loader/index.js??ruleSet[1].rules[3].oneOf[10].use[3]!./node_modules/next/dist/compiled/sass-loader/cjs.js??ruleSet[1].rules[3].oneOf[10].use[4]!./styles/sass/style.scss
Warning

(3957:3) autoprefixer: Gradient has outdated direction syntax. New syntax is like `to left` instead of `right`.

./node_modules/next/dist/build/webpack/loaders/css-loader/src/index.js??ruleSet[1].rules[3].oneOf[10].use[1]!./node_modules/next/dist/build/webpack/loaders/postcss-loader/src/index.js??ruleSet[1].rules[3].oneOf[10].use[2]!./node_modules/next/dist/build/webpack/loaders/resolve-url-loader/index.js??ruleSet[1].rules[3].oneOf[10].use[3]!./node_modules/next/dist/compiled/sass-loader/cjs.js??ruleSet[1].rules[3].oneOf[10].use[4]!./styles/sass/style.scss
Warning

(11477:3) autoprefixer: end value has mixed support, consider using flex-end instead

./node_modules/next/dist/build/webpack/loaders/css-loader/src/index.js??ruleSet[1].rules[3].oneOf[10].use[1]!./node_modules/next/dist/build/webpack/loaders/postcss-loader/src/index.js??ruleSet[1].rules[3].oneOf[10].use[2]!./node_modules/next/dist/build/webpack/loaders/resolve-url-loader/index.js??ruleSet[1].rules[3].oneOf[10].use[3]!./node_modules/next/dist/compiled/sass-loader/cjs.js??ruleSet[1].rules[3].oneOf[10].use[4]!./styles/sass/style.scss
Warning

(13300:3) autoprefixer: end value has mixed support, consider using flex-end instead
warn  - ./node_modules/next/dist/build/webpack/loaders/css-loader/src/index.js??ruleSet[1].rules[3].oneOf[10].use[1]!./node_modules/next/dist/build/webpack/loaders/postcss-loader/src/index.js??ruleSet[1].rules[3].oneOf[10].use[2]!./node_modules/next/dist/build/webpack/loaders/resolve-url-loader/index.js??ruleSet[1].rules[3].oneOf[10].use[3]!./node_modules/next/dist/compiled/sass-loader/cjs.js??ruleSet[1].rules[3].oneOf[10].use[4]!./styles/sass/style.scss
Warning

(594:3) autoprefixer: Gradient has outdated direction syntax. New syntax is like `to left` instead of `right`.

./node_modules/next/dist/build/webpack/loaders/css-loader/src/index.js??ruleSet[1].rules[3].oneOf[10].use[1]!./node_modules/next/dist/build/webpack/loaders/postcss-loader/src/index.js??ruleSet[1].rules[3].oneOf[10].use[2]!./node_modules/next/dist/build/webpack/loaders/resolve-url-loader/index.js??ruleSet[1].rules[3].oneOf[10].use[3]!./node_modules/next/dist/compiled/sass-loader/cjs.js??ruleSet[1].rules[3].oneOf[10].use[4]!./styles/sass/style.scss
Warning

(1750:3) autoprefixer: end value has mixed support, consider using flex-end instead

./node_modules/next/dist/build/webpack/loaders/css-loader/src/index.js??ruleSet[1].rules[3].oneOf[10].use[1]!./node_modules/next/dist/build/webpack/loaders/postcss-loader/src/index.js??ruleSet[1].rules[3].oneOf[10].use[2]!./node_modules/next/dist/build/webpack/loaders/resolve-url-loader/index.js??ruleSet[1].rules[3].oneOf[10].use[3]!./node_modules/next/dist/compiled/sass-loader/cjs.js??ruleSet[1].rules[3].oneOf[10].use[4]!./styles/sass/style.scss
Warning

(1950:3) autoprefixer: end value has mixed support, consider using flex-end instead

./node_modules/next/dist/build/webpack/loaders/css-loader/src/index.js??ruleSet[1].rules[3].oneOf[10].use[1]!./node_modules/next/dist/build/webpack/loaders/postcss-loader/src/index.js??ruleSet[1].rules[3].oneOf[10].use[2]!./node_modules/next/dist/build/webpack/loaders/resolve-url-loader/index.js??ruleSet[1].rules[3].oneOf[10].use[3]!./node_modules/next/dist/compiled/sass-loader/cjs.js??ruleSet[1].rules[3].oneOf[10].use[4]!./styles/sass/style.scss
Warning

(3957:3) autoprefixer: Gradient has outdated direction syntax. New syntax is like `to left` instead of `right`.

./node_modules/next/dist/build/webpack/loaders/css-loader/src/index.js??ruleSet[1].rules[3].oneOf[10].use[1]!./node_modules/next/dist/build/webpack/loaders/postcss-loader/src/index.js??ruleSet[1].rules[3].oneOf[10].use[2]!./node_modules/next/dist/build/webpack/loaders/resolve-url-loader/index.js??ruleSet[1].rules[3].oneOf[10].use[3]!./node_modules/next/dist/compiled/sass-loader/cjs.js??ruleSet[1].rules[3].oneOf[10].use[4]!./styles/sass/style.scss
Warning

(11477:3) autoprefixer: end value has mixed support, consider using flex-end instead

./node_modules/next/dist/build/webpack/loaders/css-loader/src/index.js??ruleSet[1].rules[3].oneOf[10].use[1]!./node_modules/next/dist/build/webpack/loaders/postcss-loader/src/index.js??ruleSet[1].rules[3].oneOf[10].use[2]!./node_modules/next/dist/build/webpack/loaders/resolve-url-loader/index.js??ruleSet[1].rules[3].oneOf[10].use[3]!./node_modules/next/dist/compiled/sass-loader/cjs.js??ruleSet[1].rules[3].oneOf[10].use[4]!./styles/sass/style.scss
Warning

(13300:3) autoprefixer: end value has mixed support, consider using flex-end instead
wait  - compiling /about...
warn  - ./node_modules/next/dist/build/webpack/loaders/css-loader/src/index.js??ruleSet[1].rules[3].oneOf[10].use[1]!./node_modules/next/dist/build/webpack/loaders/postcss-loader/src/index.js??ruleSet[1].rules[3].oneOf[10].use[2]!./node_modules/next/dist/build/webpack/loaders/resolve-url-loader/index.js??ruleSet[1].rules[3].oneOf[10].use[3]!./node_modules/next/dist/compiled/sass-loader/cjs.js??ruleSet[1].rules[3].oneOf[10].use[4]!./styles/sass/style.scss
Warning

(594:3) autoprefixer: Gradient has outdated direction syntax. New syntax is like `to left` instead of `right`.

./node_modules/next/dist/build/webpack/loaders/css-loader/src/index.js??ruleSet[1].rules[3].oneOf[10].use[1]!./node_modules/next/dist/build/webpack/loaders/postcss-loader/src/index.js??ruleSet[1].rules[3].oneOf[10].use[2]!./node_modules/next/dist/build/webpack/loaders/resolve-url-loader/index.js??ruleSet[1].rules[3].oneOf[10].use[3]!./node_modules/next/dist/compiled/sass-loader/cjs.js??ruleSet[1].rules[3].oneOf[10].use[4]!./styles/sass/style.scss
Warning

(1750:3) autoprefixer: end value has mixed support, consider using flex-end instead

./node_modules/next/dist/build/webpack/loaders/css-loader/src/index.js??ruleSet[1].rules[3].oneOf[10].use[1]!./node_modules/next/dist/build/webpack/loaders/postcss-loader/src/index.js??ruleSet[1].rules[3].oneOf[10].use[2]!./node_modules/next/dist/build/webpack/loaders/resolve-url-loader/index.js??ruleSet[1].rules[3].oneOf[10].use[3]!./node_modules/next/dist/compiled/sass-loader/cjs.js??ruleSet[1].rules[3].oneOf[10].use[4]!./styles/sass/style.scss
Warning

(1950:3) autoprefixer: end value has mixed support, consider using flex-end instead

./node_modules/next/dist/build/webpack/loaders/css-loader/src/index.js??ruleSet[1].rules[3].oneOf[10].use[1]!./node_modules/next/dist/build/webpack/loaders/postcss-loader/src/index.js??ruleSet[1].rules[3].oneOf[10].use[2]!./node_modules/next/dist/build/webpack/loaders/resolve-url-loader/index.js??ruleSet[1].rules[3].oneOf[10].use[3]!./node_modules/next/dist/compiled/sass-loader/cjs.js??ruleSet[1].rules[3].oneOf[10].use[4]!./styles/sass/style.scss
Warning

(3957:3) autoprefixer: Gradient has outdated direction syntax. New syntax is like `to left` instead of `right`.

./node_modules/next/dist/build/webpack/loaders/css-loader/src/index.js??ruleSet[1].rules[3].oneOf[10].use[1]!./node_modules/next/dist/build/webpack/loaders/postcss-loader/src/index.js??ruleSet[1].rules[3].oneOf[10].use[2]!./node_modules/next/dist/build/webpack/loaders/resolve-url-loader/index.js??ruleSet[1].rules[3].oneOf[10].use[3]!./node_modules/next/dist/compiled/sass-loader/cjs.js??ruleSet[1].rules[3].oneOf[10].use[4]!./styles/sass/style.scss
Warning

(11477:3) autoprefixer: end value has mixed support, consider using flex-end instead

./node_modules/next/dist/build/webpack/loaders/css-loader/src/index.js??ruleSet[1].rules[3].oneOf[10].use[1]!./node_modules/next/dist/build/webpack/loaders/postcss-loader/src/index.js??ruleSet[1].rules[3].oneOf[10].use[2]!./node_modules/next/dist/build/webpack/loaders/resolve-url-loader/index.js??ruleSet[1].rules[3].oneOf[10].use[3]!./node_modules/next/dist/compiled/sass-loader/cjs.js??ruleSet[1].rules[3].oneOf[10].use[4]!./styles/sass/style.scss
Warning

(13300:3) autoprefixer: end value has mixed support, consider using flex-end instead
wait  - compiling...
warn  - ./node_modules/next/dist/build/webpack/loaders/css-loader/src/index.js??ruleSet[1].rules[3].oneOf[10].use[1]!./node_modules/next/dist/build/webpack/loaders/postcss-loader/src/index.js??ruleSet[1].rules[3].oneOf[10].use[2]!./node_modules/next/dist/build/webpack/loaders/resolve-url-loader/index.js??ruleSet[1].rules[3].oneOf[10].use[3]!./node_modules/next/dist/compiled/sass-loader/cjs.js??ruleSet[1].rules[3].oneOf[10].use[4]!./styles/sass/style.scss
Warning

(594:3) autoprefixer: Gradient has outdated direction syntax. New syntax is like `to left` instead of `right`.

./node_modules/next/dist/build/webpack/loaders/css-loader/src/index.js??ruleSet[1].rules[3].oneOf[10].use[1]!./node_modules/next/dist/build/webpack/loaders/postcss-loader/src/index.js??ruleSet[1].rules[3].oneOf[10].use[2]!./node_modules/next/dist/build/webpack/loaders/resolve-url-loader/index.js??ruleSet[1].rules[3].oneOf[10].use[3]!./node_modules/next/dist/compiled/sass-loader/cjs.js??ruleSet[1].rules[3].oneOf[10].use[4]!./styles/sass/style.scss
Warning

(1750:3) autoprefixer: end value has mixed support, consider using flex-end instead

./node_modules/next/dist/build/webpack/loaders/css-loader/src/index.js??ruleSet[1].rules[3].oneOf[10].use[1]!./node_modules/next/dist/build/webpack/loaders/postcss-loader/src/index.js??ruleSet[1].rules[3].oneOf[10].use[2]!./node_modules/next/dist/build/webpack/loaders/resolve-url-loader/index.js??ruleSet[1].rules[3].oneOf[10].use[3]!./node_modules/next/dist/compiled/sass-loader/cjs.js??ruleSet[1].rules[3].oneOf[10].use[4]!./styles/sass/style.scss
Warning

(1950:3) autoprefixer: end value has mixed support, consider using flex-end instead

./node_modules/next/dist/build/webpack/loaders/css-loader/src/index.js??ruleSet[1].rules[3].oneOf[10].use[1]!./node_modules/next/dist/build/webpack/loaders/postcss-loader/src/index.js??ruleSet[1].rules[3].oneOf[10].use[2]!./node_modules/next/dist/build/webpack/loaders/resolve-url-loader/index.js??ruleSet[1].rules[3].oneOf[10].use[3]!./node_modules/next/dist/compiled/sass-loader/cjs.js??ruleSet[1].rules[3].oneOf[10].use[4]!./styles/sass/style.scss
Warning

(3959:3) autoprefixer: Gradient has outdated direction syntax. New syntax is like `to left` instead of `right`.

./node_modules/next/dist/build/webpack/loaders/css-loader/src/index.js??ruleSet[1].rules[3].oneOf[10].use[1]!./node_modules/next/dist/build/webpack/loaders/postcss-loader/src/index.js??ruleSet[1].rules[3].oneOf[10].use[2]!./node_modules/next/dist/build/webpack/loaders/resolve-url-loader/index.js??ruleSet[1].rules[3].oneOf[10].use[3]!./node_modules/next/dist/compiled/sass-loader/cjs.js??ruleSet[1].rules[3].oneOf[10].use[4]!./styles/sass/style.scss
Warning

(11479:3) autoprefixer: end value has mixed support, consider using flex-end instead

./node_modules/next/dist/build/webpack/loaders/css-loader/src/index.js??ruleSet[1].rules[3].oneOf[10].use[1]!./node_modules/next/dist/build/webpack/loaders/postcss-loader/src/index.js??ruleSet[1].rules[3].oneOf[10].use[2]!./node_modules/next/dist/build/webpack/loaders/resolve-url-loader/index.js??ruleSet[1].rules[3].oneOf[10].use[3]!./node_modules/next/dist/compiled/sass-loader/cjs.js??ruleSet[1].rules[3].oneOf[10].use[4]!./styles/sass/style.scss
Warning

(13302:3) autoprefixer: end value has mixed support, consider using flex-end instead
<w> [webpack.cache.PackFileCacheStrategy] Skipped not serializable cache item 'Compilation/modules|/Users/aashishkumar/Documents/Development/innovatix/wecare/node_modules/next/dist/build/webpack/loaders/css-loader/src/index.js??ruleSet[1].rules[3].oneOf[10].use[1]!/Users/aashishkumar/Documents/Development/innovatix/wecare/node_modules/next/dist/build/webpack/loaders/postcss-loader/src/index.js??ruleSet[1].rules[3].oneOf[10].use[2]!/Users/aashishkumar/Documents/Development/innovatix/wecare/node_modules/next/dist/build/webpack/loaders/resolve-url-loader/index.js??ruleSet[1].rules[3].oneOf[10].use[3]!/Users/aashishkumar/Documents/Development/innovatix/wecare/node_modules/next/dist/compiled/sass-loader/cjs.js??ruleSet[1].rules[3].oneOf[10].use[4]!/Users/aashishkumar/Documents/Development/innovatix/wecare/styles/sass/style.scss': No serializer registered for Warning
<w> while serializing webpack/lib/cache/PackFileCacheStrategy.PackContentItems -> webpack/lib/NormalModule -> Array { 6 items } -> webpack/lib/ModuleWarning -> Warning
wait  - compiling...
warn  - ./node_modules/next/dist/build/webpack/loaders/css-loader/src/index.js??ruleSet[1].rules[3].oneOf[10].use[1]!./node_modules/next/dist/build/webpack/loaders/postcss-loader/src/index.js??ruleSet[1].rules[3].oneOf[10].use[2]!./node_modules/next/dist/build/webpack/loaders/resolve-url-loader/index.js??ruleSet[1].rules[3].oneOf[10].use[3]!./node_modules/next/dist/compiled/sass-loader/cjs.js??ruleSet[1].rules[3].oneOf[10].use[4]!./styles/sass/style.scss
Warning

(594:3) autoprefixer: Gradient has outdated direction syntax. New syntax is like `to left` instead of `right`.

./node_modules/next/dist/build/webpack/loaders/css-loader/src/index.js??ruleSet[1].rules[3].oneOf[10].use[1]!./node_modules/next/dist/build/webpack/loaders/postcss-loader/src/index.js??ruleSet[1].rules[3].oneOf[10].use[2]!./node_modules/next/dist/build/webpack/loaders/resolve-url-loader/index.js??ruleSet[1].rules[3].oneOf[10].use[3]!./node_modules/next/dist/compiled/sass-loader/cjs.js??ruleSet[1].rules[3].oneOf[10].use[4]!./styles/sass/style.scss
Warning

(1750:3) autoprefixer: end value has mixed support, consider using flex-end instead

./node_modules/next/dist/build/webpack/loaders/css-loader/src/index.js??ruleSet[1].rules[3].oneOf[10].use[1]!./node_modules/next/dist/build/webpack/loaders/postcss-loader/src/index.js??ruleSet[1].rules[3].oneOf[10].use[2]!./node_modules/next/dist/build/webpack/loaders/resolve-url-loader/index.js??ruleSet[1].rules[3].oneOf[10].use[3]!./node_modules/next/dist/compiled/sass-loader/cjs.js??ruleSet[1].rules[3].oneOf[10].use[4]!./styles/sass/style.scss
Warning

(1950:3) autoprefixer: end value has mixed support, consider using flex-end instead

./node_modules/next/dist/build/webpack/loaders/css-loader/src/index.js??ruleSet[1].rules[3].oneOf[10].use[1]!./node_modules/next/dist/build/webpack/loaders/postcss-loader/src/index.js??ruleSet[1].rules[3].oneOf[10].use[2]!./node_modules/next/dist/build/webpack/loaders/resolve-url-loader/index.js??ruleSet[1].rules[3].oneOf[10].use[3]!./node_modules/next/dist/compiled/sass-loader/cjs.js??ruleSet[1].rules[3].oneOf[10].use[4]!./styles/sass/style.scss
Warning

(3959:3) autoprefixer: Gradient has outdated direction syntax. New syntax is like `to left` instead of `right`.

./node_modules/next/dist/build/webpack/loaders/css-loader/src/index.js??ruleSet[1].rules[3].oneOf[10].use[1]!./node_modules/next/dist/build/webpack/loaders/postcss-loader/src/index.js??ruleSet[1].rules[3].oneOf[10].use[2]!./node_modules/next/dist/build/webpack/loaders/resolve-url-loader/index.js??ruleSet[1].rules[3].oneOf[10].use[3]!./node_modules/next/dist/compiled/sass-loader/cjs.js??ruleSet[1].rules[3].oneOf[10].use[4]!./styles/sass/style.scss
Warning

(11479:3) autoprefixer: end value has mixed support, consider using flex-end instead

./node_modules/next/dist/build/webpack/loaders/css-loader/src/index.js??ruleSet[1].rules[3].oneOf[10].use[1]!./node_modules/next/dist/build/webpack/loaders/postcss-loader/src/index.js??ruleSet[1].rules[3].oneOf[10].use[2]!./node_modules/next/dist/build/webpack/loaders/resolve-url-loader/index.js??ruleSet[1].rules[3].oneOf[10].use[3]!./node_modules/next/dist/compiled/sass-loader/cjs.js??ruleSet[1].rules[3].oneOf[10].use[4]!./styles/sass/style.scss
Warning

(13302:3) autoprefixer: end value has mixed support, consider using flex-end instead
wait  - compiling...
warn  - ./node_modules/next/dist/build/webpack/loaders/css-loader/src/index.js??ruleSet[1].rules[3].oneOf[10].use[1]!./node_modules/next/dist/build/webpack/loaders/postcss-loader/src/index.js??ruleSet[1].rules[3].oneOf[10].use[2]!./node_modules/next/dist/build/webpack/loaders/resolve-url-loader/index.js??ruleSet[1].rules[3].oneOf[10].use[3]!./node_modules/next/dist/compiled/sass-loader/cjs.js??ruleSet[1].rules[3].oneOf[10].use[4]!./styles/sass/style.scss
Warning

(594:3) autoprefixer: Gradient has outdated direction syntax. New syntax is like `to left` instead of `right`.

./node_modules/next/dist/build/webpack/loaders/css-loader/src/index.js??ruleSet[1].rules[3].oneOf[10].use[1]!./node_modules/next/dist/build/webpack/loaders/postcss-loader/src/index.js??ruleSet[1].rules[3].oneOf[10].use[2]!./node_modules/next/dist/build/webpack/loaders/resolve-url-loader/index.js??ruleSet[1].rules[3].oneOf[10].use[3]!./node_modules/next/dist/compiled/sass-loader/cjs.js??ruleSet[1].rules[3].oneOf[10].use[4]!./styles/sass/style.scss
Warning

(1722:3) autoprefixer: end value has mixed support, consider using flex-end instead

./node_modules/next/dist/build/webpack/loaders/css-loader/src/index.js??ruleSet[1].rules[3].oneOf[10].use[1]!./node_modules/next/dist/build/webpack/loaders/postcss-loader/src/index.js??ruleSet[1].rules[3].oneOf[10].use[2]!./node_modules/next/dist/build/webpack/loaders/resolve-url-loader/index.js??ruleSet[1].rules[3].oneOf[10].use[3]!./node_modules/next/dist/compiled/sass-loader/cjs.js??ruleSet[1].rules[3].oneOf[10].use[4]!./styles/sass/style.scss
Warning

(1922:3) autoprefixer: end value has mixed support, consider using flex-end instead

./node_modules/next/dist/build/webpack/loaders/css-loader/src/index.js??ruleSet[1].rules[3].oneOf[10].use[1]!./node_modules/next/dist/build/webpack/loaders/postcss-loader/src/index.js??ruleSet[1].rules[3].oneOf[10].use[2]!./node_modules/next/dist/build/webpack/loaders/resolve-url-loader/index.js??ruleSet[1].rules[3].oneOf[10].use[3]!./node_modules/next/dist/compiled/sass-loader/cjs.js??ruleSet[1].rules[3].oneOf[10].use[4]!./styles/sass/style.scss
Warning

(3931:3) autoprefixer: Gradient has outdated direction syntax. New syntax is like `to left` instead of `right`.

./node_modules/next/dist/build/webpack/loaders/css-loader/src/index.js??ruleSet[1].rules[3].oneOf[10].use[1]!./node_modules/next/dist/build/webpack/loaders/postcss-loader/src/index.js??ruleSet[1].rules[3].oneOf[10].use[2]!./node_modules/next/dist/build/webpack/loaders/resolve-url-loader/index.js??ruleSet[1].rules[3].oneOf[10].use[3]!./node_modules/next/dist/compiled/sass-loader/cjs.js??ruleSet[1].rules[3].oneOf[10].use[4]!./styles/sass/style.scss
Warning

(11451:3) autoprefixer: end value has mixed support, consider using flex-end instead

./node_modules/next/dist/build/webpack/loaders/css-loader/src/index.js??ruleSet[1].rules[3].oneOf[10].use[1]!./node_modules/next/dist/build/webpack/loaders/postcss-loader/src/index.js??ruleSet[1].rules[3].oneOf[10].use[2]!./node_modules/next/dist/build/webpack/loaders/resolve-url-loader/index.js??ruleSet[1].rules[3].oneOf[10].use[3]!./node_modules/next/dist/compiled/sass-loader/cjs.js??ruleSet[1].rules[3].oneOf[10].use[4]!./styles/sass/style.scss
Warning

(13274:3) autoprefixer: end value has mixed support, consider using flex-end instead
<w> [webpack.cache.PackFileCacheStrategy] Skipped not serializable cache item 'Compilation/modules|/Users/aashishkumar/Documents/Development/innovatix/wecare/node_modules/next/dist/build/webpack/loaders/css-loader/src/index.js??ruleSet[1].rules[3].oneOf[10].use[1]!/Users/aashishkumar/Documents/Development/innovatix/wecare/node_modules/next/dist/build/webpack/loaders/postcss-loader/src/index.js??ruleSet[1].rules[3].oneOf[10].use[2]!/Users/aashishkumar/Documents/Development/innovatix/wecare/node_modules/next/dist/build/webpack/loaders/resolve-url-loader/index.js??ruleSet[1].rules[3].oneOf[10].use[3]!/Users/aashishkumar/Documents/Development/innovatix/wecare/node_modules/next/dist/compiled/sass-loader/cjs.js??ruleSet[1].rules[3].oneOf[10].use[4]!/Users/aashishkumar/Documents/Development/innovatix/wecare/styles/sass/style.scss': No serializer registered for Warning
<w> while serializing webpack/lib/cache/PackFileCacheStrategy.PackContentItems -> webpack/lib/NormalModule -> Array { 6 items } -> webpack/lib/ModuleWarning -> Warning
wait  - compiling...
warn  - ./node_modules/next/dist/build/webpack/loaders/css-loader/src/index.js??ruleSet[1].rules[3].oneOf[10].use[1]!./node_modules/next/dist/build/webpack/loaders/postcss-loader/src/index.js??ruleSet[1].rules[3].oneOf[10].use[2]!./node_modules/next/dist/build/webpack/loaders/resolve-url-loader/index.js??ruleSet[1].rules[3].oneOf[10].use[3]!./node_modules/next/dist/compiled/sass-loader/cjs.js??ruleSet[1].rules[3].oneOf[10].use[4]!./styles/sass/style.scss
Warning

(601:3) autoprefixer: Gradient has outdated direction syntax. New syntax is like `to left` instead of `right`.

./node_modules/next/dist/build/webpack/loaders/css-loader/src/index.js??ruleSet[1].rules[3].oneOf[10].use[1]!./node_modules/next/dist/build/webpack/loaders/postcss-loader/src/index.js??ruleSet[1].rules[3].oneOf[10].use[2]!./node_modules/next/dist/build/webpack/loaders/resolve-url-loader/index.js??ruleSet[1].rules[3].oneOf[10].use[3]!./node_modules/next/dist/compiled/sass-loader/cjs.js??ruleSet[1].rules[3].oneOf[10].use[4]!./styles/sass/style.scss
Warning

(1729:3) autoprefixer: end value has mixed support, consider using flex-end instead

./node_modules/next/dist/build/webpack/loaders/css-loader/src/index.js??ruleSet[1].rules[3].oneOf[10].use[1]!./node_modules/next/dist/build/webpack/loaders/postcss-loader/src/index.js??ruleSet[1].rules[3].oneOf[10].use[2]!./node_modules/next/dist/build/webpack/loaders/resolve-url-loader/index.js??ruleSet[1].rules[3].oneOf[10].use[3]!./node_modules/next/dist/compiled/sass-loader/cjs.js??ruleSet[1].rules[3].oneOf[10].use[4]!./styles/sass/style.scss
Warning

(1929:3) autoprefixer: end value has mixed support, consider using flex-end instead

./node_modules/next/dist/build/webpack/loaders/css-loader/src/index.js??ruleSet[1].rules[3].oneOf[10].use[1]!./node_modules/next/dist/build/webpack/loaders/postcss-loader/src/index.js??ruleSet[1].rules[3].oneOf[10].use[2]!./node_modules/next/dist/build/webpack/loaders/resolve-url-loader/index.js??ruleSet[1].rules[3].oneOf[10].use[3]!./node_modules/next/dist/compiled/sass-loader/cjs.js??ruleSet[1].rules[3].oneOf[10].use[4]!./styles/sass/style.scss
Warning

(3938:3) autoprefixer: Gradient has outdated direction syntax. New syntax is like `to left` instead of `right`.

./node_modules/next/dist/build/webpack/loaders/css-loader/src/index.js??ruleSet[1].rules[3].oneOf[10].use[1]!./node_modules/next/dist/build/webpack/loaders/postcss-loader/src/index.js??ruleSet[1].rules[3].oneOf[10].use[2]!./node_modules/next/dist/build/webpack/loaders/resolve-url-loader/index.js??ruleSet[1].rules[3].oneOf[10].use[3]!./node_modules/next/dist/compiled/sass-loader/cjs.js??ruleSet[1].rules[3].oneOf[10].use[4]!./styles/sass/style.scss
Warning

(11458:3) autoprefixer: end value has mixed support, consider using flex-end instead

./node_modules/next/dist/build/webpack/loaders/css-loader/src/index.js??ruleSet[1].rules[3].oneOf[10].use[1]!./node_modules/next/dist/build/webpack/loaders/postcss-loader/src/index.js??ruleSet[1].rules[3].oneOf[10].use[2]!./node_modules/next/dist/build/webpack/loaders/resolve-url-loader/index.js??ruleSet[1].rules[3].oneOf[10].use[3]!./node_modules/next/dist/compiled/sass-loader/cjs.js??ruleSet[1].rules[3].oneOf[10].use[4]!./styles/sass/style.scss
Warning

(13281:3) autoprefixer: end value has mixed support, consider using flex-end instead
<w> [webpack.cache.PackFileCacheStrategy] Skipped not serializable cache item 'Compilation/modules|/Users/aashishkumar/Documents/Development/innovatix/wecare/node_modules/next/dist/build/webpack/loaders/css-loader/src/index.js??ruleSet[1].rules[3].oneOf[10].use[1]!/Users/aashishkumar/Documents/Development/innovatix/wecare/node_modules/next/dist/build/webpack/loaders/postcss-loader/src/index.js??ruleSet[1].rules[3].oneOf[10].use[2]!/Users/aashishkumar/Documents/Development/innovatix/wecare/node_modules/next/dist/build/webpack/loaders/resolve-url-loader/index.js??ruleSet[1].rules[3].oneOf[10].use[3]!/Users/aashishkumar/Documents/Development/innovatix/wecare/node_modules/next/dist/compiled/sass-loader/cjs.js??ruleSet[1].rules[3].oneOf[10].use[4]!/Users/aashishkumar/Documents/Development/innovatix/wecare/styles/sass/style.scss': No serializer registered for Warning
<w> while serializing webpack/lib/cache/PackFileCacheStrategy.PackContentItems -> webpack/lib/NormalModule -> Array { 6 items } -> webpack/lib/ModuleWarning -> Warning
warn  - ./node_modules/next/dist/build/webpack/loaders/css-loader/src/index.js??ruleSet[1].rules[3].oneOf[10].use[1]!./node_modules/next/dist/build/webpack/loaders/postcss-loader/src/index.js??ruleSet[1].rules[3].oneOf[10].use[2]!./node_modules/next/dist/build/webpack/loaders/resolve-url-loader/index.js??ruleSet[1].rules[3].oneOf[10].use[3]!./node_modules/next/dist/compiled/sass-loader/cjs.js??ruleSet[1].rules[3].oneOf[10].use[4]!./styles/sass/style.scss
Warning

(601:3) autoprefixer: Gradient has outdated direction syntax. New syntax is like `to left` instead of `right`.

./node_modules/next/dist/build/webpack/loaders/css-loader/src/index.js??ruleSet[1].rules[3].oneOf[10].use[1]!./node_modules/next/dist/build/webpack/loaders/postcss-loader/src/index.js??ruleSet[1].rules[3].oneOf[10].use[2]!./node_modules/next/dist/build/webpack/loaders/resolve-url-loader/index.js??ruleSet[1].rules[3].oneOf[10].use[3]!./node_modules/next/dist/compiled/sass-loader/cjs.js??ruleSet[1].rules[3].oneOf[10].use[4]!./styles/sass/style.scss
Warning

(1729:3) autoprefixer: end value has mixed support, consider using flex-end instead

./node_modules/next/dist/build/webpack/loaders/css-loader/src/index.js??ruleSet[1].rules[3].oneOf[10].use[1]!./node_modules/next/dist/build/webpack/loaders/postcss-loader/src/index.js??ruleSet[1].rules[3].oneOf[10].use[2]!./node_modules/next/dist/build/webpack/loaders/resolve-url-loader/index.js??ruleSet[1].rules[3].oneOf[10].use[3]!./node_modules/next/dist/compiled/sass-loader/cjs.js??ruleSet[1].rules[3].oneOf[10].use[4]!./styles/sass/style.scss
Warning

(1929:3) autoprefixer: end value has mixed support, consider using flex-end instead

./node_modules/next/dist/build/webpack/loaders/css-loader/src/index.js??ruleSet[1].rules[3].oneOf[10].use[1]!./node_modules/next/dist/build/webpack/loaders/postcss-loader/src/index.js??ruleSet[1].rules[3].oneOf[10].use[2]!./node_modules/next/dist/build/webpack/loaders/resolve-url-loader/index.js??ruleSet[1].rules[3].oneOf[10].use[3]!./node_modules/next/dist/compiled/sass-loader/cjs.js??ruleSet[1].rules[3].oneOf[10].use[4]!./styles/sass/style.scss
Warning

(3938:3) autoprefixer: Gradient has outdated direction syntax. New syntax is like `to left` instead of `right`.

./node_modules/next/dist/build/webpack/loaders/css-loader/src/index.js??ruleSet[1].rules[3].oneOf[10].use[1]!./node_modules/next/dist/build/webpack/loaders/postcss-loader/src/index.js??ruleSet[1].rules[3].oneOf[10].use[2]!./node_modules/next/dist/build/webpack/loaders/resolve-url-loader/index.js??ruleSet[1].rules[3].oneOf[10].use[3]!./node_modules/next/dist/compiled/sass-loader/cjs.js??ruleSet[1].rules[3].oneOf[10].use[4]!./styles/sass/style.scss
Warning

(11458:3) autoprefixer: end value has mixed support, consider using flex-end instead

./node_modules/next/dist/build/webpack/loaders/css-loader/src/index.js??ruleSet[1].rules[3].oneOf[10].use[1]!./node_modules/next/dist/build/webpack/loaders/postcss-loader/src/index.js??ruleSet[1].rules[3].oneOf[10].use[2]!./node_modules/next/dist/build/webpack/loaders/resolve-url-loader/index.js??ruleSet[1].rules[3].oneOf[10].use[3]!./node_modules/next/dist/compiled/sass-loader/cjs.js??ruleSet[1].rules[3].oneOf[10].use[4]!./styles/sass/style.scss
Warning

(13281:3) autoprefixer: end value has mixed support, consider using flex-end instead
wait  - compiling /...
warn  - ./node_modules/next/dist/build/webpack/loaders/css-loader/src/index.js??ruleSet[1].rules[3].oneOf[10].use[1]!./node_modules/next/dist/build/webpack/loaders/postcss-loader/src/index.js??ruleSet[1].rules[3].oneOf[10].use[2]!./node_modules/next/dist/build/webpack/loaders/resolve-url-loader/index.js??ruleSet[1].rules[3].oneOf[10].use[3]!./node_modules/next/dist/compiled/sass-loader/cjs.js??ruleSet[1].rules[3].oneOf[10].use[4]!./styles/sass/style.scss
Warning

(601:3) autoprefixer: Gradient has outdated direction syntax. New syntax is like `to left` instead of `right`.

./node_modules/next/dist/build/webpack/loaders/css-loader/src/index.js??ruleSet[1].rules[3].oneOf[10].use[1]!./node_modules/next/dist/build/webpack/loaders/postcss-loader/src/index.js??ruleSet[1].rules[3].oneOf[10].use[2]!./node_modules/next/dist/build/webpack/loaders/resolve-url-loader/index.js??ruleSet[1].rules[3].oneOf[10].use[3]!./node_modules/next/dist/compiled/sass-loader/cjs.js??ruleSet[1].rules[3].oneOf[10].use[4]!./styles/sass/style.scss
Warning

(1729:3) autoprefixer: end value has mixed support, consider using flex-end instead

./node_modules/next/dist/build/webpack/loaders/css-loader/src/index.js??ruleSet[1].rules[3].oneOf[10].use[1]!./node_modules/next/dist/build/webpack/loaders/postcss-loader/src/index.js??ruleSet[1].rules[3].oneOf[10].use[2]!./node_modules/next/dist/build/webpack/loaders/resolve-url-loader/index.js??ruleSet[1].rules[3].oneOf[10].use[3]!./node_modules/next/dist/compiled/sass-loader/cjs.js??ruleSet[1].rules[3].oneOf[10].use[4]!./styles/sass/style.scss
Warning

(1929:3) autoprefixer: end value has mixed support, consider using flex-end instead

./node_modules/next/dist/build/webpack/loaders/css-loader/src/index.js??ruleSet[1].rules[3].oneOf[10].use[1]!./node_modules/next/dist/build/webpack/loaders/postcss-loader/src/index.js??ruleSet[1].rules[3].oneOf[10].use[2]!./node_modules/next/dist/build/webpack/loaders/resolve-url-loader/index.js??ruleSet[1].rules[3].oneOf[10].use[3]!./node_modules/next/dist/compiled/sass-loader/cjs.js??ruleSet[1].rules[3].oneOf[10].use[4]!./styles/sass/style.scss
Warning

(3938:3) autoprefixer: Gradient has outdated direction syntax. New syntax is like `to left` instead of `right`.

./node_modules/next/dist/build/webpack/loaders/css-loader/src/index.js??ruleSet[1].rules[3].oneOf[10].use[1]!./node_modules/next/dist/build/webpack/loaders/postcss-loader/src/index.js??ruleSet[1].rules[3].oneOf[10].use[2]!./node_modules/next/dist/build/webpack/loaders/resolve-url-loader/index.js??ruleSet[1].rules[3].oneOf[10].use[3]!./node_modules/next/dist/compiled/sass-loader/cjs.js??ruleSet[1].rules[3].oneOf[10].use[4]!./styles/sass/style.scss
Warning

(11458:3) autoprefixer: end value has mixed support, consider using flex-end instead

./node_modules/next/dist/build/webpack/loaders/css-loader/src/index.js??ruleSet[1].rules[3].oneOf[10].use[1]!./node_modules/next/dist/build/webpack/loaders/postcss-loader/src/index.js??ruleSet[1].rules[3].oneOf[10].use[2]!./node_modules/next/dist/build/webpack/loaders/resolve-url-loader/index.js??ruleSet[1].rules[3].oneOf[10].use[3]!./node_modules/next/dist/compiled/sass-loader/cjs.js??ruleSet[1].rules[3].oneOf[10].use[4]!./styles/sass/style.scss
Warning

(13281:3) autoprefixer: end value has mixed support, consider using flex-end instead
warn  - ./node_modules/next/dist/build/webpack/loaders/css-loader/src/index.js??ruleSet[1].rules[3].oneOf[10].use[1]!./node_modules/next/dist/build/webpack/loaders/postcss-loader/src/index.js??ruleSet[1].rules[3].oneOf[10].use[2]!./node_modules/next/dist/build/webpack/loaders/resolve-url-loader/index.js??ruleSet[1].rules[3].oneOf[10].use[3]!./node_modules/next/dist/compiled/sass-loader/cjs.js??ruleSet[1].rules[3].oneOf[10].use[4]!./styles/sass/style.scss
Warning

(601:3) autoprefixer: Gradient has outdated direction syntax. New syntax is like `to left` instead of `right`.

./node_modules/next/dist/build/webpack/loaders/css-loader/src/index.js??ruleSet[1].rules[3].oneOf[10].use[1]!./node_modules/next/dist/build/webpack/loaders/postcss-loader/src/index.js??ruleSet[1].rules[3].oneOf[10].use[2]!./node_modules/next/dist/build/webpack/loaders/resolve-url-loader/index.js??ruleSet[1].rules[3].oneOf[10].use[3]!./node_modules/next/dist/compiled/sass-loader/cjs.js??ruleSet[1].rules[3].oneOf[10].use[4]!./styles/sass/style.scss
Warning

(1729:3) autoprefixer: end value has mixed support, consider using flex-end instead

./node_modules/next/dist/build/webpack/loaders/css-loader/src/index.js??ruleSet[1].rules[3].oneOf[10].use[1]!./node_modules/next/dist/build/webpack/loaders/postcss-loader/src/index.js??ruleSet[1].rules[3].oneOf[10].use[2]!./node_modules/next/dist/build/webpack/loaders/resolve-url-loader/index.js??ruleSet[1].rules[3].oneOf[10].use[3]!./node_modules/next/dist/compiled/sass-loader/cjs.js??ruleSet[1].rules[3].oneOf[10].use[4]!./styles/sass/style.scss
Warning

(1929:3) autoprefixer: end value has mixed support, consider using flex-end instead

./node_modules/next/dist/build/webpack/loaders/css-loader/src/index.js??ruleSet[1].rules[3].oneOf[10].use[1]!./node_modules/next/dist/build/webpack/loaders/postcss-loader/src/index.js??ruleSet[1].rules[3].oneOf[10].use[2]!./node_modules/next/dist/build/webpack/loaders/resolve-url-loader/index.js??ruleSet[1].rules[3].oneOf[10].use[3]!./node_modules/next/dist/compiled/sass-loader/cjs.js??ruleSet[1].rules[3].oneOf[10].use[4]!./styles/sass/style.scss
Warning

(3938:3) autoprefixer: Gradient has outdated direction syntax. New syntax is like `to left` instead of `right`.

./node_modules/next/dist/build/webpack/loaders/css-loader/src/index.js??ruleSet[1].rules[3].oneOf[10].use[1]!./node_modules/next/dist/build/webpack/loaders/postcss-loader/src/index.js??ruleSet[1].rules[3].oneOf[10].use[2]!./node_modules/next/dist/build/webpack/loaders/resolve-url-loader/index.js??ruleSet[1].rules[3].oneOf[10].use[3]!./node_modules/next/dist/compiled/sass-loader/cjs.js??ruleSet[1].rules[3].oneOf[10].use[4]!./styles/sass/style.scss
Warning

(11458:3) autoprefixer: end value has mixed support, consider using flex-end instead

./node_modules/next/dist/build/webpack/loaders/css-loader/src/index.js??ruleSet[1].rules[3].oneOf[10].use[1]!./node_modules/next/dist/build/webpack/loaders/postcss-loader/src/index.js??ruleSet[1].rules[3].oneOf[10].use[2]!./node_modules/next/dist/build/webpack/loaders/resolve-url-loader/index.js??ruleSet[1].rules[3].oneOf[10].use[3]!./node_modules/next/dist/compiled/sass-loader/cjs.js??ruleSet[1].rules[3].oneOf[10].use[4]!./styles/sass/style.scss
Warning

(13281:3) autoprefixer: end value has mixed support, consider using flex-end instead
wait  - compiling /404 (client and server)...
warn  - ./node_modules/next/dist/build/webpack/loaders/css-loader/src/index.js??ruleSet[1].rules[3].oneOf[10].use[1]!./node_modules/next/dist/build/webpack/loaders/postcss-loader/src/index.js??ruleSet[1].rules[3].oneOf[10].use[2]!./node_modules/next/dist/build/webpack/loaders/resolve-url-loader/index.js??ruleSet[1].rules[3].oneOf[10].use[3]!./node_modules/next/dist/compiled/sass-loader/cjs.js??ruleSet[1].rules[3].oneOf[10].use[4]!./styles/sass/style.scss
Warning

(601:3) autoprefixer: Gradient has outdated direction syntax. New syntax is like `to left` instead of `right`.

./node_modules/next/dist/build/webpack/loaders/css-loader/src/index.js??ruleSet[1].rules[3].oneOf[10].use[1]!./node_modules/next/dist/build/webpack/loaders/postcss-loader/src/index.js??ruleSet[1].rules[3].oneOf[10].use[2]!./node_modules/next/dist/build/webpack/loaders/resolve-url-loader/index.js??ruleSet[1].rules[3].oneOf[10].use[3]!./node_modules/next/dist/compiled/sass-loader/cjs.js??ruleSet[1].rules[3].oneOf[10].use[4]!./styles/sass/style.scss
Warning

(1729:3) autoprefixer: end value has mixed support, consider using flex-end instead

./node_modules/next/dist/build/webpack/loaders/css-loader/src/index.js??ruleSet[1].rules[3].oneOf[10].use[1]!./node_modules/next/dist/build/webpack/loaders/postcss-loader/src/index.js??ruleSet[1].rules[3].oneOf[10].use[2]!./node_modules/next/dist/build/webpack/loaders/resolve-url-loader/index.js??ruleSet[1].rules[3].oneOf[10].use[3]!./node_modules/next/dist/compiled/sass-loader/cjs.js??ruleSet[1].rules[3].oneOf[10].use[4]!./styles/sass/style.scss
Warning

(1929:3) autoprefixer: end value has mixed support, consider using flex-end instead

./node_modules/next/dist/build/webpack/loaders/css-loader/src/index.js??ruleSet[1].rules[3].oneOf[10].use[1]!./node_modules/next/dist/build/webpack/loaders/postcss-loader/src/index.js??ruleSet[1].rules[3].oneOf[10].use[2]!./node_modules/next/dist/build/webpack/loaders/resolve-url-loader/index.js??ruleSet[1].rules[3].oneOf[10].use[3]!./node_modules/next/dist/compiled/sass-loader/cjs.js??ruleSet[1].rules[3].oneOf[10].use[4]!./styles/sass/style.scss
Warning

(3938:3) autoprefixer: Gradient has outdated direction syntax. New syntax is like `to left` instead of `right`.

./node_modules/next/dist/build/webpack/loaders/css-loader/src/index.js??ruleSet[1].rules[3].oneOf[10].use[1]!./node_modules/next/dist/build/webpack/loaders/postcss-loader/src/index.js??ruleSet[1].rules[3].oneOf[10].use[2]!./node_modules/next/dist/build/webpack/loaders/resolve-url-loader/index.js??ruleSet[1].rules[3].oneOf[10].use[3]!./node_modules/next/dist/compiled/sass-loader/cjs.js??ruleSet[1].rules[3].oneOf[10].use[4]!./styles/sass/style.scss
Warning

(11458:3) autoprefixer: end value has mixed support, consider using flex-end instead

./node_modules/next/dist/build/webpack/loaders/css-loader/src/index.js??ruleSet[1].rules[3].oneOf[10].use[1]!./node_modules/next/dist/build/webpack/loaders/postcss-loader/src/index.js??ruleSet[1].rules[3].oneOf[10].use[2]!./node_modules/next/dist/build/webpack/loaders/resolve-url-loader/index.js??ruleSet[1].rules[3].oneOf[10].use[3]!./node_modules/next/dist/compiled/sass-loader/cjs.js??ruleSet[1].rules[3].oneOf[10].use[4]!./styles/sass/style.scss
Warning

(13281:3) autoprefixer: end value has mixed support, consider using flex-end instead
warn  - ./node_modules/next/dist/build/webpack/loaders/css-loader/src/index.js??ruleSet[1].rules[3].oneOf[10].use[1]!./node_modules/next/dist/build/webpack/loaders/postcss-loader/src/index.js??ruleSet[1].rules[3].oneOf[10].use[2]!./node_modules/next/dist/build/webpack/loaders/resolve-url-loader/index.js??ruleSet[1].rules[3].oneOf[10].use[3]!./node_modules/next/dist/compiled/sass-loader/cjs.js??ruleSet[1].rules[3].oneOf[10].use[4]!./styles/sass/style.scss
Warning

(601:3) autoprefixer: Gradient has outdated direction syntax. New syntax is like `to left` instead of `right`.

./node_modules/next/dist/build/webpack/loaders/css-loader/src/index.js??ruleSet[1].rules[3].oneOf[10].use[1]!./node_modules/next/dist/build/webpack/loaders/postcss-loader/src/index.js??ruleSet[1].rules[3].oneOf[10].use[2]!./node_modules/next/dist/build/webpack/loaders/resolve-url-loader/index.js??ruleSet[1].rules[3].oneOf[10].use[3]!./node_modules/next/dist/compiled/sass-loader/cjs.js??ruleSet[1].rules[3].oneOf[10].use[4]!./styles/sass/style.scss
Warning

(1729:3) autoprefixer: end value has mixed support, consider using flex-end instead

./node_modules/next/dist/build/webpack/loaders/css-loader/src/index.js??ruleSet[1].rules[3].oneOf[10].use[1]!./node_modules/next/dist/build/webpack/loaders/postcss-loader/src/index.js??ruleSet[1].rules[3].oneOf[10].use[2]!./node_modules/next/dist/build/webpack/loaders/resolve-url-loader/index.js??ruleSet[1].rules[3].oneOf[10].use[3]!./node_modules/next/dist/compiled/sass-loader/cjs.js??ruleSet[1].rules[3].oneOf[10].use[4]!./styles/sass/style.scss
Warning

(1929:3) autoprefixer: end value has mixed support, consider using flex-end instead

./node_modules/next/dist/build/webpack/loaders/css-loader/src/index.js??ruleSet[1].rules[3].oneOf[10].use[1]!./node_modules/next/dist/build/webpack/loaders/postcss-loader/src/index.js??ruleSet[1].rules[3].oneOf[10].use[2]!./node_modules/next/dist/build/webpack/loaders/resolve-url-loader/index.js??ruleSet[1].rules[3].oneOf[10].use[3]!./node_modules/next/dist/compiled/sass-loader/cjs.js??ruleSet[1].rules[3].oneOf[10].use[4]!./styles/sass/style.scss
Warning

(3938:3) autoprefixer: Gradient has outdated direction syntax. New syntax is like `to left` instead of `right`.

./node_modules/next/dist/build/webpack/loaders/css-loader/src/index.js??ruleSet[1].rules[3].oneOf[10].use[1]!./node_modules/next/dist/build/webpack/loaders/postcss-loader/src/index.js??ruleSet[1].rules[3].oneOf[10].use[2]!./node_modules/next/dist/build/webpack/loaders/resolve-url-loader/index.js??ruleSet[1].rules[3].oneOf[10].use[3]!./node_modules/next/dist/compiled/sass-loader/cjs.js??ruleSet[1].rules[3].oneOf[10].use[4]!./styles/sass/style.scss
Warning

(11458:3) autoprefixer: end value has mixed support, consider using flex-end instead

./node_modules/next/dist/build/webpack/loaders/css-loader/src/index.js??ruleSet[1].rules[3].oneOf[10].use[1]!./node_modules/next/dist/build/webpack/loaders/postcss-loader/src/index.js??ruleSet[1].rules[3].oneOf[10].use[2]!./node_modules/next/dist/build/webpack/loaders/resolve-url-loader/index.js??ruleSet[1].rules[3].oneOf[10].use[3]!./node_modules/next/dist/compiled/sass-loader/cjs.js??ruleSet[1].rules[3].oneOf[10].use[4]!./styles/sass/style.scss
Warning

(13281:3) autoprefixer: end value has mixed support, consider using flex-end instead
wait  - compiling /service...
warn  - ./node_modules/next/dist/build/webpack/loaders/css-loader/src/index.js??ruleSet[1].rules[3].oneOf[10].use[1]!./node_modules/next/dist/build/webpack/loaders/postcss-loader/src/index.js??ruleSet[1].rules[3].oneOf[10].use[2]!./node_modules/next/dist/build/webpack/loaders/resolve-url-loader/index.js??ruleSet[1].rules[3].oneOf[10].use[3]!./node_modules/next/dist/compiled/sass-loader/cjs.js??ruleSet[1].rules[3].oneOf[10].use[4]!./styles/sass/style.scss
Warning

(601:3) autoprefixer: Gradient has outdated direction syntax. New syntax is like `to left` instead of `right`.

./node_modules/next/dist/build/webpack/loaders/css-loader/src/index.js??ruleSet[1].rules[3].oneOf[10].use[1]!./node_modules/next/dist/build/webpack/loaders/postcss-loader/src/index.js??ruleSet[1].rules[3].oneOf[10].use[2]!./node_modules/next/dist/build/webpack/loaders/resolve-url-loader/index.js??ruleSet[1].rules[3].oneOf[10].use[3]!./node_modules/next/dist/compiled/sass-loader/cjs.js??ruleSet[1].rules[3].oneOf[10].use[4]!./styles/sass/style.scss
Warning

(1729:3) autoprefixer: end value has mixed support, consider using flex-end instead

./node_modules/next/dist/build/webpack/loaders/css-loader/src/index.js??ruleSet[1].rules[3].oneOf[10].use[1]!./node_modules/next/dist/build/webpack/loaders/postcss-loader/src/index.js??ruleSet[1].rules[3].oneOf[10].use[2]!./node_modules/next/dist/build/webpack/loaders/resolve-url-loader/index.js??ruleSet[1].rules[3].oneOf[10].use[3]!./node_modules/next/dist/compiled/sass-loader/cjs.js??ruleSet[1].rules[3].oneOf[10].use[4]!./styles/sass/style.scss
Warning

(1929:3) autoprefixer: end value has mixed support, consider using flex-end instead

./node_modules/next/dist/build/webpack/loaders/css-loader/src/index.js??ruleSet[1].rules[3].oneOf[10].use[1]!./node_modules/next/dist/build/webpack/loaders/postcss-loader/src/index.js??ruleSet[1].rules[3].oneOf[10].use[2]!./node_modules/next/dist/build/webpack/loaders/resolve-url-loader/index.js??ruleSet[1].rules[3].oneOf[10].use[3]!./node_modules/next/dist/compiled/sass-loader/cjs.js??ruleSet[1].rules[3].oneOf[10].use[4]!./styles/sass/style.scss
Warning

(3938:3) autoprefixer: Gradient has outdated direction syntax. New syntax is like `to left` instead of `right`.

./node_modules/next/dist/build/webpack/loaders/css-loader/src/index.js??ruleSet[1].rules[3].oneOf[10].use[1]!./node_modules/next/dist/build/webpack/loaders/postcss-loader/src/index.js??ruleSet[1].rules[3].oneOf[10].use[2]!./node_modules/next/dist/build/webpack/loaders/resolve-url-loader/index.js??ruleSet[1].rules[3].oneOf[10].use[3]!./node_modules/next/dist/compiled/sass-loader/cjs.js??ruleSet[1].rules[3].oneOf[10].use[4]!./styles/sass/style.scss
Warning

(11458:3) autoprefixer: end value has mixed support, consider using flex-end instead

./node_modules/next/dist/build/webpack/loaders/css-loader/src/index.js??ruleSet[1].rules[3].oneOf[10].use[1]!./node_modules/next/dist/build/webpack/loaders/postcss-loader/src/index.js??ruleSet[1].rules[3].oneOf[10].use[2]!./node_modules/next/dist/build/webpack/loaders/resolve-url-loader/index.js??ruleSet[1].rules[3].oneOf[10].use[3]!./node_modules/next/dist/compiled/sass-loader/cjs.js??ruleSet[1].rules[3].oneOf[10].use[4]!./styles/sass/style.scss
Warning

(13281:3) autoprefixer: end value has mixed support, consider using flex-end instead
warn  - ./node_modules/next/dist/build/webpack/loaders/css-loader/src/index.js??ruleSet[1].rules[3].oneOf[10].use[1]!./node_modules/next/dist/build/webpack/loaders/postcss-loader/src/index.js??ruleSet[1].rules[3].oneOf[10].use[2]!./node_modules/next/dist/build/webpack/loaders/resolve-url-loader/index.js??ruleSet[1].rules[3].oneOf[10].use[3]!./node_modules/next/dist/compiled/sass-loader/cjs.js??ruleSet[1].rules[3].oneOf[10].use[4]!./styles/sass/style.scss
Warning

(601:3) autoprefixer: Gradient has outdated direction syntax. New syntax is like `to left` instead of `right`.

./node_modules/next/dist/build/webpack/loaders/css-loader/src/index.js??ruleSet[1].rules[3].oneOf[10].use[1]!./node_modules/next/dist/build/webpack/loaders/postcss-loader/src/index.js??ruleSet[1].rules[3].oneOf[10].use[2]!./node_modules/next/dist/build/webpack/loaders/resolve-url-loader/index.js??ruleSet[1].rules[3].oneOf[10].use[3]!./node_modules/next/dist/compiled/sass-loader/cjs.js??ruleSet[1].rules[3].oneOf[10].use[4]!./styles/sass/style.scss
Warning

(1729:3) autoprefixer: end value has mixed support, consider using flex-end instead

./node_modules/next/dist/build/webpack/loaders/css-loader/src/index.js??ruleSet[1].rules[3].oneOf[10].use[1]!./node_modules/next/dist/build/webpack/loaders/postcss-loader/src/index.js??ruleSet[1].rules[3].oneOf[10].use[2]!./node_modules/next/dist/build/webpack/loaders/resolve-url-loader/index.js??ruleSet[1].rules[3].oneOf[10].use[3]!./node_modules/next/dist/compiled/sass-loader/cjs.js??ruleSet[1].rules[3].oneOf[10].use[4]!./styles/sass/style.scss
Warning

(1929:3) autoprefixer: end value has mixed support, consider using flex-end instead

./node_modules/next/dist/build/webpack/loaders/css-loader/src/index.js??ruleSet[1].rules[3].oneOf[10].use[1]!./node_modules/next/dist/build/webpack/loaders/postcss-loader/src/index.js??ruleSet[1].rules[3].oneOf[10].use[2]!./node_modules/next/dist/build/webpack/loaders/resolve-url-loader/index.js??ruleSet[1].rules[3].oneOf[10].use[3]!./node_modules/next/dist/compiled/sass-loader/cjs.js??ruleSet[1].rules[3].oneOf[10].use[4]!./styles/sass/style.scss
Warning

(3938:3) autoprefixer: Gradient has outdated direction syntax. New syntax is like `to left` instead of `right`.

./node_modules/next/dist/build/webpack/loaders/css-loader/src/index.js??ruleSet[1].rules[3].oneOf[10].use[1]!./node_modules/next/dist/build/webpack/loaders/postcss-loader/src/index.js??ruleSet[1].rules[3].oneOf[10].use[2]!./node_modules/next/dist/build/webpack/loaders/resolve-url-loader/index.js??ruleSet[1].rules[3].oneOf[10].use[3]!./node_modules/next/dist/compiled/sass-loader/cjs.js??ruleSet[1].rules[3].oneOf[10].use[4]!./styles/sass/style.scss
Warning

(11458:3) autoprefixer: end value has mixed support, consider using flex-end instead

./node_modules/next/dist/build/webpack/loaders/css-loader/src/index.js??ruleSet[1].rules[3].oneOf[10].use[1]!./node_modules/next/dist/build/webpack/loaders/postcss-loader/src/index.js??ruleSet[1].rules[3].oneOf[10].use[2]!./node_modules/next/dist/build/webpack/loaders/resolve-url-loader/index.js??ruleSet[1].rules[3].oneOf[10].use[3]!./node_modules/next/dist/compiled/sass-loader/cjs.js??ruleSet[1].rules[3].oneOf[10].use[4]!./styles/sass/style.scss
Warning

(13281:3) autoprefixer: end value has mixed support, consider using flex-end instead
wait  - compiling /service/[slug]...
warn  - ./node_modules/next/dist/build/webpack/loaders/css-loader/src/index.js??ruleSet[1].rules[3].oneOf[10].use[1]!./node_modules/next/dist/build/webpack/loaders/postcss-loader/src/index.js??ruleSet[1].rules[3].oneOf[10].use[2]!./node_modules/next/dist/build/webpack/loaders/resolve-url-loader/index.js??ruleSet[1].rules[3].oneOf[10].use[3]!./node_modules/next/dist/compiled/sass-loader/cjs.js??ruleSet[1].rules[3].oneOf[10].use[4]!./styles/sass/style.scss
Warning

(601:3) autoprefixer: Gradient has outdated direction syntax. New syntax is like `to left` instead of `right`.

./node_modules/next/dist/build/webpack/loaders/css-loader/src/index.js??ruleSet[1].rules[3].oneOf[10].use[1]!./node_modules/next/dist/build/webpack/loaders/postcss-loader/src/index.js??ruleSet[1].rules[3].oneOf[10].use[2]!./node_modules/next/dist/build/webpack/loaders/resolve-url-loader/index.js??ruleSet[1].rules[3].oneOf[10].use[3]!./node_modules/next/dist/compiled/sass-loader/cjs.js??ruleSet[1].rules[3].oneOf[10].use[4]!./styles/sass/style.scss
Warning

(1729:3) autoprefixer: end value has mixed support, consider using flex-end instead

./node_modules/next/dist/build/webpack/loaders/css-loader/src/index.js??ruleSet[1].rules[3].oneOf[10].use[1]!./node_modules/next/dist/build/webpack/loaders/postcss-loader/src/index.js??ruleSet[1].rules[3].oneOf[10].use[2]!./node_modules/next/dist/build/webpack/loaders/resolve-url-loader/index.js??ruleSet[1].rules[3].oneOf[10].use[3]!./node_modules/next/dist/compiled/sass-loader/cjs.js??ruleSet[1].rules[3].oneOf[10].use[4]!./styles/sass/style.scss
Warning

(1929:3) autoprefixer: end value has mixed support, consider using flex-end instead

./node_modules/next/dist/build/webpack/loaders/css-loader/src/index.js??ruleSet[1].rules[3].oneOf[10].use[1]!./node_modules/next/dist/build/webpack/loaders/postcss-loader/src/index.js??ruleSet[1].rules[3].oneOf[10].use[2]!./node_modules/next/dist/build/webpack/loaders/resolve-url-loader/index.js??ruleSet[1].rules[3].oneOf[10].use[3]!./node_modules/next/dist/compiled/sass-loader/cjs.js??ruleSet[1].rules[3].oneOf[10].use[4]!./styles/sass/style.scss
Warning

(3938:3) autoprefixer: Gradient has outdated direction syntax. New syntax is like `to left` instead of `right`.

./node_modules/next/dist/build/webpack/loaders/css-loader/src/index.js??ruleSet[1].rules[3].oneOf[10].use[1]!./node_modules/next/dist/build/webpack/loaders/postcss-loader/src/index.js??ruleSet[1].rules[3].oneOf[10].use[2]!./node_modules/next/dist/build/webpack/loaders/resolve-url-loader/index.js??ruleSet[1].rules[3].oneOf[10].use[3]!./node_modules/next/dist/compiled/sass-loader/cjs.js??ruleSet[1].rules[3].oneOf[10].use[4]!./styles/sass/style.scss
Warning

(11458:3) autoprefixer: end value has mixed support, consider using flex-end instead

./node_modules/next/dist/build/webpack/loaders/css-loader/src/index.js??ruleSet[1].rules[3].oneOf[10].use[1]!./node_modules/next/dist/build/webpack/loaders/postcss-loader/src/index.js??ruleSet[1].rules[3].oneOf[10].use[2]!./node_modules/next/dist/build/webpack/loaders/resolve-url-loader/index.js??ruleSet[1].rules[3].oneOf[10].use[3]!./node_modules/next/dist/compiled/sass-loader/cjs.js??ruleSet[1].rules[3].oneOf[10].use[4]!./styles/sass/style.scss
Warning

(13281:3) autoprefixer: end value has mixed support, consider using flex-end instead
warn  - ./node_modules/next/dist/build/webpack/loaders/css-loader/src/index.js??ruleSet[1].rules[3].oneOf[10].use[1]!./node_modules/next/dist/build/webpack/loaders/postcss-loader/src/index.js??ruleSet[1].rules[3].oneOf[10].use[2]!./node_modules/next/dist/build/webpack/loaders/resolve-url-loader/index.js??ruleSet[1].rules[3].oneOf[10].use[3]!./node_modules/next/dist/compiled/sass-loader/cjs.js??ruleSet[1].rules[3].oneOf[10].use[4]!./styles/sass/style.scss
Warning

(601:3) autoprefixer: Gradient has outdated direction syntax. New syntax is like `to left` instead of `right`.

./node_modules/next/dist/build/webpack/loaders/css-loader/src/index.js??ruleSet[1].rules[3].oneOf[10].use[1]!./node_modules/next/dist/build/webpack/loaders/postcss-loader/src/index.js??ruleSet[1].rules[3].oneOf[10].use[2]!./node_modules/next/dist/build/webpack/loaders/resolve-url-loader/index.js??ruleSet[1].rules[3].oneOf[10].use[3]!./node_modules/next/dist/compiled/sass-loader/cjs.js??ruleSet[1].rules[3].oneOf[10].use[4]!./styles/sass/style.scss
Warning

(1729:3) autoprefixer: end value has mixed support, consider using flex-end instead

./node_modules/next/dist/build/webpack/loaders/css-loader/src/index.js??ruleSet[1].rules[3].oneOf[10].use[1]!./node_modules/next/dist/build/webpack/loaders/postcss-loader/src/index.js??ruleSet[1].rules[3].oneOf[10].use[2]!./node_modules/next/dist/build/webpack/loaders/resolve-url-loader/index.js??ruleSet[1].rules[3].oneOf[10].use[3]!./node_modules/next/dist/compiled/sass-loader/cjs.js??ruleSet[1].rules[3].oneOf[10].use[4]!./styles/sass/style.scss
Warning

(1929:3) autoprefixer: end value has mixed support, consider using flex-end instead

./node_modules/next/dist/build/webpack/loaders/css-loader/src/index.js??ruleSet[1].rules[3].oneOf[10].use[1]!./node_modules/next/dist/build/webpack/loaders/postcss-loader/src/index.js??ruleSet[1].rules[3].oneOf[10].use[2]!./node_modules/next/dist/build/webpack/loaders/resolve-url-loader/index.js??ruleSet[1].rules[3].oneOf[10].use[3]!./node_modules/next/dist/compiled/sass-loader/cjs.js??ruleSet[1].rules[3].oneOf[10].use[4]!./styles/sass/style.scss
Warning

(3938:3) autoprefixer: Gradient has outdated direction syntax. New syntax is like `to left` instead of `right`.

./node_modules/next/dist/build/webpack/loaders/css-loader/src/index.js??ruleSet[1].rules[3].oneOf[10].use[1]!./node_modules/next/dist/build/webpack/loaders/postcss-loader/src/index.js??ruleSet[1].rules[3].oneOf[10].use[2]!./node_modules/next/dist/build/webpack/loaders/resolve-url-loader/index.js??ruleSet[1].rules[3].oneOf[10].use[3]!./node_modules/next/dist/compiled/sass-loader/cjs.js??ruleSet[1].rules[3].oneOf[10].use[4]!./styles/sass/style.scss
Warning

(11458:3) autoprefixer: end value has mixed support, consider using flex-end instead

./node_modules/next/dist/build/webpack/loaders/css-loader/src/index.js??ruleSet[1].rules[3].oneOf[10].use[1]!./node_modules/next/dist/build/webpack/loaders/postcss-loader/src/index.js??ruleSet[1].rules[3].oneOf[10].use[2]!./node_modules/next/dist/build/webpack/loaders/resolve-url-loader/index.js??ruleSet[1].rules[3].oneOf[10].use[3]!./node_modules/next/dist/compiled/sass-loader/cjs.js??ruleSet[1].rules[3].oneOf[10].use[4]!./styles/sass/style.scss
Warning

(13281:3) autoprefixer: end value has mixed support, consider using flex-end instead
wait  - compiling /404 (client and server)...
warn  - ./node_modules/next/dist/build/webpack/loaders/css-loader/src/index.js??ruleSet[1].rules[3].oneOf[10].use[1]!./node_modules/next/dist/build/webpack/loaders/postcss-loader/src/index.js??ruleSet[1].rules[3].oneOf[10].use[2]!./node_modules/next/dist/build/webpack/loaders/resolve-url-loader/index.js??ruleSet[1].rules[3].oneOf[10].use[3]!./node_modules/next/dist/compiled/sass-loader/cjs.js??ruleSet[1].rules[3].oneOf[10].use[4]!./styles/sass/style.scss
Warning

(601:3) autoprefixer: Gradient has outdated direction syntax. New syntax is like `to left` instead of `right`.

./node_modules/next/dist/build/webpack/loaders/css-loader/src/index.js??ruleSet[1].rules[3].oneOf[10].use[1]!./node_modules/next/dist/build/webpack/loaders/postcss-loader/src/index.js??ruleSet[1].rules[3].oneOf[10].use[2]!./node_modules/next/dist/build/webpack/loaders/resolve-url-loader/index.js??ruleSet[1].rules[3].oneOf[10].use[3]!./node_modules/next/dist/compiled/sass-loader/cjs.js??ruleSet[1].rules[3].oneOf[10].use[4]!./styles/sass/style.scss
Warning

(1729:3) autoprefixer: end value has mixed support, consider using flex-end instead

./node_modules/next/dist/build/webpack/loaders/css-loader/src/index.js??ruleSet[1].rules[3].oneOf[10].use[1]!./node_modules/next/dist/build/webpack/loaders/postcss-loader/src/index.js??ruleSet[1].rules[3].oneOf[10].use[2]!./node_modules/next/dist/build/webpack/loaders/resolve-url-loader/index.js??ruleSet[1].rules[3].oneOf[10].use[3]!./node_modules/next/dist/compiled/sass-loader/cjs.js??ruleSet[1].rules[3].oneOf[10].use[4]!./styles/sass/style.scss
Warning

(1929:3) autoprefixer: end value has mixed support, consider using flex-end instead

./node_modules/next/dist/build/webpack/loaders/css-loader/src/index.js??ruleSet[1].rules[3].oneOf[10].use[1]!./node_modules/next/dist/build/webpack/loaders/postcss-loader/src/index.js??ruleSet[1].rules[3].oneOf[10].use[2]!./node_modules/next/dist/build/webpack/loaders/resolve-url-loader/index.js??ruleSet[1].rules[3].oneOf[10].use[3]!./node_modules/next/dist/compiled/sass-loader/cjs.js??ruleSet[1].rules[3].oneOf[10].use[4]!./styles/sass/style.scss
Warning

(3938:3) autoprefixer: Gradient has outdated direction syntax. New syntax is like `to left` instead of `right`.

./node_modules/next/dist/build/webpack/loaders/css-loader/src/index.js??ruleSet[1].rules[3].oneOf[10].use[1]!./node_modules/next/dist/build/webpack/loaders/postcss-loader/src/index.js??ruleSet[1].rules[3].oneOf[10].use[2]!./node_modules/next/dist/build/webpack/loaders/resolve-url-loader/index.js??ruleSet[1].rules[3].oneOf[10].use[3]!./node_modules/next/dist/compiled/sass-loader/cjs.js??ruleSet[1].rules[3].oneOf[10].use[4]!./styles/sass/style.scss
Warning

(11458:3) autoprefixer: end value has mixed support, consider using flex-end instead

./node_modules/next/dist/build/webpack/loaders/css-loader/src/index.js??ruleSet[1].rules[3].oneOf[10].use[1]!./node_modules/next/dist/build/webpack/loaders/postcss-loader/src/index.js??ruleSet[1].rules[3].oneOf[10].use[2]!./node_modules/next/dist/build/webpack/loaders/resolve-url-loader/index.js??ruleSet[1].rules[3].oneOf[10].use[3]!./node_modules/next/dist/compiled/sass-loader/cjs.js??ruleSet[1].rules[3].oneOf[10].use[4]!./styles/sass/style.scss
Warning

(13281:3) autoprefixer: end value has mixed support, consider using flex-end instead
warn  - ./node_modules/next/dist/build/webpack/loaders/css-loader/src/index.js??ruleSet[1].rules[3].oneOf[10].use[1]!./node_modules/next/dist/build/webpack/loaders/postcss-loader/src/index.js??ruleSet[1].rules[3].oneOf[10].use[2]!./node_modules/next/dist/build/webpack/loaders/resolve-url-loader/index.js??ruleSet[1].rules[3].oneOf[10].use[3]!./node_modules/next/dist/compiled/sass-loader/cjs.js??ruleSet[1].rules[3].oneOf[10].use[4]!./styles/sass/style.scss
Warning

(601:3) autoprefixer: Gradient has outdated direction syntax. New syntax is like `to left` instead of `right`.

./node_modules/next/dist/build/webpack/loaders/css-loader/src/index.js??ruleSet[1].rules[3].oneOf[10].use[1]!./node_modules/next/dist/build/webpack/loaders/postcss-loader/src/index.js??ruleSet[1].rules[3].oneOf[10].use[2]!./node_modules/next/dist/build/webpack/loaders/resolve-url-loader/index.js??ruleSet[1].rules[3].oneOf[10].use[3]!./node_modules/next/dist/compiled/sass-loader/cjs.js??ruleSet[1].rules[3].oneOf[10].use[4]!./styles/sass/style.scss
Warning

(1729:3) autoprefixer: end value has mixed support, consider using flex-end instead

./node_modules/next/dist/build/webpack/loaders/css-loader/src/index.js??ruleSet[1].rules[3].oneOf[10].use[1]!./node_modules/next/dist/build/webpack/loaders/postcss-loader/src/index.js??ruleSet[1].rules[3].oneOf[10].use[2]!./node_modules/next/dist/build/webpack/loaders/resolve-url-loader/index.js??ruleSet[1].rules[3].oneOf[10].use[3]!./node_modules/next/dist/compiled/sass-loader/cjs.js??ruleSet[1].rules[3].oneOf[10].use[4]!./styles/sass/style.scss
Warning

(1929:3) autoprefixer: end value has mixed support, consider using flex-end instead

./node_modules/next/dist/build/webpack/loaders/css-loader/src/index.js??ruleSet[1].rules[3].oneOf[10].use[1]!./node_modules/next/dist/build/webpack/loaders/postcss-loader/src/index.js??ruleSet[1].rules[3].oneOf[10].use[2]!./node_modules/next/dist/build/webpack/loaders/resolve-url-loader/index.js??ruleSet[1].rules[3].oneOf[10].use[3]!./node_modules/next/dist/compiled/sass-loader/cjs.js??ruleSet[1].rules[3].oneOf[10].use[4]!./styles/sass/style.scss
Warning

(3938:3) autoprefixer: Gradient has outdated direction syntax. New syntax is like `to left` instead of `right`.

./node_modules/next/dist/build/webpack/loaders/css-loader/src/index.js??ruleSet[1].rules[3].oneOf[10].use[1]!./node_modules/next/dist/build/webpack/loaders/postcss-loader/src/index.js??ruleSet[1].rules[3].oneOf[10].use[2]!./node_modules/next/dist/build/webpack/loaders/resolve-url-loader/index.js??ruleSet[1].rules[3].oneOf[10].use[3]!./node_modules/next/dist/compiled/sass-loader/cjs.js??ruleSet[1].rules[3].oneOf[10].use[4]!./styles/sass/style.scss
Warning

(11458:3) autoprefixer: end value has mixed support, consider using flex-end instead

./node_modules/next/dist/build/webpack/loaders/css-loader/src/index.js??ruleSet[1].rules[3].oneOf[10].use[1]!./node_modules/next/dist/build/webpack/loaders/postcss-loader/src/index.js??ruleSet[1].rules[3].oneOf[10].use[2]!./node_modules/next/dist/build/webpack/loaders/resolve-url-loader/index.js??ruleSet[1].rules[3].oneOf[10].use[3]!./node_modules/next/dist/compiled/sass-loader/cjs.js??ruleSet[1].rules[3].oneOf[10].use[4]!./styles/sass/style.scss
Warning

(13281:3) autoprefixer: end value has mixed support, consider using flex-end instead
wait  - compiling /service/[slug]...
warn  - ./node_modules/next/dist/build/webpack/loaders/css-loader/src/index.js??ruleSet[1].rules[3].oneOf[10].use[1]!./node_modules/next/dist/build/webpack/loaders/postcss-loader/src/index.js??ruleSet[1].rules[3].oneOf[10].use[2]!./node_modules/next/dist/build/webpack/loaders/resolve-url-loader/index.js??ruleSet[1].rules[3].oneOf[10].use[3]!./node_modules/next/dist/compiled/sass-loader/cjs.js??ruleSet[1].rules[3].oneOf[10].use[4]!./styles/sass/style.scss
Warning

(601:3) autoprefixer: Gradient has outdated direction syntax. New syntax is like `to left` instead of `right`.

./node_modules/next/dist/build/webpack/loaders/css-loader/src/index.js??ruleSet[1].rules[3].oneOf[10].use[1]!./node_modules/next/dist/build/webpack/loaders/postcss-loader/src/index.js??ruleSet[1].rules[3].oneOf[10].use[2]!./node_modules/next/dist/build/webpack/loaders/resolve-url-loader/index.js??ruleSet[1].rules[3].oneOf[10].use[3]!./node_modules/next/dist/compiled/sass-loader/cjs.js??ruleSet[1].rules[3].oneOf[10].use[4]!./styles/sass/style.scss
Warning

(1729:3) autoprefixer: end value has mixed support, consider using flex-end instead

./node_modules/next/dist/build/webpack/loaders/css-loader/src/index.js??ruleSet[1].rules[3].oneOf[10].use[1]!./node_modules/next/dist/build/webpack/loaders/postcss-loader/src/index.js??ruleSet[1].rules[3].oneOf[10].use[2]!./node_modules/next/dist/build/webpack/loaders/resolve-url-loader/index.js??ruleSet[1].rules[3].oneOf[10].use[3]!./node_modules/next/dist/compiled/sass-loader/cjs.js??ruleSet[1].rules[3].oneOf[10].use[4]!./styles/sass/style.scss
Warning

(1929:3) autoprefixer: end value has mixed support, consider using flex-end instead

./node_modules/next/dist/build/webpack/loaders/css-loader/src/index.js??ruleSet[1].rules[3].oneOf[10].use[1]!./node_modules/next/dist/build/webpack/loaders/postcss-loader/src/index.js??ruleSet[1].rules[3].oneOf[10].use[2]!./node_modules/next/dist/build/webpack/loaders/resolve-url-loader/index.js??ruleSet[1].rules[3].oneOf[10].use[3]!./node_modules/next/dist/compiled/sass-loader/cjs.js??ruleSet[1].rules[3].oneOf[10].use[4]!./styles/sass/style.scss
Warning

(3938:3) autoprefixer: Gradient has outdated direction syntax. New syntax is like `to left` instead of `right`.

./node_modules/next/dist/build/webpack/loaders/css-loader/src/index.js??ruleSet[1].rules[3].oneOf[10].use[1]!./node_modules/next/dist/build/webpack/loaders/postcss-loader/src/index.js??ruleSet[1].rules[3].oneOf[10].use[2]!./node_modules/next/dist/build/webpack/loaders/resolve-url-loader/index.js??ruleSet[1].rules[3].oneOf[10].use[3]!./node_modules/next/dist/compiled/sass-loader/cjs.js??ruleSet[1].rules[3].oneOf[10].use[4]!./styles/sass/style.scss
Warning

(11458:3) autoprefixer: end value has mixed support, consider using flex-end instead

./node_modules/next/dist/build/webpack/loaders/css-loader/src/index.js??ruleSet[1].rules[3].oneOf[10].use[1]!./node_modules/next/dist/build/webpack/loaders/postcss-loader/src/index.js??ruleSet[1].rules[3].oneOf[10].use[2]!./node_modules/next/dist/build/webpack/loaders/resolve-url-loader/index.js??ruleSet[1].rules[3].oneOf[10].use[3]!./node_modules/next/dist/compiled/sass-loader/cjs.js??ruleSet[1].rules[3].oneOf[10].use[4]!./styles/sass/style.scss
Warning

(13281:3) autoprefixer: end value has mixed support, consider using flex-end instead
wait  - compiling...
warn  - ./node_modules/next/dist/build/webpack/loaders/css-loader/src/index.js??ruleSet[1].rules[3].oneOf[10].use[1]!./node_modules/next/dist/build/webpack/loaders/postcss-loader/src/index.js??ruleSet[1].rules[3].oneOf[10].use[2]!./node_modules/next/dist/build/webpack/loaders/resolve-url-loader/index.js??ruleSet[1].rules[3].oneOf[10].use[3]!./node_modules/next/dist/compiled/sass-loader/cjs.js??ruleSet[1].rules[3].oneOf[10].use[4]!./styles/sass/style.scss
Warning

(601:3) autoprefixer: Gradient has outdated direction syntax. New syntax is like `to left` instead of `right`.

./node_modules/next/dist/build/webpack/loaders/css-loader/src/index.js??ruleSet[1].rules[3].oneOf[10].use[1]!./node_modules/next/dist/build/webpack/loaders/postcss-loader/src/index.js??ruleSet[1].rules[3].oneOf[10].use[2]!./node_modules/next/dist/build/webpack/loaders/resolve-url-loader/index.js??ruleSet[1].rules[3].oneOf[10].use[3]!./node_modules/next/dist/compiled/sass-loader/cjs.js??ruleSet[1].rules[3].oneOf[10].use[4]!./styles/sass/style.scss
Warning

(1729:3) autoprefixer: end value has mixed support, consider using flex-end instead

./node_modules/next/dist/build/webpack/loaders/css-loader/src/index.js??ruleSet[1].rules[3].oneOf[10].use[1]!./node_modules/next/dist/build/webpack/loaders/postcss-loader/src/index.js??ruleSet[1].rules[3].oneOf[10].use[2]!./node_modules/next/dist/build/webpack/loaders/resolve-url-loader/index.js??ruleSet[1].rules[3].oneOf[10].use[3]!./node_modules/next/dist/compiled/sass-loader/cjs.js??ruleSet[1].rules[3].oneOf[10].use[4]!./styles/sass/style.scss
Warning

(1929:3) autoprefixer: end value has mixed support, consider using flex-end instead

./node_modules/next/dist/build/webpack/loaders/css-loader/src/index.js??ruleSet[1].rules[3].oneOf[10].use[1]!./node_modules/next/dist/build/webpack/loaders/postcss-loader/src/index.js??ruleSet[1].rules[3].oneOf[10].use[2]!./node_modules/next/dist/build/webpack/loaders/resolve-url-loader/index.js??ruleSet[1].rules[3].oneOf[10].use[3]!./node_modules/next/dist/compiled/sass-loader/cjs.js??ruleSet[1].rules[3].oneOf[10].use[4]!./styles/sass/style.scss
Warning

(3938:3) autoprefixer: Gradient has outdated direction syntax. New syntax is like `to left` instead of `right`.

./node_modules/next/dist/build/webpack/loaders/css-loader/src/index.js??ruleSet[1].rules[3].oneOf[10].use[1]!./node_modules/next/dist/build/webpack/loaders/postcss-loader/src/index.js??ruleSet[1].rules[3].oneOf[10].use[2]!./node_modules/next/dist/build/webpack/loaders/resolve-url-loader/index.js??ruleSet[1].rules[3].oneOf[10].use[3]!./node_modules/next/dist/compiled/sass-loader/cjs.js??ruleSet[1].rules[3].oneOf[10].use[4]!./styles/sass/style.scss
Warning

(11458:3) autoprefixer: end value has mixed support, consider using flex-end instead

./node_modules/next/dist/build/webpack/loaders/css-loader/src/index.js??ruleSet[1].rules[3].oneOf[10].use[1]!./node_modules/next/dist/build/webpack/loaders/postcss-loader/src/index.js??ruleSet[1].rules[3].oneOf[10].use[2]!./node_modules/next/dist/build/webpack/loaders/resolve-url-loader/index.js??ruleSet[1].rules[3].oneOf[10].use[3]!./node_modules/next/dist/compiled/sass-loader/cjs.js??ruleSet[1].rules[3].oneOf[10].use[4]!./styles/sass/style.scss
Warning

(13281:3) autoprefixer: end value has mixed support, consider using flex-end instead
<w> [webpack.cache.PackFileCacheStrategy] Skipped not serializable cache item 'Compilation/modules|/Users/aashishkumar/Documents/Development/innovatix/wecare/node_modules/next/dist/build/webpack/loaders/css-loader/src/index.js??ruleSet[1].rules[3].oneOf[10].use[1]!/Users/aashishkumar/Documents/Development/innovatix/wecare/node_modules/next/dist/build/webpack/loaders/postcss-loader/src/index.js??ruleSet[1].rules[3].oneOf[10].use[2]!/Users/aashishkumar/Documents/Development/innovatix/wecare/node_modules/next/dist/build/webpack/loaders/resolve-url-loader/index.js??ruleSet[1].rules[3].oneOf[10].use[3]!/Users/aashishkumar/Documents/Development/innovatix/wecare/node_modules/next/dist/compiled/sass-loader/cjs.js??ruleSet[1].rules[3].oneOf[10].use[4]!/Users/aashishkumar/Documents/Development/innovatix/wecare/styles/sass/style.scss': No serializer registered for Warning
<w> while serializing webpack/lib/cache/PackFileCacheStrategy.PackContentItems -> webpack/lib/NormalModule -> Array { 6 items } -> webpack/lib/ModuleWarning -> Warning
wait  - compiling...
warn  - ./node_modules/next/dist/build/webpack/loaders/css-loader/src/index.js??ruleSet[1].rules[3].oneOf[10].use[1]!./node_modules/next/dist/build/webpack/loaders/postcss-loader/src/index.js??ruleSet[1].rules[3].oneOf[10].use[2]!./node_modules/next/dist/build/webpack/loaders/resolve-url-loader/index.js??ruleSet[1].rules[3].oneOf[10].use[3]!./node_modules/next/dist/compiled/sass-loader/cjs.js??ruleSet[1].rules[3].oneOf[10].use[4]!./styles/sass/style.scss
Warning

(601:3) autoprefixer: Gradient has outdated direction syntax. New syntax is like `to left` instead of `right`.

./node_modules/next/dist/build/webpack/loaders/css-loader/src/index.js??ruleSet[1].rules[3].oneOf[10].use[1]!./node_modules/next/dist/build/webpack/loaders/postcss-loader/src/index.js??ruleSet[1].rules[3].oneOf[10].use[2]!./node_modules/next/dist/build/webpack/loaders/resolve-url-loader/index.js??ruleSet[1].rules[3].oneOf[10].use[3]!./node_modules/next/dist/compiled/sass-loader/cjs.js??ruleSet[1].rules[3].oneOf[10].use[4]!./styles/sass/style.scss
Warning

(1729:3) autoprefixer: end value has mixed support, consider using flex-end instead

./node_modules/next/dist/build/webpack/loaders/css-loader/src/index.js??ruleSet[1].rules[3].oneOf[10].use[1]!./node_modules/next/dist/build/webpack/loaders/postcss-loader/src/index.js??ruleSet[1].rules[3].oneOf[10].use[2]!./node_modules/next/dist/build/webpack/loaders/resolve-url-loader/index.js??ruleSet[1].rules[3].oneOf[10].use[3]!./node_modules/next/dist/compiled/sass-loader/cjs.js??ruleSet[1].rules[3].oneOf[10].use[4]!./styles/sass/style.scss
Warning

(1929:3) autoprefixer: end value has mixed support, consider using flex-end instead

./node_modules/next/dist/build/webpack/loaders/css-loader/src/index.js??ruleSet[1].rules[3].oneOf[10].use[1]!./node_modules/next/dist/build/webpack/loaders/postcss-loader/src/index.js??ruleSet[1].rules[3].oneOf[10].use[2]!./node_modules/next/dist/build/webpack/loaders/resolve-url-loader/index.js??ruleSet[1].rules[3].oneOf[10].use[3]!./node_modules/next/dist/compiled/sass-loader/cjs.js??ruleSet[1].rules[3].oneOf[10].use[4]!./styles/sass/style.scss
Warning

(3964:3) autoprefixer: Gradient has outdated direction syntax. New syntax is like `to left` instead of `right`.

./node_modules/next/dist/build/webpack/loaders/css-loader/src/index.js??ruleSet[1].rules[3].oneOf[10].use[1]!./node_modules/next/dist/build/webpack/loaders/postcss-loader/src/index.js??ruleSet[1].rules[3].oneOf[10].use[2]!./node_modules/next/dist/build/webpack/loaders/resolve-url-loader/index.js??ruleSet[1].rules[3].oneOf[10].use[3]!./node_modules/next/dist/compiled/sass-loader/cjs.js??ruleSet[1].rules[3].oneOf[10].use[4]!./styles/sass/style.scss
Warning

(11484:3) autoprefixer: end value has mixed support, consider using flex-end instead

./node_modules/next/dist/build/webpack/loaders/css-loader/src/index.js??ruleSet[1].rules[3].oneOf[10].use[1]!./node_modules/next/dist/build/webpack/loaders/postcss-loader/src/index.js??ruleSet[1].rules[3].oneOf[10].use[2]!./node_modules/next/dist/build/webpack/loaders/resolve-url-loader/index.js??ruleSet[1].rules[3].oneOf[10].use[3]!./node_modules/next/dist/compiled/sass-loader/cjs.js??ruleSet[1].rules[3].oneOf[10].use[4]!./styles/sass/style.scss
Warning

(13307:3) autoprefixer: end value has mixed support, consider using flex-end instead
<w> [webpack.cache.PackFileCacheStrategy] Skipped not serializable cache item 'Compilation/modules|/Users/aashishkumar/Documents/Development/innovatix/wecare/node_modules/next/dist/build/webpack/loaders/css-loader/src/index.js??ruleSet[1].rules[3].oneOf[10].use[1]!/Users/aashishkumar/Documents/Development/innovatix/wecare/node_modules/next/dist/build/webpack/loaders/postcss-loader/src/index.js??ruleSet[1].rules[3].oneOf[10].use[2]!/Users/aashishkumar/Documents/Development/innovatix/wecare/node_modules/next/dist/build/webpack/loaders/resolve-url-loader/index.js??ruleSet[1].rules[3].oneOf[10].use[3]!/Users/aashishkumar/Documents/Development/innovatix/wecare/node_modules/next/dist/compiled/sass-loader/cjs.js??ruleSet[1].rules[3].oneOf[10].use[4]!/Users/aashishkumar/Documents/Development/innovatix/wecare/styles/sass/style.scss': No serializer registered for Warning
<w> while serializing webpack/lib/cache/PackFileCacheStrategy.PackContentItems -> webpack/lib/NormalModule -> Array { 6 items } -> webpack/lib/ModuleWarning -> Warning
wait  - compiling...
warn  - ./node_modules/next/dist/build/webpack/loaders/css-loader/src/index.js??ruleSet[1].rules[3].oneOf[10].use[1]!./node_modules/next/dist/build/webpack/loaders/postcss-loader/src/index.js??ruleSet[1].rules[3].oneOf[10].use[2]!./node_modules/next/dist/build/webpack/loaders/resolve-url-loader/index.js??ruleSet[1].rules[3].oneOf[10].use[3]!./node_modules/next/dist/compiled/sass-loader/cjs.js??ruleSet[1].rules[3].oneOf[10].use[4]!./styles/sass/style.scss
Warning

(601:3) autoprefixer: Gradient has outdated direction syntax. New syntax is like `to left` instead of `right`.

./node_modules/next/dist/build/webpack/loaders/css-loader/src/index.js??ruleSet[1].rules[3].oneOf[10].use[1]!./node_modules/next/dist/build/webpack/loaders/postcss-loader/src/index.js??ruleSet[1].rules[3].oneOf[10].use[2]!./node_modules/next/dist/build/webpack/loaders/resolve-url-loader/index.js??ruleSet[1].rules[3].oneOf[10].use[3]!./node_modules/next/dist/compiled/sass-loader/cjs.js??ruleSet[1].rules[3].oneOf[10].use[4]!./styles/sass/style.scss
Warning

(1729:3) autoprefixer: end value has mixed support, consider using flex-end instead

./node_modules/next/dist/build/webpack/loaders/css-loader/src/index.js??ruleSet[1].rules[3].oneOf[10].use[1]!./node_modules/next/dist/build/webpack/loaders/postcss-loader/src/index.js??ruleSet[1].rules[3].oneOf[10].use[2]!./node_modules/next/dist/build/webpack/loaders/resolve-url-loader/index.js??ruleSet[1].rules[3].oneOf[10].use[3]!./node_modules/next/dist/compiled/sass-loader/cjs.js??ruleSet[1].rules[3].oneOf[10].use[4]!./styles/sass/style.scss
Warning

(1929:3) autoprefixer: end value has mixed support, consider using flex-end instead

./node_modules/next/dist/build/webpack/loaders/css-loader/src/index.js??ruleSet[1].rules[3].oneOf[10].use[1]!./node_modules/next/dist/build/webpack/loaders/postcss-loader/src/index.js??ruleSet[1].rules[3].oneOf[10].use[2]!./node_modules/next/dist/build/webpack/loaders/resolve-url-loader/index.js??ruleSet[1].rules[3].oneOf[10].use[3]!./node_modules/next/dist/compiled/sass-loader/cjs.js??ruleSet[1].rules[3].oneOf[10].use[4]!./styles/sass/style.scss
Warning

(3964:3) autoprefixer: Gradient has outdated direction syntax. New syntax is like `to left` instead of `right`.

./node_modules/next/dist/build/webpack/loaders/css-loader/src/index.js??ruleSet[1].rules[3].oneOf[10].use[1]!./node_modules/next/dist/build/webpack/loaders/postcss-loader/src/index.js??ruleSet[1].rules[3].oneOf[10].use[2]!./node_modules/next/dist/build/webpack/loaders/resolve-url-loader/index.js??ruleSet[1].rules[3].oneOf[10].use[3]!./node_modules/next/dist/compiled/sass-loader/cjs.js??ruleSet[1].rules[3].oneOf[10].use[4]!./styles/sass/style.scss
Warning

(11484:3) autoprefixer: end value has mixed support, consider using flex-end instead

./node_modules/next/dist/build/webpack/loaders/css-loader/src/index.js??ruleSet[1].rules[3].oneOf[10].use[1]!./node_modules/next/dist/build/webpack/loaders/postcss-loader/src/index.js??ruleSet[1].rules[3].oneOf[10].use[2]!./node_modules/next/dist/build/webpack/loaders/resolve-url-loader/index.js??ruleSet[1].rules[3].oneOf[10].use[3]!./node_modules/next/dist/compiled/sass-loader/cjs.js??ruleSet[1].rules[3].oneOf[10].use[4]!./styles/sass/style.scss
Warning

(13307:3) autoprefixer: end value has mixed support, consider using flex-end instead
warn  - ./node_modules/next/dist/build/webpack/loaders/css-loader/src/index.js??ruleSet[1].rules[3].oneOf[10].use[1]!./node_modules/next/dist/build/webpack/loaders/postcss-loader/src/index.js??ruleSet[1].rules[3].oneOf[10].use[2]!./node_modules/next/dist/build/webpack/loaders/resolve-url-loader/index.js??ruleSet[1].rules[3].oneOf[10].use[3]!./node_modules/next/dist/compiled/sass-loader/cjs.js??ruleSet[1].rules[3].oneOf[10].use[4]!./styles/sass/style.scss
Warning

(601:3) autoprefixer: Gradient has outdated direction syntax. New syntax is like `to left` instead of `right`.

./node_modules/next/dist/build/webpack/loaders/css-loader/src/index.js??ruleSet[1].rules[3].oneOf[10].use[1]!./node_modules/next/dist/build/webpack/loaders/postcss-loader/src/index.js??ruleSet[1].rules[3].oneOf[10].use[2]!./node_modules/next/dist/build/webpack/loaders/resolve-url-loader/index.js??ruleSet[1].rules[3].oneOf[10].use[3]!./node_modules/next/dist/compiled/sass-loader/cjs.js??ruleSet[1].rules[3].oneOf[10].use[4]!./styles/sass/style.scss
Warning

(1729:3) autoprefixer: end value has mixed support, consider using flex-end instead

./node_modules/next/dist/build/webpack/loaders/css-loader/src/index.js??ruleSet[1].rules[3].oneOf[10].use[1]!./node_modules/next/dist/build/webpack/loaders/postcss-loader/src/index.js??ruleSet[1].rules[3].oneOf[10].use[2]!./node_modules/next/dist/build/webpack/loaders/resolve-url-loader/index.js??ruleSet[1].rules[3].oneOf[10].use[3]!./node_modules/next/dist/compiled/sass-loader/cjs.js??ruleSet[1].rules[3].oneOf[10].use[4]!./styles/sass/style.scss
Warning

(1929:3) autoprefixer: end value has mixed support, consider using flex-end instead

./node_modules/next/dist/build/webpack/loaders/css-loader/src/index.js??ruleSet[1].rules[3].oneOf[10].use[1]!./node_modules/next/dist/build/webpack/loaders/postcss-loader/src/index.js??ruleSet[1].rules[3].oneOf[10].use[2]!./node_modules/next/dist/build/webpack/loaders/resolve-url-loader/index.js??ruleSet[1].rules[3].oneOf[10].use[3]!./node_modules/next/dist/compiled/sass-loader/cjs.js??ruleSet[1].rules[3].oneOf[10].use[4]!./styles/sass/style.scss
Warning

(3964:3) autoprefixer: Gradient has outdated direction syntax. New syntax is like `to left` instead of `right`.

./node_modules/next/dist/build/webpack/loaders/css-loader/src/index.js??ruleSet[1].rules[3].oneOf[10].use[1]!./node_modules/next/dist/build/webpack/loaders/postcss-loader/src/index.js??ruleSet[1].rules[3].oneOf[10].use[2]!./node_modules/next/dist/build/webpack/loaders/resolve-url-loader/index.js??ruleSet[1].rules[3].oneOf[10].use[3]!./node_modules/next/dist/compiled/sass-loader/cjs.js??ruleSet[1].rules[3].oneOf[10].use[4]!./styles/sass/style.scss
Warning

(11484:3) autoprefixer: end value has mixed support, consider using flex-end instead

./node_modules/next/dist/build/webpack/loaders/css-loader/src/index.js??ruleSet[1].rules[3].oneOf[10].use[1]!./node_modules/next/dist/build/webpack/loaders/postcss-loader/src/index.js??ruleSet[1].rules[3].oneOf[10].use[2]!./node_modules/next/dist/build/webpack/loaders/resolve-url-loader/index.js??ruleSet[1].rules[3].oneOf[10].use[3]!./node_modules/next/dist/compiled/sass-loader/cjs.js??ruleSet[1].rules[3].oneOf[10].use[4]!./styles/sass/style.scss
Warning

(13307:3) autoprefixer: end value has mixed support, consider using flex-end instead
wait  - compiling /404 (client and server)...
warn  - ./node_modules/next/dist/build/webpack/loaders/css-loader/src/index.js??ruleSet[1].rules[3].oneOf[10].use[1]!./node_modules/next/dist/build/webpack/loaders/postcss-loader/src/index.js??ruleSet[1].rules[3].oneOf[10].use[2]!./node_modules/next/dist/build/webpack/loaders/resolve-url-loader/index.js??ruleSet[1].rules[3].oneOf[10].use[3]!./node_modules/next/dist/compiled/sass-loader/cjs.js??ruleSet[1].rules[3].oneOf[10].use[4]!./styles/sass/style.scss
Warning

(601:3) autoprefixer: Gradient has outdated direction syntax. New syntax is like `to left` instead of `right`.

./node_modules/next/dist/build/webpack/loaders/css-loader/src/index.js??ruleSet[1].rules[3].oneOf[10].use[1]!./node_modules/next/dist/build/webpack/loaders/postcss-loader/src/index.js??ruleSet[1].rules[3].oneOf[10].use[2]!./node_modules/next/dist/build/webpack/loaders/resolve-url-loader/index.js??ruleSet[1].rules[3].oneOf[10].use[3]!./node_modules/next/dist/compiled/sass-loader/cjs.js??ruleSet[1].rules[3].oneOf[10].use[4]!./styles/sass/style.scss
Warning

(1729:3) autoprefixer: end value has mixed support, consider using flex-end instead

./node_modules/next/dist/build/webpack/loaders/css-loader/src/index.js??ruleSet[1].rules[3].oneOf[10].use[1]!./node_modules/next/dist/build/webpack/loaders/postcss-loader/src/index.js??ruleSet[1].rules[3].oneOf[10].use[2]!./node_modules/next/dist/build/webpack/loaders/resolve-url-loader/index.js??ruleSet[1].rules[3].oneOf[10].use[3]!./node_modules/next/dist/compiled/sass-loader/cjs.js??ruleSet[1].rules[3].oneOf[10].use[4]!./styles/sass/style.scss
Warning

(1929:3) autoprefixer: end value has mixed support, consider using flex-end instead

./node_modules/next/dist/build/webpack/loaders/css-loader/src/index.js??ruleSet[1].rules[3].oneOf[10].use[1]!./node_modules/next/dist/build/webpack/loaders/postcss-loader/src/index.js??ruleSet[1].rules[3].oneOf[10].use[2]!./node_modules/next/dist/build/webpack/loaders/resolve-url-loader/index.js??ruleSet[1].rules[3].oneOf[10].use[3]!./node_modules/next/dist/compiled/sass-loader/cjs.js??ruleSet[1].rules[3].oneOf[10].use[4]!./styles/sass/style.scss
Warning

(3964:3) autoprefixer: Gradient has outdated direction syntax. New syntax is like `to left` instead of `right`.

./node_modules/next/dist/build/webpack/loaders/css-loader/src/index.js??ruleSet[1].rules[3].oneOf[10].use[1]!./node_modules/next/dist/build/webpack/loaders/postcss-loader/src/index.js??ruleSet[1].rules[3].oneOf[10].use[2]!./node_modules/next/dist/build/webpack/loaders/resolve-url-loader/index.js??ruleSet[1].rules[3].oneOf[10].use[3]!./node_modules/next/dist/compiled/sass-loader/cjs.js??ruleSet[1].rules[3].oneOf[10].use[4]!./styles/sass/style.scss
Warning

(11484:3) autoprefixer: end value has mixed support, consider using flex-end instead

./node_modules/next/dist/build/webpack/loaders/css-loader/src/index.js??ruleSet[1].rules[3].oneOf[10].use[1]!./node_modules/next/dist/build/webpack/loaders/postcss-loader/src/index.js??ruleSet[1].rules[3].oneOf[10].use[2]!./node_modules/next/dist/build/webpack/loaders/resolve-url-loader/index.js??ruleSet[1].rules[3].oneOf[10].use[3]!./node_modules/next/dist/compiled/sass-loader/cjs.js??ruleSet[1].rules[3].oneOf[10].use[4]!./styles/sass/style.scss
Warning

(13307:3) autoprefixer: end value has mixed support, consider using flex-end instead
warn  - ./node_modules/next/dist/build/webpack/loaders/css-loader/src/index.js??ruleSet[1].rules[3].oneOf[10].use[1]!./node_modules/next/dist/build/webpack/loaders/postcss-loader/src/index.js??ruleSet[1].rules[3].oneOf[10].use[2]!./node_modules/next/dist/build/webpack/loaders/resolve-url-loader/index.js??ruleSet[1].rules[3].oneOf[10].use[3]!./node_modules/next/dist/compiled/sass-loader/cjs.js??ruleSet[1].rules[3].oneOf[10].use[4]!./styles/sass/style.scss
Warning

(601:3) autoprefixer: Gradient has outdated direction syntax. New syntax is like `to left` instead of `right`.

./node_modules/next/dist/build/webpack/loaders/css-loader/src/index.js??ruleSet[1].rules[3].oneOf[10].use[1]!./node_modules/next/dist/build/webpack/loaders/postcss-loader/src/index.js??ruleSet[1].rules[3].oneOf[10].use[2]!./node_modules/next/dist/build/webpack/loaders/resolve-url-loader/index.js??ruleSet[1].rules[3].oneOf[10].use[3]!./node_modules/next/dist/compiled/sass-loader/cjs.js??ruleSet[1].rules[3].oneOf[10].use[4]!./styles/sass/style.scss
Warning

(1729:3) autoprefixer: end value has mixed support, consider using flex-end instead

./node_modules/next/dist/build/webpack/loaders/css-loader/src/index.js??ruleSet[1].rules[3].oneOf[10].use[1]!./node_modules/next/dist/build/webpack/loaders/postcss-loader/src/index.js??ruleSet[1].rules[3].oneOf[10].use[2]!./node_modules/next/dist/build/webpack/loaders/resolve-url-loader/index.js??ruleSet[1].rules[3].oneOf[10].use[3]!./node_modules/next/dist/compiled/sass-loader/cjs.js??ruleSet[1].rules[3].oneOf[10].use[4]!./styles/sass/style.scss
Warning

(1929:3) autoprefixer: end value has mixed support, consider using flex-end instead

./node_modules/next/dist/build/webpack/loaders/css-loader/src/index.js??ruleSet[1].rules[3].oneOf[10].use[1]!./node_modules/next/dist/build/webpack/loaders/postcss-loader/src/index.js??ruleSet[1].rules[3].oneOf[10].use[2]!./node_modules/next/dist/build/webpack/loaders/resolve-url-loader/index.js??ruleSet[1].rules[3].oneOf[10].use[3]!./node_modules/next/dist/compiled/sass-loader/cjs.js??ruleSet[1].rules[3].oneOf[10].use[4]!./styles/sass/style.scss
Warning

(3964:3) autoprefixer: Gradient has outdated direction syntax. New syntax is like `to left` instead of `right`.

./node_modules/next/dist/build/webpack/loaders/css-loader/src/index.js??ruleSet[1].rules[3].oneOf[10].use[1]!./node_modules/next/dist/build/webpack/loaders/postcss-loader/src/index.js??ruleSet[1].rules[3].oneOf[10].use[2]!./node_modules/next/dist/build/webpack/loaders/resolve-url-loader/index.js??ruleSet[1].rules[3].oneOf[10].use[3]!./node_modules/next/dist/compiled/sass-loader/cjs.js??ruleSet[1].rules[3].oneOf[10].use[4]!./styles/sass/style.scss
Warning

(11484:3) autoprefixer: end value has mixed support, consider using flex-end instead

./node_modules/next/dist/build/webpack/loaders/css-loader/src/index.js??ruleSet[1].rules[3].oneOf[10].use[1]!./node_modules/next/dist/build/webpack/loaders/postcss-loader/src/index.js??ruleSet[1].rules[3].oneOf[10].use[2]!./node_modules/next/dist/build/webpack/loaders/resolve-url-loader/index.js??ruleSet[1].rules[3].oneOf[10].use[3]!./node_modules/next/dist/compiled/sass-loader/cjs.js??ruleSet[1].rules[3].oneOf[10].use[4]!./styles/sass/style.scss
Warning

(13307:3) autoprefixer: end value has mixed support, consider using flex-end instead
warn  - ./node_modules/next/dist/build/webpack/loaders/css-loader/src/index.js??ruleSet[1].rules[3].oneOf[10].use[1]!./node_modules/next/dist/build/webpack/loaders/postcss-loader/src/index.js??ruleSet[1].rules[3].oneOf[10].use[2]!./node_modules/next/dist/build/webpack/loaders/resolve-url-loader/index.js??ruleSet[1].rules[3].oneOf[10].use[3]!./node_modules/next/dist/compiled/sass-loader/cjs.js??ruleSet[1].rules[3].oneOf[10].use[4]!./styles/sass/style.scss
Warning

(601:3) autoprefixer: Gradient has outdated direction syntax. New syntax is like `to left` instead of `right`.

./node_modules/next/dist/build/webpack/loaders/css-loader/src/index.js??ruleSet[1].rules[3].oneOf[10].use[1]!./node_modules/next/dist/build/webpack/loaders/postcss-loader/src/index.js??ruleSet[1].rules[3].oneOf[10].use[2]!./node_modules/next/dist/build/webpack/loaders/resolve-url-loader/index.js??ruleSet[1].rules[3].oneOf[10].use[3]!./node_modules/next/dist/compiled/sass-loader/cjs.js??ruleSet[1].rules[3].oneOf[10].use[4]!./styles/sass/style.scss
Warning

(1729:3) autoprefixer: end value has mixed support, consider using flex-end instead

./node_modules/next/dist/build/webpack/loaders/css-loader/src/index.js??ruleSet[1].rules[3].oneOf[10].use[1]!./node_modules/next/dist/build/webpack/loaders/postcss-loader/src/index.js??ruleSet[1].rules[3].oneOf[10].use[2]!./node_modules/next/dist/build/webpack/loaders/resolve-url-loader/index.js??ruleSet[1].rules[3].oneOf[10].use[3]!./node_modules/next/dist/compiled/sass-loader/cjs.js??ruleSet[1].rules[3].oneOf[10].use[4]!./styles/sass/style.scss
Warning

(1929:3) autoprefixer: end value has mixed support, consider using flex-end instead

./node_modules/next/dist/build/webpack/loaders/css-loader/src/index.js??ruleSet[1].rules[3].oneOf[10].use[1]!./node_modules/next/dist/build/webpack/loaders/postcss-loader/src/index.js??ruleSet[1].rules[3].oneOf[10].use[2]!./node_modules/next/dist/build/webpack/loaders/resolve-url-loader/index.js??ruleSet[1].rules[3].oneOf[10].use[3]!./node_modules/next/dist/compiled/sass-loader/cjs.js??ruleSet[1].rules[3].oneOf[10].use[4]!./styles/sass/style.scss
Warning

(3964:3) autoprefixer: Gradient has outdated direction syntax. New syntax is like `to left` instead of `right`.

./node_modules/next/dist/build/webpack/loaders/css-loader/src/index.js??ruleSet[1].rules[3].oneOf[10].use[1]!./node_modules/next/dist/build/webpack/loaders/postcss-loader/src/index.js??ruleSet[1].rules[3].oneOf[10].use[2]!./node_modules/next/dist/build/webpack/loaders/resolve-url-loader/index.js??ruleSet[1].rules[3].oneOf[10].use[3]!./node_modules/next/dist/compiled/sass-loader/cjs.js??ruleSet[1].rules[3].oneOf[10].use[4]!./styles/sass/style.scss
Warning

(11484:3) autoprefixer: end value has mixed support, consider using flex-end instead

./node_modules/next/dist/build/webpack/loaders/css-loader/src/index.js??ruleSet[1].rules[3].oneOf[10].use[1]!./node_modules/next/dist/build/webpack/loaders/postcss-loader/src/index.js??ruleSet[1].rules[3].oneOf[10].use[2]!./node_modules/next/dist/build/webpack/loaders/resolve-url-loader/index.js??ruleSet[1].rules[3].oneOf[10].use[3]!./node_modules/next/dist/compiled/sass-loader/cjs.js??ruleSet[1].rules[3].oneOf[10].use[4]!./styles/sass/style.scss
Warning

(13307:3) autoprefixer: end value has mixed support, consider using flex-end instead
wait  - compiling...
warn  - ./node_modules/next/dist/build/webpack/loaders/css-loader/src/index.js??ruleSet[1].rules[3].oneOf[10].use[1]!./node_modules/next/dist/build/webpack/loaders/postcss-loader/src/index.js??ruleSet[1].rules[3].oneOf[10].use[2]!./node_modules/next/dist/build/webpack/loaders/resolve-url-loader/index.js??ruleSet[1].rules[3].oneOf[10].use[3]!./node_modules/next/dist/compiled/sass-loader/cjs.js??ruleSet[1].rules[3].oneOf[10].use[4]!./styles/sass/style.scss
Warning

(601:3) autoprefixer: Gradient has outdated direction syntax. New syntax is like `to left` instead of `right`.

./node_modules/next/dist/build/webpack/loaders/css-loader/src/index.js??ruleSet[1].rules[3].oneOf[10].use[1]!./node_modules/next/dist/build/webpack/loaders/postcss-loader/src/index.js??ruleSet[1].rules[3].oneOf[10].use[2]!./node_modules/next/dist/build/webpack/loaders/resolve-url-loader/index.js??ruleSet[1].rules[3].oneOf[10].use[3]!./node_modules/next/dist/compiled/sass-loader/cjs.js??ruleSet[1].rules[3].oneOf[10].use[4]!./styles/sass/style.scss
Warning

(1729:3) autoprefixer: end value has mixed support, consider using flex-end instead

./node_modules/next/dist/build/webpack/loaders/css-loader/src/index.js??ruleSet[1].rules[3].oneOf[10].use[1]!./node_modules/next/dist/build/webpack/loaders/postcss-loader/src/index.js??ruleSet[1].rules[3].oneOf[10].use[2]!./node_modules/next/dist/build/webpack/loaders/resolve-url-loader/index.js??ruleSet[1].rules[3].oneOf[10].use[3]!./node_modules/next/dist/compiled/sass-loader/cjs.js??ruleSet[1].rules[3].oneOf[10].use[4]!./styles/sass/style.scss
Warning

(1929:3) autoprefixer: end value has mixed support, consider using flex-end instead

./node_modules/next/dist/build/webpack/loaders/css-loader/src/index.js??ruleSet[1].rules[3].oneOf[10].use[1]!./node_modules/next/dist/build/webpack/loaders/postcss-loader/src/index.js??ruleSet[1].rules[3].oneOf[10].use[2]!./node_modules/next/dist/build/webpack/loaders/resolve-url-loader/index.js??ruleSet[1].rules[3].oneOf[10].use[3]!./node_modules/next/dist/compiled/sass-loader/cjs.js??ruleSet[1].rules[3].oneOf[10].use[4]!./styles/sass/style.scss
Warning

(3967:3) autoprefixer: Gradient has outdated direction syntax. New syntax is like `to left` instead of `right`.

./node_modules/next/dist/build/webpack/loaders/css-loader/src/index.js??ruleSet[1].rules[3].oneOf[10].use[1]!./node_modules/next/dist/build/webpack/loaders/postcss-loader/src/index.js??ruleSet[1].rules[3].oneOf[10].use[2]!./node_modules/next/dist/build/webpack/loaders/resolve-url-loader/index.js??ruleSet[1].rules[3].oneOf[10].use[3]!./node_modules/next/dist/compiled/sass-loader/cjs.js??ruleSet[1].rules[3].oneOf[10].use[4]!./styles/sass/style.scss
Warning

(11487:3) autoprefixer: end value has mixed support, consider using flex-end instead

./node_modules/next/dist/build/webpack/loaders/css-loader/src/index.js??ruleSet[1].rules[3].oneOf[10].use[1]!./node_modules/next/dist/build/webpack/loaders/postcss-loader/src/index.js??ruleSet[1].rules[3].oneOf[10].use[2]!./node_modules/next/dist/build/webpack/loaders/resolve-url-loader/index.js??ruleSet[1].rules[3].oneOf[10].use[3]!./node_modules/next/dist/compiled/sass-loader/cjs.js??ruleSet[1].rules[3].oneOf[10].use[4]!./styles/sass/style.scss
Warning

(13310:3) autoprefixer: end value has mixed support, consider using flex-end instead
<w> [webpack.cache.PackFileCacheStrategy] Skipped not serializable cache item 'Compilation/modules|/Users/aashishkumar/Documents/Development/innovatix/wecare/node_modules/next/dist/build/webpack/loaders/css-loader/src/index.js??ruleSet[1].rules[3].oneOf[10].use[1]!/Users/aashishkumar/Documents/Development/innovatix/wecare/node_modules/next/dist/build/webpack/loaders/postcss-loader/src/index.js??ruleSet[1].rules[3].oneOf[10].use[2]!/Users/aashishkumar/Documents/Development/innovatix/wecare/node_modules/next/dist/build/webpack/loaders/resolve-url-loader/index.js??ruleSet[1].rules[3].oneOf[10].use[3]!/Users/aashishkumar/Documents/Development/innovatix/wecare/node_modules/next/dist/compiled/sass-loader/cjs.js??ruleSet[1].rules[3].oneOf[10].use[4]!/Users/aashishkumar/Documents/Development/innovatix/wecare/styles/sass/style.scss': No serializer registered for Warning
<w> while serializing webpack/lib/cache/PackFileCacheStrategy.PackContentItems -> webpack/lib/NormalModule -> Array { 6 items } -> webpack/lib/ModuleWarning -> Warning
warn  - ./node_modules/next/dist/build/webpack/loaders/css-loader/src/index.js??ruleSet[1].rules[3].oneOf[10].use[1]!./node_modules/next/dist/build/webpack/loaders/postcss-loader/src/index.js??ruleSet[1].rules[3].oneOf[10].use[2]!./node_modules/next/dist/build/webpack/loaders/resolve-url-loader/index.js??ruleSet[1].rules[3].oneOf[10].use[3]!./node_modules/next/dist/compiled/sass-loader/cjs.js??ruleSet[1].rules[3].oneOf[10].use[4]!./styles/sass/style.scss
Warning

(601:3) autoprefixer: Gradient has outdated direction syntax. New syntax is like `to left` instead of `right`.

./node_modules/next/dist/build/webpack/loaders/css-loader/src/index.js??ruleSet[1].rules[3].oneOf[10].use[1]!./node_modules/next/dist/build/webpack/loaders/postcss-loader/src/index.js??ruleSet[1].rules[3].oneOf[10].use[2]!./node_modules/next/dist/build/webpack/loaders/resolve-url-loader/index.js??ruleSet[1].rules[3].oneOf[10].use[3]!./node_modules/next/dist/compiled/sass-loader/cjs.js??ruleSet[1].rules[3].oneOf[10].use[4]!./styles/sass/style.scss
Warning

(1729:3) autoprefixer: end value has mixed support, consider using flex-end instead

./node_modules/next/dist/build/webpack/loaders/css-loader/src/index.js??ruleSet[1].rules[3].oneOf[10].use[1]!./node_modules/next/dist/build/webpack/loaders/postcss-loader/src/index.js??ruleSet[1].rules[3].oneOf[10].use[2]!./node_modules/next/dist/build/webpack/loaders/resolve-url-loader/index.js??ruleSet[1].rules[3].oneOf[10].use[3]!./node_modules/next/dist/compiled/sass-loader/cjs.js??ruleSet[1].rules[3].oneOf[10].use[4]!./styles/sass/style.scss
Warning

(1929:3) autoprefixer: end value has mixed support, consider using flex-end instead

./node_modules/next/dist/build/webpack/loaders/css-loader/src/index.js??ruleSet[1].rules[3].oneOf[10].use[1]!./node_modules/next/dist/build/webpack/loaders/postcss-loader/src/index.js??ruleSet[1].rules[3].oneOf[10].use[2]!./node_modules/next/dist/build/webpack/loaders/resolve-url-loader/index.js??ruleSet[1].rules[3].oneOf[10].use[3]!./node_modules/next/dist/compiled/sass-loader/cjs.js??ruleSet[1].rules[3].oneOf[10].use[4]!./styles/sass/style.scss
Warning

(3967:3) autoprefixer: Gradient has outdated direction syntax. New syntax is like `to left` instead of `right`.

./node_modules/next/dist/build/webpack/loaders/css-loader/src/index.js??ruleSet[1].rules[3].oneOf[10].use[1]!./node_modules/next/dist/build/webpack/loaders/postcss-loader/src/index.js??ruleSet[1].rules[3].oneOf[10].use[2]!./node_modules/next/dist/build/webpack/loaders/resolve-url-loader/index.js??ruleSet[1].rules[3].oneOf[10].use[3]!./node_modules/next/dist/compiled/sass-loader/cjs.js??ruleSet[1].rules[3].oneOf[10].use[4]!./styles/sass/style.scss
Warning

(11487:3) autoprefixer: end value has mixed support, consider using flex-end instead

./node_modules/next/dist/build/webpack/loaders/css-loader/src/index.js??ruleSet[1].rules[3].oneOf[10].use[1]!./node_modules/next/dist/build/webpack/loaders/postcss-loader/src/index.js??ruleSet[1].rules[3].oneOf[10].use[2]!./node_modules/next/dist/build/webpack/loaders/resolve-url-loader/index.js??ruleSet[1].rules[3].oneOf[10].use[3]!./node_modules/next/dist/compiled/sass-loader/cjs.js??ruleSet[1].rules[3].oneOf[10].use[4]!./styles/sass/style.scss
Warning

(13310:3) autoprefixer: end value has mixed support, consider using flex-end instead
wait  - compiling /404 (client and server)...
warn  - ./node_modules/next/dist/build/webpack/loaders/css-loader/src/index.js??ruleSet[1].rules[3].oneOf[10].use[1]!./node_modules/next/dist/build/webpack/loaders/postcss-loader/src/index.js??ruleSet[1].rules[3].oneOf[10].use[2]!./node_modules/next/dist/build/webpack/loaders/resolve-url-loader/index.js??ruleSet[1].rules[3].oneOf[10].use[3]!./node_modules/next/dist/compiled/sass-loader/cjs.js??ruleSet[1].rules[3].oneOf[10].use[4]!./styles/sass/style.scss
Warning

(601:3) autoprefixer: Gradient has outdated direction syntax. New syntax is like `to left` instead of `right`.

./node_modules/next/dist/build/webpack/loaders/css-loader/src/index.js??ruleSet[1].rules[3].oneOf[10].use[1]!./node_modules/next/dist/build/webpack/loaders/postcss-loader/src/index.js??ruleSet[1].rules[3].oneOf[10].use[2]!./node_modules/next/dist/build/webpack/loaders/resolve-url-loader/index.js??ruleSet[1].rules[3].oneOf[10].use[3]!./node_modules/next/dist/compiled/sass-loader/cjs.js??ruleSet[1].rules[3].oneOf[10].use[4]!./styles/sass/style.scss
Warning

(1729:3) autoprefixer: end value has mixed support, consider using flex-end instead

./node_modules/next/dist/build/webpack/loaders/css-loader/src/index.js??ruleSet[1].rules[3].oneOf[10].use[1]!./node_modules/next/dist/build/webpack/loaders/postcss-loader/src/index.js??ruleSet[1].rules[3].oneOf[10].use[2]!./node_modules/next/dist/build/webpack/loaders/resolve-url-loader/index.js??ruleSet[1].rules[3].oneOf[10].use[3]!./node_modules/next/dist/compiled/sass-loader/cjs.js??ruleSet[1].rules[3].oneOf[10].use[4]!./styles/sass/style.scss
Warning

(1929:3) autoprefixer: end value has mixed support, consider using flex-end instead

./node_modules/next/dist/build/webpack/loaders/css-loader/src/index.js??ruleSet[1].rules[3].oneOf[10].use[1]!./node_modules/next/dist/build/webpack/loaders/postcss-loader/src/index.js??ruleSet[1].rules[3].oneOf[10].use[2]!./node_modules/next/dist/build/webpack/loaders/resolve-url-loader/index.js??ruleSet[1].rules[3].oneOf[10].use[3]!./node_modules/next/dist/compiled/sass-loader/cjs.js??ruleSet[1].rules[3].oneOf[10].use[4]!./styles/sass/style.scss
Warning

(3967:3) autoprefixer: Gradient has outdated direction syntax. New syntax is like `to left` instead of `right`.

./node_modules/next/dist/build/webpack/loaders/css-loader/src/index.js??ruleSet[1].rules[3].oneOf[10].use[1]!./node_modules/next/dist/build/webpack/loaders/postcss-loader/src/index.js??ruleSet[1].rules[3].oneOf[10].use[2]!./node_modules/next/dist/build/webpack/loaders/resolve-url-loader/index.js??ruleSet[1].rules[3].oneOf[10].use[3]!./node_modules/next/dist/compiled/sass-loader/cjs.js??ruleSet[1].rules[3].oneOf[10].use[4]!./styles/sass/style.scss
Warning

(11487:3) autoprefixer: end value has mixed support, consider using flex-end instead

./node_modules/next/dist/build/webpack/loaders/css-loader/src/index.js??ruleSet[1].rules[3].oneOf[10].use[1]!./node_modules/next/dist/build/webpack/loaders/postcss-loader/src/index.js??ruleSet[1].rules[3].oneOf[10].use[2]!./node_modules/next/dist/build/webpack/loaders/resolve-url-loader/index.js??ruleSet[1].rules[3].oneOf[10].use[3]!./node_modules/next/dist/compiled/sass-loader/cjs.js??ruleSet[1].rules[3].oneOf[10].use[4]!./styles/sass/style.scss
Warning

(13310:3) autoprefixer: end value has mixed support, consider using flex-end instead
warn  - ./node_modules/next/dist/build/webpack/loaders/css-loader/src/index.js??ruleSet[1].rules[3].oneOf[10].use[1]!./node_modules/next/dist/build/webpack/loaders/postcss-loader/src/index.js??ruleSet[1].rules[3].oneOf[10].use[2]!./node_modules/next/dist/build/webpack/loaders/resolve-url-loader/index.js??ruleSet[1].rules[3].oneOf[10].use[3]!./node_modules/next/dist/compiled/sass-loader/cjs.js??ruleSet[1].rules[3].oneOf[10].use[4]!./styles/sass/style.scss
Warning

(601:3) autoprefixer: Gradient has outdated direction syntax. New syntax is like `to left` instead of `right`.

./node_modules/next/dist/build/webpack/loaders/css-loader/src/index.js??ruleSet[1].rules[3].oneOf[10].use[1]!./node_modules/next/dist/build/webpack/loaders/postcss-loader/src/index.js??ruleSet[1].rules[3].oneOf[10].use[2]!./node_modules/next/dist/build/webpack/loaders/resolve-url-loader/index.js??ruleSet[1].rules[3].oneOf[10].use[3]!./node_modules/next/dist/compiled/sass-loader/cjs.js??ruleSet[1].rules[3].oneOf[10].use[4]!./styles/sass/style.scss
Warning

(1729:3) autoprefixer: end value has mixed support, consider using flex-end instead

./node_modules/next/dist/build/webpack/loaders/css-loader/src/index.js??ruleSet[1].rules[3].oneOf[10].use[1]!./node_modules/next/dist/build/webpack/loaders/postcss-loader/src/index.js??ruleSet[1].rules[3].oneOf[10].use[2]!./node_modules/next/dist/build/webpack/loaders/resolve-url-loader/index.js??ruleSet[1].rules[3].oneOf[10].use[3]!./node_modules/next/dist/compiled/sass-loader/cjs.js??ruleSet[1].rules[3].oneOf[10].use[4]!./styles/sass/style.scss
Warning

(1929:3) autoprefixer: end value has mixed support, consider using flex-end instead

./node_modules/next/dist/build/webpack/loaders/css-loader/src/index.js??ruleSet[1].rules[3].oneOf[10].use[1]!./node_modules/next/dist/build/webpack/loaders/postcss-loader/src/index.js??ruleSet[1].rules[3].oneOf[10].use[2]!./node_modules/next/dist/build/webpack/loaders/resolve-url-loader/index.js??ruleSet[1].rules[3].oneOf[10].use[3]!./node_modules/next/dist/compiled/sass-loader/cjs.js??ruleSet[1].rules[3].oneOf[10].use[4]!./styles/sass/style.scss
Warning

(3967:3) autoprefixer: Gradient has outdated direction syntax. New syntax is like `to left` instead of `right`.

./node_modules/next/dist/build/webpack/loaders/css-loader/src/index.js??ruleSet[1].rules[3].oneOf[10].use[1]!./node_modules/next/dist/build/webpack/loaders/postcss-loader/src/index.js??ruleSet[1].rules[3].oneOf[10].use[2]!./node_modules/next/dist/build/webpack/loaders/resolve-url-loader/index.js??ruleSet[1].rules[3].oneOf[10].use[3]!./node_modules/next/dist/compiled/sass-loader/cjs.js??ruleSet[1].rules[3].oneOf[10].use[4]!./styles/sass/style.scss
Warning

(11487:3) autoprefixer: end value has mixed support, consider using flex-end instead

./node_modules/next/dist/build/webpack/loaders/css-loader/src/index.js??ruleSet[1].rules[3].oneOf[10].use[1]!./node_modules/next/dist/build/webpack/loaders/postcss-loader/src/index.js??ruleSet[1].rules[3].oneOf[10].use[2]!./node_modules/next/dist/build/webpack/loaders/resolve-url-loader/index.js??ruleSet[1].rules[3].oneOf[10].use[3]!./node_modules/next/dist/compiled/sass-loader/cjs.js??ruleSet[1].rules[3].oneOf[10].use[4]!./styles/sass/style.scss
Warning

(13310:3) autoprefixer: end value has mixed support, consider using flex-end instead
wait  - compiling /service/[slug]...
warn  - ./node_modules/next/dist/build/webpack/loaders/css-loader/src/index.js??ruleSet[1].rules[3].oneOf[10].use[1]!./node_modules/next/dist/build/webpack/loaders/postcss-loader/src/index.js??ruleSet[1].rules[3].oneOf[10].use[2]!./node_modules/next/dist/build/webpack/loaders/resolve-url-loader/index.js??ruleSet[1].rules[3].oneOf[10].use[3]!./node_modules/next/dist/compiled/sass-loader/cjs.js??ruleSet[1].rules[3].oneOf[10].use[4]!./styles/sass/style.scss
Warning

(601:3) autoprefixer: Gradient has outdated direction syntax. New syntax is like `to left` instead of `right`.

./node_modules/next/dist/build/webpack/loaders/css-loader/src/index.js??ruleSet[1].rules[3].oneOf[10].use[1]!./node_modules/next/dist/build/webpack/loaders/postcss-loader/src/index.js??ruleSet[1].rules[3].oneOf[10].use[2]!./node_modules/next/dist/build/webpack/loaders/resolve-url-loader/index.js??ruleSet[1].rules[3].oneOf[10].use[3]!./node_modules/next/dist/compiled/sass-loader/cjs.js??ruleSet[1].rules[3].oneOf[10].use[4]!./styles/sass/style.scss
Warning

(1729:3) autoprefixer: end value has mixed support, consider using flex-end instead

./node_modules/next/dist/build/webpack/loaders/css-loader/src/index.js??ruleSet[1].rules[3].oneOf[10].use[1]!./node_modules/next/dist/build/webpack/loaders/postcss-loader/src/index.js??ruleSet[1].rules[3].oneOf[10].use[2]!./node_modules/next/dist/build/webpack/loaders/resolve-url-loader/index.js??ruleSet[1].rules[3].oneOf[10].use[3]!./node_modules/next/dist/compiled/sass-loader/cjs.js??ruleSet[1].rules[3].oneOf[10].use[4]!./styles/sass/style.scss
Warning

(1929:3) autoprefixer: end value has mixed support, consider using flex-end instead

./node_modules/next/dist/build/webpack/loaders/css-loader/src/index.js??ruleSet[1].rules[3].oneOf[10].use[1]!./node_modules/next/dist/build/webpack/loaders/postcss-loader/src/index.js??ruleSet[1].rules[3].oneOf[10].use[2]!./node_modules/next/dist/build/webpack/loaders/resolve-url-loader/index.js??ruleSet[1].rules[3].oneOf[10].use[3]!./node_modules/next/dist/compiled/sass-loader/cjs.js??ruleSet[1].rules[3].oneOf[10].use[4]!./styles/sass/style.scss
Warning

(3967:3) autoprefixer: Gradient has outdated direction syntax. New syntax is like `to left` instead of `right`.

./node_modules/next/dist/build/webpack/loaders/css-loader/src/index.js??ruleSet[1].rules[3].oneOf[10].use[1]!./node_modules/next/dist/build/webpack/loaders/postcss-loader/src/index.js??ruleSet[1].rules[3].oneOf[10].use[2]!./node_modules/next/dist/build/webpack/loaders/resolve-url-loader/index.js??ruleSet[1].rules[3].oneOf[10].use[3]!./node_modules/next/dist/compiled/sass-loader/cjs.js??ruleSet[1].rules[3].oneOf[10].use[4]!./styles/sass/style.scss
Warning

(11487:3) autoprefixer: end value has mixed support, consider using flex-end instead

./node_modules/next/dist/build/webpack/loaders/css-loader/src/index.js??ruleSet[1].rules[3].oneOf[10].use[1]!./node_modules/next/dist/build/webpack/loaders/postcss-loader/src/index.js??ruleSet[1].rules[3].oneOf[10].use[2]!./node_modules/next/dist/build/webpack/loaders/resolve-url-loader/index.js??ruleSet[1].rules[3].oneOf[10].use[3]!./node_modules/next/dist/compiled/sass-loader/cjs.js??ruleSet[1].rules[3].oneOf[10].use[4]!./styles/sass/style.scss
Warning

(13310:3) autoprefixer: end value has mixed support, consider using flex-end instead
wait  - compiling...
warn  - ./node_modules/next/dist/build/webpack/loaders/css-loader/src/index.js??ruleSet[1].rules[3].oneOf[10].use[1]!./node_modules/next/dist/build/webpack/loaders/postcss-loader/src/index.js??ruleSet[1].rules[3].oneOf[10].use[2]!./node_modules/next/dist/build/webpack/loaders/resolve-url-loader/index.js??ruleSet[1].rules[3].oneOf[10].use[3]!./node_modules/next/dist/compiled/sass-loader/cjs.js??ruleSet[1].rules[3].oneOf[10].use[4]!./styles/sass/style.scss
Warning

(601:3) autoprefixer: Gradient has outdated direction syntax. New syntax is like `to left` instead of `right`.

./node_modules/next/dist/build/webpack/loaders/css-loader/src/index.js??ruleSet[1].rules[3].oneOf[10].use[1]!./node_modules/next/dist/build/webpack/loaders/postcss-loader/src/index.js??ruleSet[1].rules[3].oneOf[10].use[2]!./node_modules/next/dist/build/webpack/loaders/resolve-url-loader/index.js??ruleSet[1].rules[3].oneOf[10].use[3]!./node_modules/next/dist/compiled/sass-loader/cjs.js??ruleSet[1].rules[3].oneOf[10].use[4]!./styles/sass/style.scss
Warning

(1729:3) autoprefixer: end value has mixed support, consider using flex-end instead

./node_modules/next/dist/build/webpack/loaders/css-loader/src/index.js??ruleSet[1].rules[3].oneOf[10].use[1]!./node_modules/next/dist/build/webpack/loaders/postcss-loader/src/index.js??ruleSet[1].rules[3].oneOf[10].use[2]!./node_modules/next/dist/build/webpack/loaders/resolve-url-loader/index.js??ruleSet[1].rules[3].oneOf[10].use[3]!./node_modules/next/dist/compiled/sass-loader/cjs.js??ruleSet[1].rules[3].oneOf[10].use[4]!./styles/sass/style.scss
Warning

(1929:3) autoprefixer: end value has mixed support, consider using flex-end instead

./node_modules/next/dist/build/webpack/loaders/css-loader/src/index.js??ruleSet[1].rules[3].oneOf[10].use[1]!./node_modules/next/dist/build/webpack/loaders/postcss-loader/src/index.js??ruleSet[1].rules[3].oneOf[10].use[2]!./node_modules/next/dist/build/webpack/loaders/resolve-url-loader/index.js??ruleSet[1].rules[3].oneOf[10].use[3]!./node_modules/next/dist/compiled/sass-loader/cjs.js??ruleSet[1].rules[3].oneOf[10].use[4]!./styles/sass/style.scss
Warning

(3967:3) autoprefixer: Gradient has outdated direction syntax. New syntax is like `to left` instead of `right`.

./node_modules/next/dist/build/webpack/loaders/css-loader/src/index.js??ruleSet[1].rules[3].oneOf[10].use[1]!./node_modules/next/dist/build/webpack/loaders/postcss-loader/src/index.js??ruleSet[1].rules[3].oneOf[10].use[2]!./node_modules/next/dist/build/webpack/loaders/resolve-url-loader/index.js??ruleSet[1].rules[3].oneOf[10].use[3]!./node_modules/next/dist/compiled/sass-loader/cjs.js??ruleSet[1].rules[3].oneOf[10].use[4]!./styles/sass/style.scss
Warning

(11487:3) autoprefixer: end value has mixed support, consider using flex-end instead

./node_modules/next/dist/build/webpack/loaders/css-loader/src/index.js??ruleSet[1].rules[3].oneOf[10].use[1]!./node_modules/next/dist/build/webpack/loaders/postcss-loader/src/index.js??ruleSet[1].rules[3].oneOf[10].use[2]!./node_modules/next/dist/build/webpack/loaders/resolve-url-loader/index.js??ruleSet[1].rules[3].oneOf[10].use[3]!./node_modules/next/dist/compiled/sass-loader/cjs.js??ruleSet[1].rules[3].oneOf[10].use[4]!./styles/sass/style.scss
Warning

(13310:3) autoprefixer: end value has mixed support, consider using flex-end instead
wait  - compiling...
warn  - ./node_modules/next/dist/build/webpack/loaders/css-loader/src/index.js??ruleSet[1].rules[3].oneOf[10].use[1]!./node_modules/next/dist/build/webpack/loaders/postcss-loader/src/index.js??ruleSet[1].rules[3].oneOf[10].use[2]!./node_modules/next/dist/build/webpack/loaders/resolve-url-loader/index.js??ruleSet[1].rules[3].oneOf[10].use[3]!./node_modules/next/dist/compiled/sass-loader/cjs.js??ruleSet[1].rules[3].oneOf[10].use[4]!./styles/sass/style.scss
Warning

(601:3) autoprefixer: Gradient has outdated direction syntax. New syntax is like `to left` instead of `right`.

./node_modules/next/dist/build/webpack/loaders/css-loader/src/index.js??ruleSet[1].rules[3].oneOf[10].use[1]!./node_modules/next/dist/build/webpack/loaders/postcss-loader/src/index.js??ruleSet[1].rules[3].oneOf[10].use[2]!./node_modules/next/dist/build/webpack/loaders/resolve-url-loader/index.js??ruleSet[1].rules[3].oneOf[10].use[3]!./node_modules/next/dist/compiled/sass-loader/cjs.js??ruleSet[1].rules[3].oneOf[10].use[4]!./styles/sass/style.scss
Warning

(1729:3) autoprefixer: end value has mixed support, consider using flex-end instead

./node_modules/next/dist/build/webpack/loaders/css-loader/src/index.js??ruleSet[1].rules[3].oneOf[10].use[1]!./node_modules/next/dist/build/webpack/loaders/postcss-loader/src/index.js??ruleSet[1].rules[3].oneOf[10].use[2]!./node_modules/next/dist/build/webpack/loaders/resolve-url-loader/index.js??ruleSet[1].rules[3].oneOf[10].use[3]!./node_modules/next/dist/compiled/sass-loader/cjs.js??ruleSet[1].rules[3].oneOf[10].use[4]!./styles/sass/style.scss
Warning

(1929:3) autoprefixer: end value has mixed support, consider using flex-end instead

./node_modules/next/dist/build/webpack/loaders/css-loader/src/index.js??ruleSet[1].rules[3].oneOf[10].use[1]!./node_modules/next/dist/build/webpack/loaders/postcss-loader/src/index.js??ruleSet[1].rules[3].oneOf[10].use[2]!./node_modules/next/dist/build/webpack/loaders/resolve-url-loader/index.js??ruleSet[1].rules[3].oneOf[10].use[3]!./node_modules/next/dist/compiled/sass-loader/cjs.js??ruleSet[1].rules[3].oneOf[10].use[4]!./styles/sass/style.scss
Warning

(3967:3) autoprefixer: Gradient has outdated direction syntax. New syntax is like `to left` instead of `right`.

./node_modules/next/dist/build/webpack/loaders/css-loader/src/index.js??ruleSet[1].rules[3].oneOf[10].use[1]!./node_modules/next/dist/build/webpack/loaders/postcss-loader/src/index.js??ruleSet[1].rules[3].oneOf[10].use[2]!./node_modules/next/dist/build/webpack/loaders/resolve-url-loader/index.js??ruleSet[1].rules[3].oneOf[10].use[3]!./node_modules/next/dist/compiled/sass-loader/cjs.js??ruleSet[1].rules[3].oneOf[10].use[4]!./styles/sass/style.scss
Warning

(11487:3) autoprefixer: end value has mixed support, consider using flex-end instead

./node_modules/next/dist/build/webpack/loaders/css-loader/src/index.js??ruleSet[1].rules[3].oneOf[10].use[1]!./node_modules/next/dist/build/webpack/loaders/postcss-loader/src/index.js??ruleSet[1].rules[3].oneOf[10].use[2]!./node_modules/next/dist/build/webpack/loaders/resolve-url-loader/index.js??ruleSet[1].rules[3].oneOf[10].use[3]!./node_modules/next/dist/compiled/sass-loader/cjs.js??ruleSet[1].rules[3].oneOf[10].use[4]!./styles/sass/style.scss
Warning

(13310:3) autoprefixer: end value has mixed support, consider using flex-end instead
wait  - compiling...
warn  - ./node_modules/next/dist/build/webpack/loaders/css-loader/src/index.js??ruleSet[1].rules[3].oneOf[10].use[1]!./node_modules/next/dist/build/webpack/loaders/postcss-loader/src/index.js??ruleSet[1].rules[3].oneOf[10].use[2]!./node_modules/next/dist/build/webpack/loaders/resolve-url-loader/index.js??ruleSet[1].rules[3].oneOf[10].use[3]!./node_modules/next/dist/compiled/sass-loader/cjs.js??ruleSet[1].rules[3].oneOf[10].use[4]!./styles/sass/style.scss
Warning

(601:3) autoprefixer: Gradient has outdated direction syntax. New syntax is like `to left` instead of `right`.

./node_modules/next/dist/build/webpack/loaders/css-loader/src/index.js??ruleSet[1].rules[3].oneOf[10].use[1]!./node_modules/next/dist/build/webpack/loaders/postcss-loader/src/index.js??ruleSet[1].rules[3].oneOf[10].use[2]!./node_modules/next/dist/build/webpack/loaders/resolve-url-loader/index.js??ruleSet[1].rules[3].oneOf[10].use[3]!./node_modules/next/dist/compiled/sass-loader/cjs.js??ruleSet[1].rules[3].oneOf[10].use[4]!./styles/sass/style.scss
Warning

(1742:3) autoprefixer: end value has mixed support, consider using flex-end instead

./node_modules/next/dist/build/webpack/loaders/css-loader/src/index.js??ruleSet[1].rules[3].oneOf[10].use[1]!./node_modules/next/dist/build/webpack/loaders/postcss-loader/src/index.js??ruleSet[1].rules[3].oneOf[10].use[2]!./node_modules/next/dist/build/webpack/loaders/resolve-url-loader/index.js??ruleSet[1].rules[3].oneOf[10].use[3]!./node_modules/next/dist/compiled/sass-loader/cjs.js??ruleSet[1].rules[3].oneOf[10].use[4]!./styles/sass/style.scss
Warning

(1942:3) autoprefixer: end value has mixed support, consider using flex-end instead

./node_modules/next/dist/build/webpack/loaders/css-loader/src/index.js??ruleSet[1].rules[3].oneOf[10].use[1]!./node_modules/next/dist/build/webpack/loaders/postcss-loader/src/index.js??ruleSet[1].rules[3].oneOf[10].use[2]!./node_modules/next/dist/build/webpack/loaders/resolve-url-loader/index.js??ruleSet[1].rules[3].oneOf[10].use[3]!./node_modules/next/dist/compiled/sass-loader/cjs.js??ruleSet[1].rules[3].oneOf[10].use[4]!./styles/sass/style.scss
Warning

(3980:3) autoprefixer: Gradient has outdated direction syntax. New syntax is like `to left` instead of `right`.

./node_modules/next/dist/build/webpack/loaders/css-loader/src/index.js??ruleSet[1].rules[3].oneOf[10].use[1]!./node_modules/next/dist/build/webpack/loaders/postcss-loader/src/index.js??ruleSet[1].rules[3].oneOf[10].use[2]!./node_modules/next/dist/build/webpack/loaders/resolve-url-loader/index.js??ruleSet[1].rules[3].oneOf[10].use[3]!./node_modules/next/dist/compiled/sass-loader/cjs.js??ruleSet[1].rules[3].oneOf[10].use[4]!./styles/sass/style.scss
Warning

(11500:3) autoprefixer: end value has mixed support, consider using flex-end instead

./node_modules/next/dist/build/webpack/loaders/css-loader/src/index.js??ruleSet[1].rules[3].oneOf[10].use[1]!./node_modules/next/dist/build/webpack/loaders/postcss-loader/src/index.js??ruleSet[1].rules[3].oneOf[10].use[2]!./node_modules/next/dist/build/webpack/loaders/resolve-url-loader/index.js??ruleSet[1].rules[3].oneOf[10].use[3]!./node_modules/next/dist/compiled/sass-loader/cjs.js??ruleSet[1].rules[3].oneOf[10].use[4]!./styles/sass/style.scss
Warning

(13323:3) autoprefixer: end value has mixed support, consider using flex-end instead
<w> [webpack.cache.PackFileCacheStrategy] Skipped not serializable cache item 'Compilation/modules|/Users/aashishkumar/Documents/Development/innovatix/wecare/node_modules/next/dist/build/webpack/loaders/css-loader/src/index.js??ruleSet[1].rules[3].oneOf[10].use[1]!/Users/aashishkumar/Documents/Development/innovatix/wecare/node_modules/next/dist/build/webpack/loaders/postcss-loader/src/index.js??ruleSet[1].rules[3].oneOf[10].use[2]!/Users/aashishkumar/Documents/Development/innovatix/wecare/node_modules/next/dist/build/webpack/loaders/resolve-url-loader/index.js??ruleSet[1].rules[3].oneOf[10].use[3]!/Users/aashishkumar/Documents/Development/innovatix/wecare/node_modules/next/dist/compiled/sass-loader/cjs.js??ruleSet[1].rules[3].oneOf[10].use[4]!/Users/aashishkumar/Documents/Development/innovatix/wecare/styles/sass/style.scss': No serializer registered for Warning
<w> while serializing webpack/lib/cache/PackFileCacheStrategy.PackContentItems -> webpack/lib/NormalModule -> Array { 6 items } -> webpack/lib/ModuleWarning -> Warning
warn  - ./node_modules/next/dist/build/webpack/loaders/css-loader/src/index.js??ruleSet[1].rules[3].oneOf[10].use[1]!./node_modules/next/dist/build/webpack/loaders/postcss-loader/src/index.js??ruleSet[1].rules[3].oneOf[10].use[2]!./node_modules/next/dist/build/webpack/loaders/resolve-url-loader/index.js??ruleSet[1].rules[3].oneOf[10].use[3]!./node_modules/next/dist/compiled/sass-loader/cjs.js??ruleSet[1].rules[3].oneOf[10].use[4]!./styles/sass/style.scss
Warning

(601:3) autoprefixer: Gradient has outdated direction syntax. New syntax is like `to left` instead of `right`.

./node_modules/next/dist/build/webpack/loaders/css-loader/src/index.js??ruleSet[1].rules[3].oneOf[10].use[1]!./node_modules/next/dist/build/webpack/loaders/postcss-loader/src/index.js??ruleSet[1].rules[3].oneOf[10].use[2]!./node_modules/next/dist/build/webpack/loaders/resolve-url-loader/index.js??ruleSet[1].rules[3].oneOf[10].use[3]!./node_modules/next/dist/compiled/sass-loader/cjs.js??ruleSet[1].rules[3].oneOf[10].use[4]!./styles/sass/style.scss
Warning

(1742:3) autoprefixer: end value has mixed support, consider using flex-end instead

./node_modules/next/dist/build/webpack/loaders/css-loader/src/index.js??ruleSet[1].rules[3].oneOf[10].use[1]!./node_modules/next/dist/build/webpack/loaders/postcss-loader/src/index.js??ruleSet[1].rules[3].oneOf[10].use[2]!./node_modules/next/dist/build/webpack/loaders/resolve-url-loader/index.js??ruleSet[1].rules[3].oneOf[10].use[3]!./node_modules/next/dist/compiled/sass-loader/cjs.js??ruleSet[1].rules[3].oneOf[10].use[4]!./styles/sass/style.scss
Warning

(1942:3) autoprefixer: end value has mixed support, consider using flex-end instead

./node_modules/next/dist/build/webpack/loaders/css-loader/src/index.js??ruleSet[1].rules[3].oneOf[10].use[1]!./node_modules/next/dist/build/webpack/loaders/postcss-loader/src/index.js??ruleSet[1].rules[3].oneOf[10].use[2]!./node_modules/next/dist/build/webpack/loaders/resolve-url-loader/index.js??ruleSet[1].rules[3].oneOf[10].use[3]!./node_modules/next/dist/compiled/sass-loader/cjs.js??ruleSet[1].rules[3].oneOf[10].use[4]!./styles/sass/style.scss
Warning

(3980:3) autoprefixer: Gradient has outdated direction syntax. New syntax is like `to left` instead of `right`.

./node_modules/next/dist/build/webpack/loaders/css-loader/src/index.js??ruleSet[1].rules[3].oneOf[10].use[1]!./node_modules/next/dist/build/webpack/loaders/postcss-loader/src/index.js??ruleSet[1].rules[3].oneOf[10].use[2]!./node_modules/next/dist/build/webpack/loaders/resolve-url-loader/index.js??ruleSet[1].rules[3].oneOf[10].use[3]!./node_modules/next/dist/compiled/sass-loader/cjs.js??ruleSet[1].rules[3].oneOf[10].use[4]!./styles/sass/style.scss
Warning

(11500:3) autoprefixer: end value has mixed support, consider using flex-end instead

./node_modules/next/dist/build/webpack/loaders/css-loader/src/index.js??ruleSet[1].rules[3].oneOf[10].use[1]!./node_modules/next/dist/build/webpack/loaders/postcss-loader/src/index.js??ruleSet[1].rules[3].oneOf[10].use[2]!./node_modules/next/dist/build/webpack/loaders/resolve-url-loader/index.js??ruleSet[1].rules[3].oneOf[10].use[3]!./node_modules/next/dist/compiled/sass-loader/cjs.js??ruleSet[1].rules[3].oneOf[10].use[4]!./styles/sass/style.scss
Warning

(13323:3) autoprefixer: end value has mixed support, consider using flex-end instead
wait  - compiling /404 (client and server)...
warn  - ./node_modules/next/dist/build/webpack/loaders/css-loader/src/index.js??ruleSet[1].rules[3].oneOf[10].use[1]!./node_modules/next/dist/build/webpack/loaders/postcss-loader/src/index.js??ruleSet[1].rules[3].oneOf[10].use[2]!./node_modules/next/dist/build/webpack/loaders/resolve-url-loader/index.js??ruleSet[1].rules[3].oneOf[10].use[3]!./node_modules/next/dist/compiled/sass-loader/cjs.js??ruleSet[1].rules[3].oneOf[10].use[4]!./styles/sass/style.scss
Warning

(601:3) autoprefixer: Gradient has outdated direction syntax. New syntax is like `to left` instead of `right`.

./node_modules/next/dist/build/webpack/loaders/css-loader/src/index.js??ruleSet[1].rules[3].oneOf[10].use[1]!./node_modules/next/dist/build/webpack/loaders/postcss-loader/src/index.js??ruleSet[1].rules[3].oneOf[10].use[2]!./node_modules/next/dist/build/webpack/loaders/resolve-url-loader/index.js??ruleSet[1].rules[3].oneOf[10].use[3]!./node_modules/next/dist/compiled/sass-loader/cjs.js??ruleSet[1].rules[3].oneOf[10].use[4]!./styles/sass/style.scss
Warning

(1742:3) autoprefixer: end value has mixed support, consider using flex-end instead

./node_modules/next/dist/build/webpack/loaders/css-loader/src/index.js??ruleSet[1].rules[3].oneOf[10].use[1]!./node_modules/next/dist/build/webpack/loaders/postcss-loader/src/index.js??ruleSet[1].rules[3].oneOf[10].use[2]!./node_modules/next/dist/build/webpack/loaders/resolve-url-loader/index.js??ruleSet[1].rules[3].oneOf[10].use[3]!./node_modules/next/dist/compiled/sass-loader/cjs.js??ruleSet[1].rules[3].oneOf[10].use[4]!./styles/sass/style.scss
Warning

(1942:3) autoprefixer: end value has mixed support, consider using flex-end instead

./node_modules/next/dist/build/webpack/loaders/css-loader/src/index.js??ruleSet[1].rules[3].oneOf[10].use[1]!./node_modules/next/dist/build/webpack/loaders/postcss-loader/src/index.js??ruleSet[1].rules[3].oneOf[10].use[2]!./node_modules/next/dist/build/webpack/loaders/resolve-url-loader/index.js??ruleSet[1].rules[3].oneOf[10].use[3]!./node_modules/next/dist/compiled/sass-loader/cjs.js??ruleSet[1].rules[3].oneOf[10].use[4]!./styles/sass/style.scss
Warning

(3980:3) autoprefixer: Gradient has outdated direction syntax. New syntax is like `to left` instead of `right`.

./node_modules/next/dist/build/webpack/loaders/css-loader/src/index.js??ruleSet[1].rules[3].oneOf[10].use[1]!./node_modules/next/dist/build/webpack/loaders/postcss-loader/src/index.js??ruleSet[1].rules[3].oneOf[10].use[2]!./node_modules/next/dist/build/webpack/loaders/resolve-url-loader/index.js??ruleSet[1].rules[3].oneOf[10].use[3]!./node_modules/next/dist/compiled/sass-loader/cjs.js??ruleSet[1].rules[3].oneOf[10].use[4]!./styles/sass/style.scss
Warning

(11500:3) autoprefixer: end value has mixed support, consider using flex-end instead

./node_modules/next/dist/build/webpack/loaders/css-loader/src/index.js??ruleSet[1].rules[3].oneOf[10].use[1]!./node_modules/next/dist/build/webpack/loaders/postcss-loader/src/index.js??ruleSet[1].rules[3].oneOf[10].use[2]!./node_modules/next/dist/build/webpack/loaders/resolve-url-loader/index.js??ruleSet[1].rules[3].oneOf[10].use[3]!./node_modules/next/dist/compiled/sass-loader/cjs.js??ruleSet[1].rules[3].oneOf[10].use[4]!./styles/sass/style.scss
Warning

(13323:3) autoprefixer: end value has mixed support, consider using flex-end instead
wait  - compiling...
warn  - ./node_modules/next/dist/build/webpack/loaders/css-loader/src/index.js??ruleSet[1].rules[3].oneOf[10].use[1]!./node_modules/next/dist/build/webpack/loaders/postcss-loader/src/index.js??ruleSet[1].rules[3].oneOf[10].use[2]!./node_modules/next/dist/build/webpack/loaders/resolve-url-loader/index.js??ruleSet[1].rules[3].oneOf[10].use[3]!./node_modules/next/dist/compiled/sass-loader/cjs.js??ruleSet[1].rules[3].oneOf[10].use[4]!./styles/sass/style.scss
Warning

(601:3) autoprefixer: Gradient has outdated direction syntax. New syntax is like `to left` instead of `right`.

./node_modules/next/dist/build/webpack/loaders/css-loader/src/index.js??ruleSet[1].rules[3].oneOf[10].use[1]!./node_modules/next/dist/build/webpack/loaders/postcss-loader/src/index.js??ruleSet[1].rules[3].oneOf[10].use[2]!./node_modules/next/dist/build/webpack/loaders/resolve-url-loader/index.js??ruleSet[1].rules[3].oneOf[10].use[3]!./node_modules/next/dist/compiled/sass-loader/cjs.js??ruleSet[1].rules[3].oneOf[10].use[4]!./styles/sass/style.scss
Warning

(1742:3) autoprefixer: end value has mixed support, consider using flex-end instead

./node_modules/next/dist/build/webpack/loaders/css-loader/src/index.js??ruleSet[1].rules[3].oneOf[10].use[1]!./node_modules/next/dist/build/webpack/loaders/postcss-loader/src/index.js??ruleSet[1].rules[3].oneOf[10].use[2]!./node_modules/next/dist/build/webpack/loaders/resolve-url-loader/index.js??ruleSet[1].rules[3].oneOf[10].use[3]!./node_modules/next/dist/compiled/sass-loader/cjs.js??ruleSet[1].rules[3].oneOf[10].use[4]!./styles/sass/style.scss
Warning

(1942:3) autoprefixer: end value has mixed support, consider using flex-end instead

./node_modules/next/dist/build/webpack/loaders/css-loader/src/index.js??ruleSet[1].rules[3].oneOf[10].use[1]!./node_modules/next/dist/build/webpack/loaders/postcss-loader/src/index.js??ruleSet[1].rules[3].oneOf[10].use[2]!./node_modules/next/dist/build/webpack/loaders/resolve-url-loader/index.js??ruleSet[1].rules[3].oneOf[10].use[3]!./node_modules/next/dist/compiled/sass-loader/cjs.js??ruleSet[1].rules[3].oneOf[10].use[4]!./styles/sass/style.scss
Warning

(3980:3) autoprefixer: Gradient has outdated direction syntax. New syntax is like `to left` instead of `right`.

./node_modules/next/dist/build/webpack/loaders/css-loader/src/index.js??ruleSet[1].rules[3].oneOf[10].use[1]!./node_modules/next/dist/build/webpack/loaders/postcss-loader/src/index.js??ruleSet[1].rules[3].oneOf[10].use[2]!./node_modules/next/dist/build/webpack/loaders/resolve-url-loader/index.js??ruleSet[1].rules[3].oneOf[10].use[3]!./node_modules/next/dist/compiled/sass-loader/cjs.js??ruleSet[1].rules[3].oneOf[10].use[4]!./styles/sass/style.scss
Warning

(11500:3) autoprefixer: end value has mixed support, consider using flex-end instead

./node_modules/next/dist/build/webpack/loaders/css-loader/src/index.js??ruleSet[1].rules[3].oneOf[10].use[1]!./node_modules/next/dist/build/webpack/loaders/postcss-loader/src/index.js??ruleSet[1].rules[3].oneOf[10].use[2]!./node_modules/next/dist/build/webpack/loaders/resolve-url-loader/index.js??ruleSet[1].rules[3].oneOf[10].use[3]!./node_modules/next/dist/compiled/sass-loader/cjs.js??ruleSet[1].rules[3].oneOf[10].use[4]!./styles/sass/style.scss
Warning

(13323:3) autoprefixer: end value has mixed support, consider using flex-end instead
warn  - ./node_modules/next/dist/build/webpack/loaders/css-loader/src/index.js??ruleSet[1].rules[3].oneOf[10].use[1]!./node_modules/next/dist/build/webpack/loaders/postcss-loader/src/index.js??ruleSet[1].rules[3].oneOf[10].use[2]!./node_modules/next/dist/build/webpack/loaders/resolve-url-loader/index.js??ruleSet[1].rules[3].oneOf[10].use[3]!./node_modules/next/dist/compiled/sass-loader/cjs.js??ruleSet[1].rules[3].oneOf[10].use[4]!./styles/sass/style.scss
Warning

(601:3) autoprefixer: Gradient has outdated direction syntax. New syntax is like `to left` instead of `right`.

./node_modules/next/dist/build/webpack/loaders/css-loader/src/index.js??ruleSet[1].rules[3].oneOf[10].use[1]!./node_modules/next/dist/build/webpack/loaders/postcss-loader/src/index.js??ruleSet[1].rules[3].oneOf[10].use[2]!./node_modules/next/dist/build/webpack/loaders/resolve-url-loader/index.js??ruleSet[1].rules[3].oneOf[10].use[3]!./node_modules/next/dist/compiled/sass-loader/cjs.js??ruleSet[1].rules[3].oneOf[10].use[4]!./styles/sass/style.scss
Warning

(1742:3) autoprefixer: end value has mixed support, consider using flex-end instead

./node_modules/next/dist/build/webpack/loaders/css-loader/src/index.js??ruleSet[1].rules[3].oneOf[10].use[1]!./node_modules/next/dist/build/webpack/loaders/postcss-loader/src/index.js??ruleSet[1].rules[3].oneOf[10].use[2]!./node_modules/next/dist/build/webpack/loaders/resolve-url-loader/index.js??ruleSet[1].rules[3].oneOf[10].use[3]!./node_modules/next/dist/compiled/sass-loader/cjs.js??ruleSet[1].rules[3].oneOf[10].use[4]!./styles/sass/style.scss
Warning

(1942:3) autoprefixer: end value has mixed support, consider using flex-end instead

./node_modules/next/dist/build/webpack/loaders/css-loader/src/index.js??ruleSet[1].rules[3].oneOf[10].use[1]!./node_modules/next/dist/build/webpack/loaders/postcss-loader/src/index.js??ruleSet[1].rules[3].oneOf[10].use[2]!./node_modules/next/dist/build/webpack/loaders/resolve-url-loader/index.js??ruleSet[1].rules[3].oneOf[10].use[3]!./node_modules/next/dist/compiled/sass-loader/cjs.js??ruleSet[1].rules[3].oneOf[10].use[4]!./styles/sass/style.scss
Warning

(3980:3) autoprefixer: Gradient has outdated direction syntax. New syntax is like `to left` instead of `right`.

./node_modules/next/dist/build/webpack/loaders/css-loader/src/index.js??ruleSet[1].rules[3].oneOf[10].use[1]!./node_modules/next/dist/build/webpack/loaders/postcss-loader/src/index.js??ruleSet[1].rules[3].oneOf[10].use[2]!./node_modules/next/dist/build/webpack/loaders/resolve-url-loader/index.js??ruleSet[1].rules[3].oneOf[10].use[3]!./node_modules/next/dist/compiled/sass-loader/cjs.js??ruleSet[1].rules[3].oneOf[10].use[4]!./styles/sass/style.scss
Warning

(11500:3) autoprefixer: end value has mixed support, consider using flex-end instead

./node_modules/next/dist/build/webpack/loaders/css-loader/src/index.js??ruleSet[1].rules[3].oneOf[10].use[1]!./node_modules/next/dist/build/webpack/loaders/postcss-loader/src/index.js??ruleSet[1].rules[3].oneOf[10].use[2]!./node_modules/next/dist/build/webpack/loaders/resolve-url-loader/index.js??ruleSet[1].rules[3].oneOf[10].use[3]!./node_modules/next/dist/compiled/sass-loader/cjs.js??ruleSet[1].rules[3].oneOf[10].use[4]!./styles/sass/style.scss
Warning

(13323:3) autoprefixer: end value has mixed support, consider using flex-end instead
wait  - compiling /...
warn  - ./node_modules/next/dist/build/webpack/loaders/css-loader/src/index.js??ruleSet[1].rules[3].oneOf[10].use[1]!./node_modules/next/dist/build/webpack/loaders/postcss-loader/src/index.js??ruleSet[1].rules[3].oneOf[10].use[2]!./node_modules/next/dist/build/webpack/loaders/resolve-url-loader/index.js??ruleSet[1].rules[3].oneOf[10].use[3]!./node_modules/next/dist/compiled/sass-loader/cjs.js??ruleSet[1].rules[3].oneOf[10].use[4]!./styles/sass/style.scss
Warning

(601:3) autoprefixer: Gradient has outdated direction syntax. New syntax is like `to left` instead of `right`.

./node_modules/next/dist/build/webpack/loaders/css-loader/src/index.js??ruleSet[1].rules[3].oneOf[10].use[1]!./node_modules/next/dist/build/webpack/loaders/postcss-loader/src/index.js??ruleSet[1].rules[3].oneOf[10].use[2]!./node_modules/next/dist/build/webpack/loaders/resolve-url-loader/index.js??ruleSet[1].rules[3].oneOf[10].use[3]!./node_modules/next/dist/compiled/sass-loader/cjs.js??ruleSet[1].rules[3].oneOf[10].use[4]!./styles/sass/style.scss
Warning

(1742:3) autoprefixer: end value has mixed support, consider using flex-end instead

./node_modules/next/dist/build/webpack/loaders/css-loader/src/index.js??ruleSet[1].rules[3].oneOf[10].use[1]!./node_modules/next/dist/build/webpack/loaders/postcss-loader/src/index.js??ruleSet[1].rules[3].oneOf[10].use[2]!./node_modules/next/dist/build/webpack/loaders/resolve-url-loader/index.js??ruleSet[1].rules[3].oneOf[10].use[3]!./node_modules/next/dist/compiled/sass-loader/cjs.js??ruleSet[1].rules[3].oneOf[10].use[4]!./styles/sass/style.scss
Warning

(1942:3) autoprefixer: end value has mixed support, consider using flex-end instead

./node_modules/next/dist/build/webpack/loaders/css-loader/src/index.js??ruleSet[1].rules[3].oneOf[10].use[1]!./node_modules/next/dist/build/webpack/loaders/postcss-loader/src/index.js??ruleSet[1].rules[3].oneOf[10].use[2]!./node_modules/next/dist/build/webpack/loaders/resolve-url-loader/index.js??ruleSet[1].rules[3].oneOf[10].use[3]!./node_modules/next/dist/compiled/sass-loader/cjs.js??ruleSet[1].rules[3].oneOf[10].use[4]!./styles/sass/style.scss
Warning

(3980:3) autoprefixer: Gradient has outdated direction syntax. New syntax is like `to left` instead of `right`.

./node_modules/next/dist/build/webpack/loaders/css-loader/src/index.js??ruleSet[1].rules[3].oneOf[10].use[1]!./node_modules/next/dist/build/webpack/loaders/postcss-loader/src/index.js??ruleSet[1].rules[3].oneOf[10].use[2]!./node_modules/next/dist/build/webpack/loaders/resolve-url-loader/index.js??ruleSet[1].rules[3].oneOf[10].use[3]!./node_modules/next/dist/compiled/sass-loader/cjs.js??ruleSet[1].rules[3].oneOf[10].use[4]!./styles/sass/style.scss
Warning

(11500:3) autoprefixer: end value has mixed support, consider using flex-end instead

./node_modules/next/dist/build/webpack/loaders/css-loader/src/index.js??ruleSet[1].rules[3].oneOf[10].use[1]!./node_modules/next/dist/build/webpack/loaders/postcss-loader/src/index.js??ruleSet[1].rules[3].oneOf[10].use[2]!./node_modules/next/dist/build/webpack/loaders/resolve-url-loader/index.js??ruleSet[1].rules[3].oneOf[10].use[3]!./node_modules/next/dist/compiled/sass-loader/cjs.js??ruleSet[1].rules[3].oneOf[10].use[4]!./styles/sass/style.scss
Warning

(13323:3) autoprefixer: end value has mixed support, consider using flex-end instead
warn  - ./node_modules/next/dist/build/webpack/loaders/css-loader/src/index.js??ruleSet[1].rules[3].oneOf[10].use[1]!./node_modules/next/dist/build/webpack/loaders/postcss-loader/src/index.js??ruleSet[1].rules[3].oneOf[10].use[2]!./node_modules/next/dist/build/webpack/loaders/resolve-url-loader/index.js??ruleSet[1].rules[3].oneOf[10].use[3]!./node_modules/next/dist/compiled/sass-loader/cjs.js??ruleSet[1].rules[3].oneOf[10].use[4]!./styles/sass/style.scss
Warning

(601:3) autoprefixer: Gradient has outdated direction syntax. New syntax is like `to left` instead of `right`.

./node_modules/next/dist/build/webpack/loaders/css-loader/src/index.js??ruleSet[1].rules[3].oneOf[10].use[1]!./node_modules/next/dist/build/webpack/loaders/postcss-loader/src/index.js??ruleSet[1].rules[3].oneOf[10].use[2]!./node_modules/next/dist/build/webpack/loaders/resolve-url-loader/index.js??ruleSet[1].rules[3].oneOf[10].use[3]!./node_modules/next/dist/compiled/sass-loader/cjs.js??ruleSet[1].rules[3].oneOf[10].use[4]!./styles/sass/style.scss
Warning

(1742:3) autoprefixer: end value has mixed support, consider using flex-end instead

./node_modules/next/dist/build/webpack/loaders/css-loader/src/index.js??ruleSet[1].rules[3].oneOf[10].use[1]!./node_modules/next/dist/build/webpack/loaders/postcss-loader/src/index.js??ruleSet[1].rules[3].oneOf[10].use[2]!./node_modules/next/dist/build/webpack/loaders/resolve-url-loader/index.js??ruleSet[1].rules[3].oneOf[10].use[3]!./node_modules/next/dist/compiled/sass-loader/cjs.js??ruleSet[1].rules[3].oneOf[10].use[4]!./styles/sass/style.scss
Warning

(1942:3) autoprefixer: end value has mixed support, consider using flex-end instead

./node_modules/next/dist/build/webpack/loaders/css-loader/src/index.js??ruleSet[1].rules[3].oneOf[10].use[1]!./node_modules/next/dist/build/webpack/loaders/postcss-loader/src/index.js??ruleSet[1].rules[3].oneOf[10].use[2]!./node_modules/next/dist/build/webpack/loaders/resolve-url-loader/index.js??ruleSet[1].rules[3].oneOf[10].use[3]!./node_modules/next/dist/compiled/sass-loader/cjs.js??ruleSet[1].rules[3].oneOf[10].use[4]!./styles/sass/style.scss
Warning

(3980:3) autoprefixer: Gradient has outdated direction syntax. New syntax is like `to left` instead of `right`.

./node_modules/next/dist/build/webpack/loaders/css-loader/src/index.js??ruleSet[1].rules[3].oneOf[10].use[1]!./node_modules/next/dist/build/webpack/loaders/postcss-loader/src/index.js??ruleSet[1].rules[3].oneOf[10].use[2]!./node_modules/next/dist/build/webpack/loaders/resolve-url-loader/index.js??ruleSet[1].rules[3].oneOf[10].use[3]!./node_modules/next/dist/compiled/sass-loader/cjs.js??ruleSet[1].rules[3].oneOf[10].use[4]!./styles/sass/style.scss
Warning

(11500:3) autoprefixer: end value has mixed support, consider using flex-end instead

./node_modules/next/dist/build/webpack/loaders/css-loader/src/index.js??ruleSet[1].rules[3].oneOf[10].use[1]!./node_modules/next/dist/build/webpack/loaders/postcss-loader/src/index.js??ruleSet[1].rules[3].oneOf[10].use[2]!./node_modules/next/dist/build/webpack/loaders/resolve-url-loader/index.js??ruleSet[1].rules[3].oneOf[10].use[3]!./node_modules/next/dist/compiled/sass-loader/cjs.js??ruleSet[1].rules[3].oneOf[10].use[4]!./styles/sass/style.scss
Warning

(13323:3) autoprefixer: end value has mixed support, consider using flex-end instead
wait  - compiling /about...
warn  - ./node_modules/next/dist/build/webpack/loaders/css-loader/src/index.js??ruleSet[1].rules[3].oneOf[10].use[1]!./node_modules/next/dist/build/webpack/loaders/postcss-loader/src/index.js??ruleSet[1].rules[3].oneOf[10].use[2]!./node_modules/next/dist/build/webpack/loaders/resolve-url-loader/index.js??ruleSet[1].rules[3].oneOf[10].use[3]!./node_modules/next/dist/compiled/sass-loader/cjs.js??ruleSet[1].rules[3].oneOf[10].use[4]!./styles/sass/style.scss
Warning

(601:3) autoprefixer: Gradient has outdated direction syntax. New syntax is like `to left` instead of `right`.

./node_modules/next/dist/build/webpack/loaders/css-loader/src/index.js??ruleSet[1].rules[3].oneOf[10].use[1]!./node_modules/next/dist/build/webpack/loaders/postcss-loader/src/index.js??ruleSet[1].rules[3].oneOf[10].use[2]!./node_modules/next/dist/build/webpack/loaders/resolve-url-loader/index.js??ruleSet[1].rules[3].oneOf[10].use[3]!./node_modules/next/dist/compiled/sass-loader/cjs.js??ruleSet[1].rules[3].oneOf[10].use[4]!./styles/sass/style.scss
Warning

(1742:3) autoprefixer: end value has mixed support, consider using flex-end instead

./node_modules/next/dist/build/webpack/loaders/css-loader/src/index.js??ruleSet[1].rules[3].oneOf[10].use[1]!./node_modules/next/dist/build/webpack/loaders/postcss-loader/src/index.js??ruleSet[1].rules[3].oneOf[10].use[2]!./node_modules/next/dist/build/webpack/loaders/resolve-url-loader/index.js??ruleSet[1].rules[3].oneOf[10].use[3]!./node_modules/next/dist/compiled/sass-loader/cjs.js??ruleSet[1].rules[3].oneOf[10].use[4]!./styles/sass/style.scss
Warning

(1942:3) autoprefixer: end value has mixed support, consider using flex-end instead

./node_modules/next/dist/build/webpack/loaders/css-loader/src/index.js??ruleSet[1].rules[3].oneOf[10].use[1]!./node_modules/next/dist/build/webpack/loaders/postcss-loader/src/index.js??ruleSet[1].rules[3].oneOf[10].use[2]!./node_modules/next/dist/build/webpack/loaders/resolve-url-loader/index.js??ruleSet[1].rules[3].oneOf[10].use[3]!./node_modules/next/dist/compiled/sass-loader/cjs.js??ruleSet[1].rules[3].oneOf[10].use[4]!./styles/sass/style.scss
Warning

(3980:3) autoprefixer: Gradient has outdated direction syntax. New syntax is like `to left` instead of `right`.

./node_modules/next/dist/build/webpack/loaders/css-loader/src/index.js??ruleSet[1].rules[3].oneOf[10].use[1]!./node_modules/next/dist/build/webpack/loaders/postcss-loader/src/index.js??ruleSet[1].rules[3].oneOf[10].use[2]!./node_modules/next/dist/build/webpack/loaders/resolve-url-loader/index.js??ruleSet[1].rules[3].oneOf[10].use[3]!./node_modules/next/dist/compiled/sass-loader/cjs.js??ruleSet[1].rules[3].oneOf[10].use[4]!./styles/sass/style.scss
Warning

(11500:3) autoprefixer: end value has mixed support, consider using flex-end instead

./node_modules/next/dist/build/webpack/loaders/css-loader/src/index.js??ruleSet[1].rules[3].oneOf[10].use[1]!./node_modules/next/dist/build/webpack/loaders/postcss-loader/src/index.js??ruleSet[1].rules[3].oneOf[10].use[2]!./node_modules/next/dist/build/webpack/loaders/resolve-url-loader/index.js??ruleSet[1].rules[3].oneOf[10].use[3]!./node_modules/next/dist/compiled/sass-loader/cjs.js??ruleSet[1].rules[3].oneOf[10].use[4]!./styles/sass/style.scss
Warning

(13323:3) autoprefixer: end value has mixed support, consider using flex-end instead
wait  - compiling...
warn  - ./node_modules/next/dist/build/webpack/loaders/css-loader/src/index.js??ruleSet[1].rules[3].oneOf[10].use[1]!./node_modules/next/dist/build/webpack/loaders/postcss-loader/src/index.js??ruleSet[1].rules[3].oneOf[10].use[2]!./node_modules/next/dist/build/webpack/loaders/resolve-url-loader/index.js??ruleSet[1].rules[3].oneOf[10].use[3]!./node_modules/next/dist/compiled/sass-loader/cjs.js??ruleSet[1].rules[3].oneOf[10].use[4]!./styles/sass/style.scss
Warning

(601:3) autoprefixer: Gradient has outdated direction syntax. New syntax is like `to left` instead of `right`.

./node_modules/next/dist/build/webpack/loaders/css-loader/src/index.js??ruleSet[1].rules[3].oneOf[10].use[1]!./node_modules/next/dist/build/webpack/loaders/postcss-loader/src/index.js??ruleSet[1].rules[3].oneOf[10].use[2]!./node_modules/next/dist/build/webpack/loaders/resolve-url-loader/index.js??ruleSet[1].rules[3].oneOf[10].use[3]!./node_modules/next/dist/compiled/sass-loader/cjs.js??ruleSet[1].rules[3].oneOf[10].use[4]!./styles/sass/style.scss
Warning

(1742:3) autoprefixer: end value has mixed support, consider using flex-end instead

./node_modules/next/dist/build/webpack/loaders/css-loader/src/index.js??ruleSet[1].rules[3].oneOf[10].use[1]!./node_modules/next/dist/build/webpack/loaders/postcss-loader/src/index.js??ruleSet[1].rules[3].oneOf[10].use[2]!./node_modules/next/dist/build/webpack/loaders/resolve-url-loader/index.js??ruleSet[1].rules[3].oneOf[10].use[3]!./node_modules/next/dist/compiled/sass-loader/cjs.js??ruleSet[1].rules[3].oneOf[10].use[4]!./styles/sass/style.scss
Warning

(1942:3) autoprefixer: end value has mixed support, consider using flex-end instead

./node_modules/next/dist/build/webpack/loaders/css-loader/src/index.js??ruleSet[1].rules[3].oneOf[10].use[1]!./node_modules/next/dist/build/webpack/loaders/postcss-loader/src/index.js??ruleSet[1].rules[3].oneOf[10].use[2]!./node_modules/next/dist/build/webpack/loaders/resolve-url-loader/index.js??ruleSet[1].rules[3].oneOf[10].use[3]!./node_modules/next/dist/compiled/sass-loader/cjs.js??ruleSet[1].rules[3].oneOf[10].use[4]!./styles/sass/style.scss
Warning

(3980:3) autoprefixer: Gradient has outdated direction syntax. New syntax is like `to left` instead of `right`.

./node_modules/next/dist/build/webpack/loaders/css-loader/src/index.js??ruleSet[1].rules[3].oneOf[10].use[1]!./node_modules/next/dist/build/webpack/loaders/postcss-loader/src/index.js??ruleSet[1].rules[3].oneOf[10].use[2]!./node_modules/next/dist/build/webpack/loaders/resolve-url-loader/index.js??ruleSet[1].rules[3].oneOf[10].use[3]!./node_modules/next/dist/compiled/sass-loader/cjs.js??ruleSet[1].rules[3].oneOf[10].use[4]!./styles/sass/style.scss
Warning

(11500:3) autoprefixer: end value has mixed support, consider using flex-end instead

./node_modules/next/dist/build/webpack/loaders/css-loader/src/index.js??ruleSet[1].rules[3].oneOf[10].use[1]!./node_modules/next/dist/build/webpack/loaders/postcss-loader/src/index.js??ruleSet[1].rules[3].oneOf[10].use[2]!./node_modules/next/dist/build/webpack/loaders/resolve-url-loader/index.js??ruleSet[1].rules[3].oneOf[10].use[3]!./node_modules/next/dist/compiled/sass-loader/cjs.js??ruleSet[1].rules[3].oneOf[10].use[4]!./styles/sass/style.scss
Warning

(13323:3) autoprefixer: end value has mixed support, consider using flex-end instead
wait  - compiling...
warn  - ./node_modules/next/dist/build/webpack/loaders/css-loader/src/index.js??ruleSet[1].rules[3].oneOf[10].use[1]!./node_modules/next/dist/build/webpack/loaders/postcss-loader/src/index.js??ruleSet[1].rules[3].oneOf[10].use[2]!./node_modules/next/dist/build/webpack/loaders/resolve-url-loader/index.js??ruleSet[1].rules[3].oneOf[10].use[3]!./node_modules/next/dist/compiled/sass-loader/cjs.js??ruleSet[1].rules[3].oneOf[10].use[4]!./styles/sass/style.scss
Warning

(601:3) autoprefixer: Gradient has outdated direction syntax. New syntax is like `to left` instead of `right`.

./node_modules/next/dist/build/webpack/loaders/css-loader/src/index.js??ruleSet[1].rules[3].oneOf[10].use[1]!./node_modules/next/dist/build/webpack/loaders/postcss-loader/src/index.js??ruleSet[1].rules[3].oneOf[10].use[2]!./node_modules/next/dist/build/webpack/loaders/resolve-url-loader/index.js??ruleSet[1].rules[3].oneOf[10].use[3]!./node_modules/next/dist/compiled/sass-loader/cjs.js??ruleSet[1].rules[3].oneOf[10].use[4]!./styles/sass/style.scss
Warning

(1742:3) autoprefixer: end value has mixed support, consider using flex-end instead

./node_modules/next/dist/build/webpack/loaders/css-loader/src/index.js??ruleSet[1].rules[3].oneOf[10].use[1]!./node_modules/next/dist/build/webpack/loaders/postcss-loader/src/index.js??ruleSet[1].rules[3].oneOf[10].use[2]!./node_modules/next/dist/build/webpack/loaders/resolve-url-loader/index.js??ruleSet[1].rules[3].oneOf[10].use[3]!./node_modules/next/dist/compiled/sass-loader/cjs.js??ruleSet[1].rules[3].oneOf[10].use[4]!./styles/sass/style.scss
Warning

(1942:3) autoprefixer: end value has mixed support, consider using flex-end instead

./node_modules/next/dist/build/webpack/loaders/css-loader/src/index.js??ruleSet[1].rules[3].oneOf[10].use[1]!./node_modules/next/dist/build/webpack/loaders/postcss-loader/src/index.js??ruleSet[1].rules[3].oneOf[10].use[2]!./node_modules/next/dist/build/webpack/loaders/resolve-url-loader/index.js??ruleSet[1].rules[3].oneOf[10].use[3]!./node_modules/next/dist/compiled/sass-loader/cjs.js??ruleSet[1].rules[3].oneOf[10].use[4]!./styles/sass/style.scss
Warning

(3980:3) autoprefixer: Gradient has outdated direction syntax. New syntax is like `to left` instead of `right`.

./node_modules/next/dist/build/webpack/loaders/css-loader/src/index.js??ruleSet[1].rules[3].oneOf[10].use[1]!./node_modules/next/dist/build/webpack/loaders/postcss-loader/src/index.js??ruleSet[1].rules[3].oneOf[10].use[2]!./node_modules/next/dist/build/webpack/loaders/resolve-url-loader/index.js??ruleSet[1].rules[3].oneOf[10].use[3]!./node_modules/next/dist/compiled/sass-loader/cjs.js??ruleSet[1].rules[3].oneOf[10].use[4]!./styles/sass/style.scss
Warning

(11534:3) autoprefixer: end value has mixed support, consider using flex-end instead

./node_modules/next/dist/build/webpack/loaders/css-loader/src/index.js??ruleSet[1].rules[3].oneOf[10].use[1]!./node_modules/next/dist/build/webpack/loaders/postcss-loader/src/index.js??ruleSet[1].rules[3].oneOf[10].use[2]!./node_modules/next/dist/build/webpack/loaders/resolve-url-loader/index.js??ruleSet[1].rules[3].oneOf[10].use[3]!./node_modules/next/dist/compiled/sass-loader/cjs.js??ruleSet[1].rules[3].oneOf[10].use[4]!./styles/sass/style.scss
Warning

(13357:3) autoprefixer: end value has mixed support, consider using flex-end instead
<w> [webpack.cache.PackFileCacheStrategy] Skipped not serializable cache item 'Compilation/modules|/Users/aashishkumar/Documents/Development/innovatix/wecare/node_modules/next/dist/build/webpack/loaders/css-loader/src/index.js??ruleSet[1].rules[3].oneOf[10].use[1]!/Users/aashishkumar/Documents/Development/innovatix/wecare/node_modules/next/dist/build/webpack/loaders/postcss-loader/src/index.js??ruleSet[1].rules[3].oneOf[10].use[2]!/Users/aashishkumar/Documents/Development/innovatix/wecare/node_modules/next/dist/build/webpack/loaders/resolve-url-loader/index.js??ruleSet[1].rules[3].oneOf[10].use[3]!/Users/aashishkumar/Documents/Development/innovatix/wecare/node_modules/next/dist/compiled/sass-loader/cjs.js??ruleSet[1].rules[3].oneOf[10].use[4]!/Users/aashishkumar/Documents/Development/innovatix/wecare/styles/sass/style.scss': No serializer registered for Warning
<w> while serializing webpack/lib/cache/PackFileCacheStrategy.PackContentItems -> webpack/lib/NormalModule -> Array { 6 items } -> webpack/lib/ModuleWarning -> Warning
warn  - ./node_modules/next/dist/build/webpack/loaders/css-loader/src/index.js??ruleSet[1].rules[3].oneOf[10].use[1]!./node_modules/next/dist/build/webpack/loaders/postcss-loader/src/index.js??ruleSet[1].rules[3].oneOf[10].use[2]!./node_modules/next/dist/build/webpack/loaders/resolve-url-loader/index.js??ruleSet[1].rules[3].oneOf[10].use[3]!./node_modules/next/dist/compiled/sass-loader/cjs.js??ruleSet[1].rules[3].oneOf[10].use[4]!./styles/sass/style.scss
Warning

(601:3) autoprefixer: Gradient has outdated direction syntax. New syntax is like `to left` instead of `right`.

./node_modules/next/dist/build/webpack/loaders/css-loader/src/index.js??ruleSet[1].rules[3].oneOf[10].use[1]!./node_modules/next/dist/build/webpack/loaders/postcss-loader/src/index.js??ruleSet[1].rules[3].oneOf[10].use[2]!./node_modules/next/dist/build/webpack/loaders/resolve-url-loader/index.js??ruleSet[1].rules[3].oneOf[10].use[3]!./node_modules/next/dist/compiled/sass-loader/cjs.js??ruleSet[1].rules[3].oneOf[10].use[4]!./styles/sass/style.scss
Warning

(1742:3) autoprefixer: end value has mixed support, consider using flex-end instead

./node_modules/next/dist/build/webpack/loaders/css-loader/src/index.js??ruleSet[1].rules[3].oneOf[10].use[1]!./node_modules/next/dist/build/webpack/loaders/postcss-loader/src/index.js??ruleSet[1].rules[3].oneOf[10].use[2]!./node_modules/next/dist/build/webpack/loaders/resolve-url-loader/index.js??ruleSet[1].rules[3].oneOf[10].use[3]!./node_modules/next/dist/compiled/sass-loader/cjs.js??ruleSet[1].rules[3].oneOf[10].use[4]!./styles/sass/style.scss
Warning

(1942:3) autoprefixer: end value has mixed support, consider using flex-end instead

./node_modules/next/dist/build/webpack/loaders/css-loader/src/index.js??ruleSet[1].rules[3].oneOf[10].use[1]!./node_modules/next/dist/build/webpack/loaders/postcss-loader/src/index.js??ruleSet[1].rules[3].oneOf[10].use[2]!./node_modules/next/dist/build/webpack/loaders/resolve-url-loader/index.js??ruleSet[1].rules[3].oneOf[10].use[3]!./node_modules/next/dist/compiled/sass-loader/cjs.js??ruleSet[1].rules[3].oneOf[10].use[4]!./styles/sass/style.scss
Warning

(3980:3) autoprefixer: Gradient has outdated direction syntax. New syntax is like `to left` instead of `right`.

./node_modules/next/dist/build/webpack/loaders/css-loader/src/index.js??ruleSet[1].rules[3].oneOf[10].use[1]!./node_modules/next/dist/build/webpack/loaders/postcss-loader/src/index.js??ruleSet[1].rules[3].oneOf[10].use[2]!./node_modules/next/dist/build/webpack/loaders/resolve-url-loader/index.js??ruleSet[1].rules[3].oneOf[10].use[3]!./node_modules/next/dist/compiled/sass-loader/cjs.js??ruleSet[1].rules[3].oneOf[10].use[4]!./styles/sass/style.scss
Warning

(11534:3) autoprefixer: end value has mixed support, consider using flex-end instead

./node_modules/next/dist/build/webpack/loaders/css-loader/src/index.js??ruleSet[1].rules[3].oneOf[10].use[1]!./node_modules/next/dist/build/webpack/loaders/postcss-loader/src/index.js??ruleSet[1].rules[3].oneOf[10].use[2]!./node_modules/next/dist/build/webpack/loaders/resolve-url-loader/index.js??ruleSet[1].rules[3].oneOf[10].use[3]!./node_modules/next/dist/compiled/sass-loader/cjs.js??ruleSet[1].rules[3].oneOf[10].use[4]!./styles/sass/style.scss
Warning

(13357:3) autoprefixer: end value has mixed support, consider using flex-end instead
wait  - compiling /team...
warn  - ./node_modules/next/dist/build/webpack/loaders/css-loader/src/index.js??ruleSet[1].rules[3].oneOf[10].use[1]!./node_modules/next/dist/build/webpack/loaders/postcss-loader/src/index.js??ruleSet[1].rules[3].oneOf[10].use[2]!./node_modules/next/dist/build/webpack/loaders/resolve-url-loader/index.js??ruleSet[1].rules[3].oneOf[10].use[3]!./node_modules/next/dist/compiled/sass-loader/cjs.js??ruleSet[1].rules[3].oneOf[10].use[4]!./styles/sass/style.scss
Warning

(601:3) autoprefixer: Gradient has outdated direction syntax. New syntax is like `to left` instead of `right`.

./node_modules/next/dist/build/webpack/loaders/css-loader/src/index.js??ruleSet[1].rules[3].oneOf[10].use[1]!./node_modules/next/dist/build/webpack/loaders/postcss-loader/src/index.js??ruleSet[1].rules[3].oneOf[10].use[2]!./node_modules/next/dist/build/webpack/loaders/resolve-url-loader/index.js??ruleSet[1].rules[3].oneOf[10].use[3]!./node_modules/next/dist/compiled/sass-loader/cjs.js??ruleSet[1].rules[3].oneOf[10].use[4]!./styles/sass/style.scss
Warning

(1742:3) autoprefixer: end value has mixed support, consider using flex-end instead

./node_modules/next/dist/build/webpack/loaders/css-loader/src/index.js??ruleSet[1].rules[3].oneOf[10].use[1]!./node_modules/next/dist/build/webpack/loaders/postcss-loader/src/index.js??ruleSet[1].rules[3].oneOf[10].use[2]!./node_modules/next/dist/build/webpack/loaders/resolve-url-loader/index.js??ruleSet[1].rules[3].oneOf[10].use[3]!./node_modules/next/dist/compiled/sass-loader/cjs.js??ruleSet[1].rules[3].oneOf[10].use[4]!./styles/sass/style.scss
Warning

(1942:3) autoprefixer: end value has mixed support, consider using flex-end instead

./node_modules/next/dist/build/webpack/loaders/css-loader/src/index.js??ruleSet[1].rules[3].oneOf[10].use[1]!./node_modules/next/dist/build/webpack/loaders/postcss-loader/src/index.js??ruleSet[1].rules[3].oneOf[10].use[2]!./node_modules/next/dist/build/webpack/loaders/resolve-url-loader/index.js??ruleSet[1].rules[3].oneOf[10].use[3]!./node_modules/next/dist/compiled/sass-loader/cjs.js??ruleSet[1].rules[3].oneOf[10].use[4]!./styles/sass/style.scss
Warning

(3980:3) autoprefixer: Gradient has outdated direction syntax. New syntax is like `to left` instead of `right`.

./node_modules/next/dist/build/webpack/loaders/css-loader/src/index.js??ruleSet[1].rules[3].oneOf[10].use[1]!./node_modules/next/dist/build/webpack/loaders/postcss-loader/src/index.js??ruleSet[1].rules[3].oneOf[10].use[2]!./node_modules/next/dist/build/webpack/loaders/resolve-url-loader/index.js??ruleSet[1].rules[3].oneOf[10].use[3]!./node_modules/next/dist/compiled/sass-loader/cjs.js??ruleSet[1].rules[3].oneOf[10].use[4]!./styles/sass/style.scss
Warning

(11534:3) autoprefixer: end value has mixed support, consider using flex-end instead

./node_modules/next/dist/build/webpack/loaders/css-loader/src/index.js??ruleSet[1].rules[3].oneOf[10].use[1]!./node_modules/next/dist/build/webpack/loaders/postcss-loader/src/index.js??ruleSet[1].rules[3].oneOf[10].use[2]!./node_modules/next/dist/build/webpack/loaders/resolve-url-loader/index.js??ruleSet[1].rules[3].oneOf[10].use[3]!./node_modules/next/dist/compiled/sass-loader/cjs.js??ruleSet[1].rules[3].oneOf[10].use[4]!./styles/sass/style.scss
Warning

(13357:3) autoprefixer: end value has mixed support, consider using flex-end instead
warn  - ./node_modules/next/dist/build/webpack/loaders/css-loader/src/index.js??ruleSet[1].rules[3].oneOf[10].use[1]!./node_modules/next/dist/build/webpack/loaders/postcss-loader/src/index.js??ruleSet[1].rules[3].oneOf[10].use[2]!./node_modules/next/dist/build/webpack/loaders/resolve-url-loader/index.js??ruleSet[1].rules[3].oneOf[10].use[3]!./node_modules/next/dist/compiled/sass-loader/cjs.js??ruleSet[1].rules[3].oneOf[10].use[4]!./styles/sass/style.scss
Warning

(601:3) autoprefixer: Gradient has outdated direction syntax. New syntax is like `to left` instead of `right`.

./node_modules/next/dist/build/webpack/loaders/css-loader/src/index.js??ruleSet[1].rules[3].oneOf[10].use[1]!./node_modules/next/dist/build/webpack/loaders/postcss-loader/src/index.js??ruleSet[1].rules[3].oneOf[10].use[2]!./node_modules/next/dist/build/webpack/loaders/resolve-url-loader/index.js??ruleSet[1].rules[3].oneOf[10].use[3]!./node_modules/next/dist/compiled/sass-loader/cjs.js??ruleSet[1].rules[3].oneOf[10].use[4]!./styles/sass/style.scss
Warning

(1742:3) autoprefixer: end value has mixed support, consider using flex-end instead

./node_modules/next/dist/build/webpack/loaders/css-loader/src/index.js??ruleSet[1].rules[3].oneOf[10].use[1]!./node_modules/next/dist/build/webpack/loaders/postcss-loader/src/index.js??ruleSet[1].rules[3].oneOf[10].use[2]!./node_modules/next/dist/build/webpack/loaders/resolve-url-loader/index.js??ruleSet[1].rules[3].oneOf[10].use[3]!./node_modules/next/dist/compiled/sass-loader/cjs.js??ruleSet[1].rules[3].oneOf[10].use[4]!./styles/sass/style.scss
Warning

(1942:3) autoprefixer: end value has mixed support, consider using flex-end instead

./node_modules/next/dist/build/webpack/loaders/css-loader/src/index.js??ruleSet[1].rules[3].oneOf[10].use[1]!./node_modules/next/dist/build/webpack/loaders/postcss-loader/src/index.js??ruleSet[1].rules[3].oneOf[10].use[2]!./node_modules/next/dist/build/webpack/loaders/resolve-url-loader/index.js??ruleSet[1].rules[3].oneOf[10].use[3]!./node_modules/next/dist/compiled/sass-loader/cjs.js??ruleSet[1].rules[3].oneOf[10].use[4]!./styles/sass/style.scss
Warning

(3980:3) autoprefixer: Gradient has outdated direction syntax. New syntax is like `to left` instead of `right`.

./node_modules/next/dist/build/webpack/loaders/css-loader/src/index.js??ruleSet[1].rules[3].oneOf[10].use[1]!./node_modules/next/dist/build/webpack/loaders/postcss-loader/src/index.js??ruleSet[1].rules[3].oneOf[10].use[2]!./node_modules/next/dist/build/webpack/loaders/resolve-url-loader/index.js??ruleSet[1].rules[3].oneOf[10].use[3]!./node_modules/next/dist/compiled/sass-loader/cjs.js??ruleSet[1].rules[3].oneOf[10].use[4]!./styles/sass/style.scss
Warning

(11534:3) autoprefixer: end value has mixed support, consider using flex-end instead

./node_modules/next/dist/build/webpack/loaders/css-loader/src/index.js??ruleSet[1].rules[3].oneOf[10].use[1]!./node_modules/next/dist/build/webpack/loaders/postcss-loader/src/index.js??ruleSet[1].rules[3].oneOf[10].use[2]!./node_modules/next/dist/build/webpack/loaders/resolve-url-loader/index.js??ruleSet[1].rules[3].oneOf[10].use[3]!./node_modules/next/dist/compiled/sass-loader/cjs.js??ruleSet[1].rules[3].oneOf[10].use[4]!./styles/sass/style.scss
Warning

(13357:3) autoprefixer: end value has mixed support, consider using flex-end instead
wait  - compiling /service...
warn  - ./node_modules/next/dist/build/webpack/loaders/css-loader/src/index.js??ruleSet[1].rules[3].oneOf[10].use[1]!./node_modules/next/dist/build/webpack/loaders/postcss-loader/src/index.js??ruleSet[1].rules[3].oneOf[10].use[2]!./node_modules/next/dist/build/webpack/loaders/resolve-url-loader/index.js??ruleSet[1].rules[3].oneOf[10].use[3]!./node_modules/next/dist/compiled/sass-loader/cjs.js??ruleSet[1].rules[3].oneOf[10].use[4]!./styles/sass/style.scss
Warning

(601:3) autoprefixer: Gradient has outdated direction syntax. New syntax is like `to left` instead of `right`.

./node_modules/next/dist/build/webpack/loaders/css-loader/src/index.js??ruleSet[1].rules[3].oneOf[10].use[1]!./node_modules/next/dist/build/webpack/loaders/postcss-loader/src/index.js??ruleSet[1].rules[3].oneOf[10].use[2]!./node_modules/next/dist/build/webpack/loaders/resolve-url-loader/index.js??ruleSet[1].rules[3].oneOf[10].use[3]!./node_modules/next/dist/compiled/sass-loader/cjs.js??ruleSet[1].rules[3].oneOf[10].use[4]!./styles/sass/style.scss
Warning

(1742:3) autoprefixer: end value has mixed support, consider using flex-end instead

./node_modules/next/dist/build/webpack/loaders/css-loader/src/index.js??ruleSet[1].rules[3].oneOf[10].use[1]!./node_modules/next/dist/build/webpack/loaders/postcss-loader/src/index.js??ruleSet[1].rules[3].oneOf[10].use[2]!./node_modules/next/dist/build/webpack/loaders/resolve-url-loader/index.js??ruleSet[1].rules[3].oneOf[10].use[3]!./node_modules/next/dist/compiled/sass-loader/cjs.js??ruleSet[1].rules[3].oneOf[10].use[4]!./styles/sass/style.scss
Warning

(1942:3) autoprefixer: end value has mixed support, consider using flex-end instead

./node_modules/next/dist/build/webpack/loaders/css-loader/src/index.js??ruleSet[1].rules[3].oneOf[10].use[1]!./node_modules/next/dist/build/webpack/loaders/postcss-loader/src/index.js??ruleSet[1].rules[3].oneOf[10].use[2]!./node_modules/next/dist/build/webpack/loaders/resolve-url-loader/index.js??ruleSet[1].rules[3].oneOf[10].use[3]!./node_modules/next/dist/compiled/sass-loader/cjs.js??ruleSet[1].rules[3].oneOf[10].use[4]!./styles/sass/style.scss
Warning

(3980:3) autoprefixer: Gradient has outdated direction syntax. New syntax is like `to left` instead of `right`.

./node_modules/next/dist/build/webpack/loaders/css-loader/src/index.js??ruleSet[1].rules[3].oneOf[10].use[1]!./node_modules/next/dist/build/webpack/loaders/postcss-loader/src/index.js??ruleSet[1].rules[3].oneOf[10].use[2]!./node_modules/next/dist/build/webpack/loaders/resolve-url-loader/index.js??ruleSet[1].rules[3].oneOf[10].use[3]!./node_modules/next/dist/compiled/sass-loader/cjs.js??ruleSet[1].rules[3].oneOf[10].use[4]!./styles/sass/style.scss
Warning

(11534:3) autoprefixer: end value has mixed support, consider using flex-end instead

./node_modules/next/dist/build/webpack/loaders/css-loader/src/index.js??ruleSet[1].rules[3].oneOf[10].use[1]!./node_modules/next/dist/build/webpack/loaders/postcss-loader/src/index.js??ruleSet[1].rules[3].oneOf[10].use[2]!./node_modules/next/dist/build/webpack/loaders/resolve-url-loader/index.js??ruleSet[1].rules[3].oneOf[10].use[3]!./node_modules/next/dist/compiled/sass-loader/cjs.js??ruleSet[1].rules[3].oneOf[10].use[4]!./styles/sass/style.scss
Warning

(13357:3) autoprefixer: end value has mixed support, consider using flex-end instead
warn  - ./node_modules/next/dist/build/webpack/loaders/css-loader/src/index.js??ruleSet[1].rules[3].oneOf[10].use[1]!./node_modules/next/dist/build/webpack/loaders/postcss-loader/src/index.js??ruleSet[1].rules[3].oneOf[10].use[2]!./node_modules/next/dist/build/webpack/loaders/resolve-url-loader/index.js??ruleSet[1].rules[3].oneOf[10].use[3]!./node_modules/next/dist/compiled/sass-loader/cjs.js??ruleSet[1].rules[3].oneOf[10].use[4]!./styles/sass/style.scss
Warning

(601:3) autoprefixer: Gradient has outdated direction syntax. New syntax is like `to left` instead of `right`.

./node_modules/next/dist/build/webpack/loaders/css-loader/src/index.js??ruleSet[1].rules[3].oneOf[10].use[1]!./node_modules/next/dist/build/webpack/loaders/postcss-loader/src/index.js??ruleSet[1].rules[3].oneOf[10].use[2]!./node_modules/next/dist/build/webpack/loaders/resolve-url-loader/index.js??ruleSet[1].rules[3].oneOf[10].use[3]!./node_modules/next/dist/compiled/sass-loader/cjs.js??ruleSet[1].rules[3].oneOf[10].use[4]!./styles/sass/style.scss
Warning

(1742:3) autoprefixer: end value has mixed support, consider using flex-end instead

./node_modules/next/dist/build/webpack/loaders/css-loader/src/index.js??ruleSet[1].rules[3].oneOf[10].use[1]!./node_modules/next/dist/build/webpack/loaders/postcss-loader/src/index.js??ruleSet[1].rules[3].oneOf[10].use[2]!./node_modules/next/dist/build/webpack/loaders/resolve-url-loader/index.js??ruleSet[1].rules[3].oneOf[10].use[3]!./node_modules/next/dist/compiled/sass-loader/cjs.js??ruleSet[1].rules[3].oneOf[10].use[4]!./styles/sass/style.scss
Warning

(1942:3) autoprefixer: end value has mixed support, consider using flex-end instead

./node_modules/next/dist/build/webpack/loaders/css-loader/src/index.js??ruleSet[1].rules[3].oneOf[10].use[1]!./node_modules/next/dist/build/webpack/loaders/postcss-loader/src/index.js??ruleSet[1].rules[3].oneOf[10].use[2]!./node_modules/next/dist/build/webpack/loaders/resolve-url-loader/index.js??ruleSet[1].rules[3].oneOf[10].use[3]!./node_modules/next/dist/compiled/sass-loader/cjs.js??ruleSet[1].rules[3].oneOf[10].use[4]!./styles/sass/style.scss
Warning

(3980:3) autoprefixer: Gradient has outdated direction syntax. New syntax is like `to left` instead of `right`.

./node_modules/next/dist/build/webpack/loaders/css-loader/src/index.js??ruleSet[1].rules[3].oneOf[10].use[1]!./node_modules/next/dist/build/webpack/loaders/postcss-loader/src/index.js??ruleSet[1].rules[3].oneOf[10].use[2]!./node_modules/next/dist/build/webpack/loaders/resolve-url-loader/index.js??ruleSet[1].rules[3].oneOf[10].use[3]!./node_modules/next/dist/compiled/sass-loader/cjs.js??ruleSet[1].rules[3].oneOf[10].use[4]!./styles/sass/style.scss
Warning

(11534:3) autoprefixer: end value has mixed support, consider using flex-end instead

./node_modules/next/dist/build/webpack/loaders/css-loader/src/index.js??ruleSet[1].rules[3].oneOf[10].use[1]!./node_modules/next/dist/build/webpack/loaders/postcss-loader/src/index.js??ruleSet[1].rules[3].oneOf[10].use[2]!./node_modules/next/dist/build/webpack/loaders/resolve-url-loader/index.js??ruleSet[1].rules[3].oneOf[10].use[3]!./node_modules/next/dist/compiled/sass-loader/cjs.js??ruleSet[1].rules[3].oneOf[10].use[4]!./styles/sass/style.scss
Warning

(13357:3) autoprefixer: end value has mixed support, consider using flex-end instead
wait  - compiling /service/[slug]...
warn  - ./node_modules/next/dist/build/webpack/loaders/css-loader/src/index.js??ruleSet[1].rules[3].oneOf[10].use[1]!./node_modules/next/dist/build/webpack/loaders/postcss-loader/src/index.js??ruleSet[1].rules[3].oneOf[10].use[2]!./node_modules/next/dist/build/webpack/loaders/resolve-url-loader/index.js??ruleSet[1].rules[3].oneOf[10].use[3]!./node_modules/next/dist/compiled/sass-loader/cjs.js??ruleSet[1].rules[3].oneOf[10].use[4]!./styles/sass/style.scss
Warning

(601:3) autoprefixer: Gradient has outdated direction syntax. New syntax is like `to left` instead of `right`.

./node_modules/next/dist/build/webpack/loaders/css-loader/src/index.js??ruleSet[1].rules[3].oneOf[10].use[1]!./node_modules/next/dist/build/webpack/loaders/postcss-loader/src/index.js??ruleSet[1].rules[3].oneOf[10].use[2]!./node_modules/next/dist/build/webpack/loaders/resolve-url-loader/index.js??ruleSet[1].rules[3].oneOf[10].use[3]!./node_modules/next/dist/compiled/sass-loader/cjs.js??ruleSet[1].rules[3].oneOf[10].use[4]!./styles/sass/style.scss
Warning

(1742:3) autoprefixer: end value has mixed support, consider using flex-end instead

./node_modules/next/dist/build/webpack/loaders/css-loader/src/index.js??ruleSet[1].rules[3].oneOf[10].use[1]!./node_modules/next/dist/build/webpack/loaders/postcss-loader/src/index.js??ruleSet[1].rules[3].oneOf[10].use[2]!./node_modules/next/dist/build/webpack/loaders/resolve-url-loader/index.js??ruleSet[1].rules[3].oneOf[10].use[3]!./node_modules/next/dist/compiled/sass-loader/cjs.js??ruleSet[1].rules[3].oneOf[10].use[4]!./styles/sass/style.scss
Warning

(1942:3) autoprefixer: end value has mixed support, consider using flex-end instead

./node_modules/next/dist/build/webpack/loaders/css-loader/src/index.js??ruleSet[1].rules[3].oneOf[10].use[1]!./node_modules/next/dist/build/webpack/loaders/postcss-loader/src/index.js??ruleSet[1].rules[3].oneOf[10].use[2]!./node_modules/next/dist/build/webpack/loaders/resolve-url-loader/index.js??ruleSet[1].rules[3].oneOf[10].use[3]!./node_modules/next/dist/compiled/sass-loader/cjs.js??ruleSet[1].rules[3].oneOf[10].use[4]!./styles/sass/style.scss
Warning

(3980:3) autoprefixer: Gradient has outdated direction syntax. New syntax is like `to left` instead of `right`.

./node_modules/next/dist/build/webpack/loaders/css-loader/src/index.js??ruleSet[1].rules[3].oneOf[10].use[1]!./node_modules/next/dist/build/webpack/loaders/postcss-loader/src/index.js??ruleSet[1].rules[3].oneOf[10].use[2]!./node_modules/next/dist/build/webpack/loaders/resolve-url-loader/index.js??ruleSet[1].rules[3].oneOf[10].use[3]!./node_modules/next/dist/compiled/sass-loader/cjs.js??ruleSet[1].rules[3].oneOf[10].use[4]!./styles/sass/style.scss
Warning

(11534:3) autoprefixer: end value has mixed support, consider using flex-end instead

./node_modules/next/dist/build/webpack/loaders/css-loader/src/index.js??ruleSet[1].rules[3].oneOf[10].use[1]!./node_modules/next/dist/build/webpack/loaders/postcss-loader/src/index.js??ruleSet[1].rules[3].oneOf[10].use[2]!./node_modules/next/dist/build/webpack/loaders/resolve-url-loader/index.js??ruleSet[1].rules[3].oneOf[10].use[3]!./node_modules/next/dist/compiled/sass-loader/cjs.js??ruleSet[1].rules[3].oneOf[10].use[4]!./styles/sass/style.scss
Warning

(13357:3) autoprefixer: end value has mixed support, consider using flex-end instead
warn  - ./node_modules/next/dist/build/webpack/loaders/css-loader/src/index.js??ruleSet[1].rules[3].oneOf[10].use[1]!./node_modules/next/dist/build/webpack/loaders/postcss-loader/src/index.js??ruleSet[1].rules[3].oneOf[10].use[2]!./node_modules/next/dist/build/webpack/loaders/resolve-url-loader/index.js??ruleSet[1].rules[3].oneOf[10].use[3]!./node_modules/next/dist/compiled/sass-loader/cjs.js??ruleSet[1].rules[3].oneOf[10].use[4]!./styles/sass/style.scss
Warning

(601:3) autoprefixer: Gradient has outdated direction syntax. New syntax is like `to left` instead of `right`.

./node_modules/next/dist/build/webpack/loaders/css-loader/src/index.js??ruleSet[1].rules[3].oneOf[10].use[1]!./node_modules/next/dist/build/webpack/loaders/postcss-loader/src/index.js??ruleSet[1].rules[3].oneOf[10].use[2]!./node_modules/next/dist/build/webpack/loaders/resolve-url-loader/index.js??ruleSet[1].rules[3].oneOf[10].use[3]!./node_modules/next/dist/compiled/sass-loader/cjs.js??ruleSet[1].rules[3].oneOf[10].use[4]!./styles/sass/style.scss
Warning

(1742:3) autoprefixer: end value has mixed support, consider using flex-end instead

./node_modules/next/dist/build/webpack/loaders/css-loader/src/index.js??ruleSet[1].rules[3].oneOf[10].use[1]!./node_modules/next/dist/build/webpack/loaders/postcss-loader/src/index.js??ruleSet[1].rules[3].oneOf[10].use[2]!./node_modules/next/dist/build/webpack/loaders/resolve-url-loader/index.js??ruleSet[1].rules[3].oneOf[10].use[3]!./node_modules/next/dist/compiled/sass-loader/cjs.js??ruleSet[1].rules[3].oneOf[10].use[4]!./styles/sass/style.scss
Warning

(1942:3) autoprefixer: end value has mixed support, consider using flex-end instead

./node_modules/next/dist/build/webpack/loaders/css-loader/src/index.js??ruleSet[1].rules[3].oneOf[10].use[1]!./node_modules/next/dist/build/webpack/loaders/postcss-loader/src/index.js??ruleSet[1].rules[3].oneOf[10].use[2]!./node_modules/next/dist/build/webpack/loaders/resolve-url-loader/index.js??ruleSet[1].rules[3].oneOf[10].use[3]!./node_modules/next/dist/compiled/sass-loader/cjs.js??ruleSet[1].rules[3].oneOf[10].use[4]!./styles/sass/style.scss
Warning

(3980:3) autoprefixer: Gradient has outdated direction syntax. New syntax is like `to left` instead of `right`.

./node_modules/next/dist/build/webpack/loaders/css-loader/src/index.js??ruleSet[1].rules[3].oneOf[10].use[1]!./node_modules/next/dist/build/webpack/loaders/postcss-loader/src/index.js??ruleSet[1].rules[3].oneOf[10].use[2]!./node_modules/next/dist/build/webpack/loaders/resolve-url-loader/index.js??ruleSet[1].rules[3].oneOf[10].use[3]!./node_modules/next/dist/compiled/sass-loader/cjs.js??ruleSet[1].rules[3].oneOf[10].use[4]!./styles/sass/style.scss
Warning

(11534:3) autoprefixer: end value has mixed support, consider using flex-end instead

./node_modules/next/dist/build/webpack/loaders/css-loader/src/index.js??ruleSet[1].rules[3].oneOf[10].use[1]!./node_modules/next/dist/build/webpack/loaders/postcss-loader/src/index.js??ruleSet[1].rules[3].oneOf[10].use[2]!./node_modules/next/dist/build/webpack/loaders/resolve-url-loader/index.js??ruleSet[1].rules[3].oneOf[10].use[3]!./node_modules/next/dist/compiled/sass-loader/cjs.js??ruleSet[1].rules[3].oneOf[10].use[4]!./styles/sass/style.scss
Warning

(13357:3) autoprefixer: end value has mixed support, consider using flex-end instead
wait  - compiling /404 (client and server)...
warn  - ./node_modules/next/dist/build/webpack/loaders/css-loader/src/index.js??ruleSet[1].rules[3].oneOf[10].use[1]!./node_modules/next/dist/build/webpack/loaders/postcss-loader/src/index.js??ruleSet[1].rules[3].oneOf[10].use[2]!./node_modules/next/dist/build/webpack/loaders/resolve-url-loader/index.js??ruleSet[1].rules[3].oneOf[10].use[3]!./node_modules/next/dist/compiled/sass-loader/cjs.js??ruleSet[1].rules[3].oneOf[10].use[4]!./styles/sass/style.scss
Warning

(601:3) autoprefixer: Gradient has outdated direction syntax. New syntax is like `to left` instead of `right`.

./node_modules/next/dist/build/webpack/loaders/css-loader/src/index.js??ruleSet[1].rules[3].oneOf[10].use[1]!./node_modules/next/dist/build/webpack/loaders/postcss-loader/src/index.js??ruleSet[1].rules[3].oneOf[10].use[2]!./node_modules/next/dist/build/webpack/loaders/resolve-url-loader/index.js??ruleSet[1].rules[3].oneOf[10].use[3]!./node_modules/next/dist/compiled/sass-loader/cjs.js??ruleSet[1].rules[3].oneOf[10].use[4]!./styles/sass/style.scss
Warning

(1742:3) autoprefixer: end value has mixed support, consider using flex-end instead

./node_modules/next/dist/build/webpack/loaders/css-loader/src/index.js??ruleSet[1].rules[3].oneOf[10].use[1]!./node_modules/next/dist/build/webpack/loaders/postcss-loader/src/index.js??ruleSet[1].rules[3].oneOf[10].use[2]!./node_modules/next/dist/build/webpack/loaders/resolve-url-loader/index.js??ruleSet[1].rules[3].oneOf[10].use[3]!./node_modules/next/dist/compiled/sass-loader/cjs.js??ruleSet[1].rules[3].oneOf[10].use[4]!./styles/sass/style.scss
Warning

(1942:3) autoprefixer: end value has mixed support, consider using flex-end instead

./node_modules/next/dist/build/webpack/loaders/css-loader/src/index.js??ruleSet[1].rules[3].oneOf[10].use[1]!./node_modules/next/dist/build/webpack/loaders/postcss-loader/src/index.js??ruleSet[1].rules[3].oneOf[10].use[2]!./node_modules/next/dist/build/webpack/loaders/resolve-url-loader/index.js??ruleSet[1].rules[3].oneOf[10].use[3]!./node_modules/next/dist/compiled/sass-loader/cjs.js??ruleSet[1].rules[3].oneOf[10].use[4]!./styles/sass/style.scss
Warning

(3980:3) autoprefixer: Gradient has outdated direction syntax. New syntax is like `to left` instead of `right`.

./node_modules/next/dist/build/webpack/loaders/css-loader/src/index.js??ruleSet[1].rules[3].oneOf[10].use[1]!./node_modules/next/dist/build/webpack/loaders/postcss-loader/src/index.js??ruleSet[1].rules[3].oneOf[10].use[2]!./node_modules/next/dist/build/webpack/loaders/resolve-url-loader/index.js??ruleSet[1].rules[3].oneOf[10].use[3]!./node_modules/next/dist/compiled/sass-loader/cjs.js??ruleSet[1].rules[3].oneOf[10].use[4]!./styles/sass/style.scss
Warning

(11534:3) autoprefixer: end value has mixed support, consider using flex-end instead

./node_modules/next/dist/build/webpack/loaders/css-loader/src/index.js??ruleSet[1].rules[3].oneOf[10].use[1]!./node_modules/next/dist/build/webpack/loaders/postcss-loader/src/index.js??ruleSet[1].rules[3].oneOf[10].use[2]!./node_modules/next/dist/build/webpack/loaders/resolve-url-loader/index.js??ruleSet[1].rules[3].oneOf[10].use[3]!./node_modules/next/dist/compiled/sass-loader/cjs.js??ruleSet[1].rules[3].oneOf[10].use[4]!./styles/sass/style.scss
Warning

(13357:3) autoprefixer: end value has mixed support, consider using flex-end instead
wait  - compiling...
warn  - ./node_modules/next/dist/build/webpack/loaders/css-loader/src/index.js??ruleSet[1].rules[3].oneOf[10].use[1]!./node_modules/next/dist/build/webpack/loaders/postcss-loader/src/index.js??ruleSet[1].rules[3].oneOf[10].use[2]!./node_modules/next/dist/build/webpack/loaders/resolve-url-loader/index.js??ruleSet[1].rules[3].oneOf[10].use[3]!./node_modules/next/dist/compiled/sass-loader/cjs.js??ruleSet[1].rules[3].oneOf[10].use[4]!./styles/sass/style.scss
Warning

(601:3) autoprefixer: Gradient has outdated direction syntax. New syntax is like `to left` instead of `right`.

./node_modules/next/dist/build/webpack/loaders/css-loader/src/index.js??ruleSet[1].rules[3].oneOf[10].use[1]!./node_modules/next/dist/build/webpack/loaders/postcss-loader/src/index.js??ruleSet[1].rules[3].oneOf[10].use[2]!./node_modules/next/dist/build/webpack/loaders/resolve-url-loader/index.js??ruleSet[1].rules[3].oneOf[10].use[3]!./node_modules/next/dist/compiled/sass-loader/cjs.js??ruleSet[1].rules[3].oneOf[10].use[4]!./styles/sass/style.scss
Warning

(1742:3) autoprefixer: end value has mixed support, consider using flex-end instead

./node_modules/next/dist/build/webpack/loaders/css-loader/src/index.js??ruleSet[1].rules[3].oneOf[10].use[1]!./node_modules/next/dist/build/webpack/loaders/postcss-loader/src/index.js??ruleSet[1].rules[3].oneOf[10].use[2]!./node_modules/next/dist/build/webpack/loaders/resolve-url-loader/index.js??ruleSet[1].rules[3].oneOf[10].use[3]!./node_modules/next/dist/compiled/sass-loader/cjs.js??ruleSet[1].rules[3].oneOf[10].use[4]!./styles/sass/style.scss
Warning

(1942:3) autoprefixer: end value has mixed support, consider using flex-end instead

./node_modules/next/dist/build/webpack/loaders/css-loader/src/index.js??ruleSet[1].rules[3].oneOf[10].use[1]!./node_modules/next/dist/build/webpack/loaders/postcss-loader/src/index.js??ruleSet[1].rules[3].oneOf[10].use[2]!./node_modules/next/dist/build/webpack/loaders/resolve-url-loader/index.js??ruleSet[1].rules[3].oneOf[10].use[3]!./node_modules/next/dist/compiled/sass-loader/cjs.js??ruleSet[1].rules[3].oneOf[10].use[4]!./styles/sass/style.scss
Warning

(3981:3) autoprefixer: Gradient has outdated direction syntax. New syntax is like `to left` instead of `right`.

./node_modules/next/dist/build/webpack/loaders/css-loader/src/index.js??ruleSet[1].rules[3].oneOf[10].use[1]!./node_modules/next/dist/build/webpack/loaders/postcss-loader/src/index.js??ruleSet[1].rules[3].oneOf[10].use[2]!./node_modules/next/dist/build/webpack/loaders/resolve-url-loader/index.js??ruleSet[1].rules[3].oneOf[10].use[3]!./node_modules/next/dist/compiled/sass-loader/cjs.js??ruleSet[1].rules[3].oneOf[10].use[4]!./styles/sass/style.scss
Warning

(11535:3) autoprefixer: end value has mixed support, consider using flex-end instead

./node_modules/next/dist/build/webpack/loaders/css-loader/src/index.js??ruleSet[1].rules[3].oneOf[10].use[1]!./node_modules/next/dist/build/webpack/loaders/postcss-loader/src/index.js??ruleSet[1].rules[3].oneOf[10].use[2]!./node_modules/next/dist/build/webpack/loaders/resolve-url-loader/index.js??ruleSet[1].rules[3].oneOf[10].use[3]!./node_modules/next/dist/compiled/sass-loader/cjs.js??ruleSet[1].rules[3].oneOf[10].use[4]!./styles/sass/style.scss
Warning

(13358:3) autoprefixer: end value has mixed support, consider using flex-end instead
<w> [webpack.cache.PackFileCacheStrategy] Skipped not serializable cache item 'Compilation/modules|/Users/aashishkumar/Documents/Development/innovatix/wecare/node_modules/next/dist/build/webpack/loaders/css-loader/src/index.js??ruleSet[1].rules[3].oneOf[10].use[1]!/Users/aashishkumar/Documents/Development/innovatix/wecare/node_modules/next/dist/build/webpack/loaders/postcss-loader/src/index.js??ruleSet[1].rules[3].oneOf[10].use[2]!/Users/aashishkumar/Documents/Development/innovatix/wecare/node_modules/next/dist/build/webpack/loaders/resolve-url-loader/index.js??ruleSet[1].rules[3].oneOf[10].use[3]!/Users/aashishkumar/Documents/Development/innovatix/wecare/node_modules/next/dist/compiled/sass-loader/cjs.js??ruleSet[1].rules[3].oneOf[10].use[4]!/Users/aashishkumar/Documents/Development/innovatix/wecare/styles/sass/style.scss': No serializer registered for Warning
<w> while serializing webpack/lib/cache/PackFileCacheStrategy.PackContentItems -> webpack/lib/NormalModule -> Array { 6 items } -> webpack/lib/ModuleWarning -> Warning
wait  - compiling...
warn  - ./node_modules/next/dist/build/webpack/loaders/css-loader/src/index.js??ruleSet[1].rules[3].oneOf[10].use[1]!./node_modules/next/dist/build/webpack/loaders/postcss-loader/src/index.js??ruleSet[1].rules[3].oneOf[10].use[2]!./node_modules/next/dist/build/webpack/loaders/resolve-url-loader/index.js??ruleSet[1].rules[3].oneOf[10].use[3]!./node_modules/next/dist/compiled/sass-loader/cjs.js??ruleSet[1].rules[3].oneOf[10].use[4]!./styles/sass/style.scss
Warning

(601:3) autoprefixer: Gradient has outdated direction syntax. New syntax is like `to left` instead of `right`.

./node_modules/next/dist/build/webpack/loaders/css-loader/src/index.js??ruleSet[1].rules[3].oneOf[10].use[1]!./node_modules/next/dist/build/webpack/loaders/postcss-loader/src/index.js??ruleSet[1].rules[3].oneOf[10].use[2]!./node_modules/next/dist/build/webpack/loaders/resolve-url-loader/index.js??ruleSet[1].rules[3].oneOf[10].use[3]!./node_modules/next/dist/compiled/sass-loader/cjs.js??ruleSet[1].rules[3].oneOf[10].use[4]!./styles/sass/style.scss
Warning

(1742:3) autoprefixer: end value has mixed support, consider using flex-end instead

./node_modules/next/dist/build/webpack/loaders/css-loader/src/index.js??ruleSet[1].rules[3].oneOf[10].use[1]!./node_modules/next/dist/build/webpack/loaders/postcss-loader/src/index.js??ruleSet[1].rules[3].oneOf[10].use[2]!./node_modules/next/dist/build/webpack/loaders/resolve-url-loader/index.js??ruleSet[1].rules[3].oneOf[10].use[3]!./node_modules/next/dist/compiled/sass-loader/cjs.js??ruleSet[1].rules[3].oneOf[10].use[4]!./styles/sass/style.scss
Warning

(1942:3) autoprefixer: end value has mixed support, consider using flex-end instead

./node_modules/next/dist/build/webpack/loaders/css-loader/src/index.js??ruleSet[1].rules[3].oneOf[10].use[1]!./node_modules/next/dist/build/webpack/loaders/postcss-loader/src/index.js??ruleSet[1].rules[3].oneOf[10].use[2]!./node_modules/next/dist/build/webpack/loaders/resolve-url-loader/index.js??ruleSet[1].rules[3].oneOf[10].use[3]!./node_modules/next/dist/compiled/sass-loader/cjs.js??ruleSet[1].rules[3].oneOf[10].use[4]!./styles/sass/style.scss
Warning

(3980:3) autoprefixer: Gradient has outdated direction syntax. New syntax is like `to left` instead of `right`.

./node_modules/next/dist/build/webpack/loaders/css-loader/src/index.js??ruleSet[1].rules[3].oneOf[10].use[1]!./node_modules/next/dist/build/webpack/loaders/postcss-loader/src/index.js??ruleSet[1].rules[3].oneOf[10].use[2]!./node_modules/next/dist/build/webpack/loaders/resolve-url-loader/index.js??ruleSet[1].rules[3].oneOf[10].use[3]!./node_modules/next/dist/compiled/sass-loader/cjs.js??ruleSet[1].rules[3].oneOf[10].use[4]!./styles/sass/style.scss
Warning

(11534:3) autoprefixer: end value has mixed support, consider using flex-end instead

./node_modules/next/dist/build/webpack/loaders/css-loader/src/index.js??ruleSet[1].rules[3].oneOf[10].use[1]!./node_modules/next/dist/build/webpack/loaders/postcss-loader/src/index.js??ruleSet[1].rules[3].oneOf[10].use[2]!./node_modules/next/dist/build/webpack/loaders/resolve-url-loader/index.js??ruleSet[1].rules[3].oneOf[10].use[3]!./node_modules/next/dist/compiled/sass-loader/cjs.js??ruleSet[1].rules[3].oneOf[10].use[4]!./styles/sass/style.scss
Warning

(13357:3) autoprefixer: end value has mixed support, consider using flex-end instead
<w> [webpack.cache.PackFileCacheStrategy] Skipped not serializable cache item 'Compilation/modules|/Users/aashishkumar/Documents/Development/innovatix/wecare/node_modules/next/dist/build/webpack/loaders/css-loader/src/index.js??ruleSet[1].rules[3].oneOf[10].use[1]!/Users/aashishkumar/Documents/Development/innovatix/wecare/node_modules/next/dist/build/webpack/loaders/postcss-loader/src/index.js??ruleSet[1].rules[3].oneOf[10].use[2]!/Users/aashishkumar/Documents/Development/innovatix/wecare/node_modules/next/dist/build/webpack/loaders/resolve-url-loader/index.js??ruleSet[1].rules[3].oneOf[10].use[3]!/Users/aashishkumar/Documents/Development/innovatix/wecare/node_modules/next/dist/compiled/sass-loader/cjs.js??ruleSet[1].rules[3].oneOf[10].use[4]!/Users/aashishkumar/Documents/Development/innovatix/wecare/styles/sass/style.scss': No serializer registered for Warning
<w> while serializing webpack/lib/cache/PackFileCacheStrategy.PackContentItems -> webpack/lib/NormalModule -> Array { 6 items } -> webpack/lib/ModuleWarning -> Warning
wait  - compiling...
warn  - ./node_modules/next/dist/build/webpack/loaders/css-loader/src/index.js??ruleSet[1].rules[3].oneOf[10].use[1]!./node_modules/next/dist/build/webpack/loaders/postcss-loader/src/index.js??ruleSet[1].rules[3].oneOf[10].use[2]!./node_modules/next/dist/build/webpack/loaders/resolve-url-loader/index.js??ruleSet[1].rules[3].oneOf[10].use[3]!./node_modules/next/dist/compiled/sass-loader/cjs.js??ruleSet[1].rules[3].oneOf[10].use[4]!./styles/sass/style.scss
Warning

(601:3) autoprefixer: Gradient has outdated direction syntax. New syntax is like `to left` instead of `right`.

./node_modules/next/dist/build/webpack/loaders/css-loader/src/index.js??ruleSet[1].rules[3].oneOf[10].use[1]!./node_modules/next/dist/build/webpack/loaders/postcss-loader/src/index.js??ruleSet[1].rules[3].oneOf[10].use[2]!./node_modules/next/dist/build/webpack/loaders/resolve-url-loader/index.js??ruleSet[1].rules[3].oneOf[10].use[3]!./node_modules/next/dist/compiled/sass-loader/cjs.js??ruleSet[1].rules[3].oneOf[10].use[4]!./styles/sass/style.scss
Warning

(1742:3) autoprefixer: end value has mixed support, consider using flex-end instead

./node_modules/next/dist/build/webpack/loaders/css-loader/src/index.js??ruleSet[1].rules[3].oneOf[10].use[1]!./node_modules/next/dist/build/webpack/loaders/postcss-loader/src/index.js??ruleSet[1].rules[3].oneOf[10].use[2]!./node_modules/next/dist/build/webpack/loaders/resolve-url-loader/index.js??ruleSet[1].rules[3].oneOf[10].use[3]!./node_modules/next/dist/compiled/sass-loader/cjs.js??ruleSet[1].rules[3].oneOf[10].use[4]!./styles/sass/style.scss
Warning

(1942:3) autoprefixer: end value has mixed support, consider using flex-end instead

./node_modules/next/dist/build/webpack/loaders/css-loader/src/index.js??ruleSet[1].rules[3].oneOf[10].use[1]!./node_modules/next/dist/build/webpack/loaders/postcss-loader/src/index.js??ruleSet[1].rules[3].oneOf[10].use[2]!./node_modules/next/dist/build/webpack/loaders/resolve-url-loader/index.js??ruleSet[1].rules[3].oneOf[10].use[3]!./node_modules/next/dist/compiled/sass-loader/cjs.js??ruleSet[1].rules[3].oneOf[10].use[4]!./styles/sass/style.scss
Warning

(3983:3) autoprefixer: Gradient has outdated direction syntax. New syntax is like `to left` instead of `right`.

./node_modules/next/dist/build/webpack/loaders/css-loader/src/index.js??ruleSet[1].rules[3].oneOf[10].use[1]!./node_modules/next/dist/build/webpack/loaders/postcss-loader/src/index.js??ruleSet[1].rules[3].oneOf[10].use[2]!./node_modules/next/dist/build/webpack/loaders/resolve-url-loader/index.js??ruleSet[1].rules[3].oneOf[10].use[3]!./node_modules/next/dist/compiled/sass-loader/cjs.js??ruleSet[1].rules[3].oneOf[10].use[4]!./styles/sass/style.scss
Warning

(11537:3) autoprefixer: end value has mixed support, consider using flex-end instead

./node_modules/next/dist/build/webpack/loaders/css-loader/src/index.js??ruleSet[1].rules[3].oneOf[10].use[1]!./node_modules/next/dist/build/webpack/loaders/postcss-loader/src/index.js??ruleSet[1].rules[3].oneOf[10].use[2]!./node_modules/next/dist/build/webpack/loaders/resolve-url-loader/index.js??ruleSet[1].rules[3].oneOf[10].use[3]!./node_modules/next/dist/compiled/sass-loader/cjs.js??ruleSet[1].rules[3].oneOf[10].use[4]!./styles/sass/style.scss
Warning

(13360:3) autoprefixer: end value has mixed support, consider using flex-end instead
<w> [webpack.cache.PackFileCacheStrategy] Skipped not serializable cache item 'Compilation/modules|/Users/aashishkumar/Documents/Development/innovatix/wecare/node_modules/next/dist/build/webpack/loaders/css-loader/src/index.js??ruleSet[1].rules[3].oneOf[10].use[1]!/Users/aashishkumar/Documents/Development/innovatix/wecare/node_modules/next/dist/build/webpack/loaders/postcss-loader/src/index.js??ruleSet[1].rules[3].oneOf[10].use[2]!/Users/aashishkumar/Documents/Development/innovatix/wecare/node_modules/next/dist/build/webpack/loaders/resolve-url-loader/index.js??ruleSet[1].rules[3].oneOf[10].use[3]!/Users/aashishkumar/Documents/Development/innovatix/wecare/node_modules/next/dist/compiled/sass-loader/cjs.js??ruleSet[1].rules[3].oneOf[10].use[4]!/Users/aashishkumar/Documents/Development/innovatix/wecare/styles/sass/style.scss': No serializer registered for Warning
<w> while serializing webpack/lib/cache/PackFileCacheStrategy.PackContentItems -> webpack/lib/NormalModule -> Array { 6 items } -> webpack/lib/ModuleWarning -> Warning
warn  - ./node_modules/next/dist/build/webpack/loaders/css-loader/src/index.js??ruleSet[1].rules[3].oneOf[10].use[1]!./node_modules/next/dist/build/webpack/loaders/postcss-loader/src/index.js??ruleSet[1].rules[3].oneOf[10].use[2]!./node_modules/next/dist/build/webpack/loaders/resolve-url-loader/index.js??ruleSet[1].rules[3].oneOf[10].use[3]!./node_modules/next/dist/compiled/sass-loader/cjs.js??ruleSet[1].rules[3].oneOf[10].use[4]!./styles/sass/style.scss
Warning

(601:3) autoprefixer: Gradient has outdated direction syntax. New syntax is like `to left` instead of `right`.

./node_modules/next/dist/build/webpack/loaders/css-loader/src/index.js??ruleSet[1].rules[3].oneOf[10].use[1]!./node_modules/next/dist/build/webpack/loaders/postcss-loader/src/index.js??ruleSet[1].rules[3].oneOf[10].use[2]!./node_modules/next/dist/build/webpack/loaders/resolve-url-loader/index.js??ruleSet[1].rules[3].oneOf[10].use[3]!./node_modules/next/dist/compiled/sass-loader/cjs.js??ruleSet[1].rules[3].oneOf[10].use[4]!./styles/sass/style.scss
Warning

(1742:3) autoprefixer: end value has mixed support, consider using flex-end instead

./node_modules/next/dist/build/webpack/loaders/css-loader/src/index.js??ruleSet[1].rules[3].oneOf[10].use[1]!./node_modules/next/dist/build/webpack/loaders/postcss-loader/src/index.js??ruleSet[1].rules[3].oneOf[10].use[2]!./node_modules/next/dist/build/webpack/loaders/resolve-url-loader/index.js??ruleSet[1].rules[3].oneOf[10].use[3]!./node_modules/next/dist/compiled/sass-loader/cjs.js??ruleSet[1].rules[3].oneOf[10].use[4]!./styles/sass/style.scss
Warning

(1942:3) autoprefixer: end value has mixed support, consider using flex-end instead

./node_modules/next/dist/build/webpack/loaders/css-loader/src/index.js??ruleSet[1].rules[3].oneOf[10].use[1]!./node_modules/next/dist/build/webpack/loaders/postcss-loader/src/index.js??ruleSet[1].rules[3].oneOf[10].use[2]!./node_modules/next/dist/build/webpack/loaders/resolve-url-loader/index.js??ruleSet[1].rules[3].oneOf[10].use[3]!./node_modules/next/dist/compiled/sass-loader/cjs.js??ruleSet[1].rules[3].oneOf[10].use[4]!./styles/sass/style.scss
Warning

(3983:3) autoprefixer: Gradient has outdated direction syntax. New syntax is like `to left` instead of `right`.

./node_modules/next/dist/build/webpack/loaders/css-loader/src/index.js??ruleSet[1].rules[3].oneOf[10].use[1]!./node_modules/next/dist/build/webpack/loaders/postcss-loader/src/index.js??ruleSet[1].rules[3].oneOf[10].use[2]!./node_modules/next/dist/build/webpack/loaders/resolve-url-loader/index.js??ruleSet[1].rules[3].oneOf[10].use[3]!./node_modules/next/dist/compiled/sass-loader/cjs.js??ruleSet[1].rules[3].oneOf[10].use[4]!./styles/sass/style.scss
Warning

(11537:3) autoprefixer: end value has mixed support, consider using flex-end instead

./node_modules/next/dist/build/webpack/loaders/css-loader/src/index.js??ruleSet[1].rules[3].oneOf[10].use[1]!./node_modules/next/dist/build/webpack/loaders/postcss-loader/src/index.js??ruleSet[1].rules[3].oneOf[10].use[2]!./node_modules/next/dist/build/webpack/loaders/resolve-url-loader/index.js??ruleSet[1].rules[3].oneOf[10].use[3]!./node_modules/next/dist/compiled/sass-loader/cjs.js??ruleSet[1].rules[3].oneOf[10].use[4]!./styles/sass/style.scss
Warning

(13360:3) autoprefixer: end value has mixed support, consider using flex-end instead
wait  - compiling /service...
warn  - ./node_modules/next/dist/build/webpack/loaders/css-loader/src/index.js??ruleSet[1].rules[3].oneOf[10].use[1]!./node_modules/next/dist/build/webpack/loaders/postcss-loader/src/index.js??ruleSet[1].rules[3].oneOf[10].use[2]!./node_modules/next/dist/build/webpack/loaders/resolve-url-loader/index.js??ruleSet[1].rules[3].oneOf[10].use[3]!./node_modules/next/dist/compiled/sass-loader/cjs.js??ruleSet[1].rules[3].oneOf[10].use[4]!./styles/sass/style.scss
Warning

(601:3) autoprefixer: Gradient has outdated direction syntax. New syntax is like `to left` instead of `right`.

./node_modules/next/dist/build/webpack/loaders/css-loader/src/index.js??ruleSet[1].rules[3].oneOf[10].use[1]!./node_modules/next/dist/build/webpack/loaders/postcss-loader/src/index.js??ruleSet[1].rules[3].oneOf[10].use[2]!./node_modules/next/dist/build/webpack/loaders/resolve-url-loader/index.js??ruleSet[1].rules[3].oneOf[10].use[3]!./node_modules/next/dist/compiled/sass-loader/cjs.js??ruleSet[1].rules[3].oneOf[10].use[4]!./styles/sass/style.scss
Warning

(1742:3) autoprefixer: end value has mixed support, consider using flex-end instead

./node_modules/next/dist/build/webpack/loaders/css-loader/src/index.js??ruleSet[1].rules[3].oneOf[10].use[1]!./node_modules/next/dist/build/webpack/loaders/postcss-loader/src/index.js??ruleSet[1].rules[3].oneOf[10].use[2]!./node_modules/next/dist/build/webpack/loaders/resolve-url-loader/index.js??ruleSet[1].rules[3].oneOf[10].use[3]!./node_modules/next/dist/compiled/sass-loader/cjs.js??ruleSet[1].rules[3].oneOf[10].use[4]!./styles/sass/style.scss
Warning

(1942:3) autoprefixer: end value has mixed support, consider using flex-end instead

./node_modules/next/dist/build/webpack/loaders/css-loader/src/index.js??ruleSet[1].rules[3].oneOf[10].use[1]!./node_modules/next/dist/build/webpack/loaders/postcss-loader/src/index.js??ruleSet[1].rules[3].oneOf[10].use[2]!./node_modules/next/dist/build/webpack/loaders/resolve-url-loader/index.js??ruleSet[1].rules[3].oneOf[10].use[3]!./node_modules/next/dist/compiled/sass-loader/cjs.js??ruleSet[1].rules[3].oneOf[10].use[4]!./styles/sass/style.scss
Warning

(3983:3) autoprefixer: Gradient has outdated direction syntax. New syntax is like `to left` instead of `right`.

./node_modules/next/dist/build/webpack/loaders/css-loader/src/index.js??ruleSet[1].rules[3].oneOf[10].use[1]!./node_modules/next/dist/build/webpack/loaders/postcss-loader/src/index.js??ruleSet[1].rules[3].oneOf[10].use[2]!./node_modules/next/dist/build/webpack/loaders/resolve-url-loader/index.js??ruleSet[1].rules[3].oneOf[10].use[3]!./node_modules/next/dist/compiled/sass-loader/cjs.js??ruleSet[1].rules[3].oneOf[10].use[4]!./styles/sass/style.scss
Warning

(11537:3) autoprefixer: end value has mixed support, consider using flex-end instead

./node_modules/next/dist/build/webpack/loaders/css-loader/src/index.js??ruleSet[1].rules[3].oneOf[10].use[1]!./node_modules/next/dist/build/webpack/loaders/postcss-loader/src/index.js??ruleSet[1].rules[3].oneOf[10].use[2]!./node_modules/next/dist/build/webpack/loaders/resolve-url-loader/index.js??ruleSet[1].rules[3].oneOf[10].use[3]!./node_modules/next/dist/compiled/sass-loader/cjs.js??ruleSet[1].rules[3].oneOf[10].use[4]!./styles/sass/style.scss
Warning

(13360:3) autoprefixer: end value has mixed support, consider using flex-end instead
wait  - compiling...
warn  - ./node_modules/next/dist/build/webpack/loaders/css-loader/src/index.js??ruleSet[1].rules[3].oneOf[10].use[1]!./node_modules/next/dist/build/webpack/loaders/postcss-loader/src/index.js??ruleSet[1].rules[3].oneOf[10].use[2]!./node_modules/next/dist/build/webpack/loaders/resolve-url-loader/index.js??ruleSet[1].rules[3].oneOf[10].use[3]!./node_modules/next/dist/compiled/sass-loader/cjs.js??ruleSet[1].rules[3].oneOf[10].use[4]!./styles/sass/style.scss
Warning

(601:3) autoprefixer: Gradient has outdated direction syntax. New syntax is like `to left` instead of `right`.

./node_modules/next/dist/build/webpack/loaders/css-loader/src/index.js??ruleSet[1].rules[3].oneOf[10].use[1]!./node_modules/next/dist/build/webpack/loaders/postcss-loader/src/index.js??ruleSet[1].rules[3].oneOf[10].use[2]!./node_modules/next/dist/build/webpack/loaders/resolve-url-loader/index.js??ruleSet[1].rules[3].oneOf[10].use[3]!./node_modules/next/dist/compiled/sass-loader/cjs.js??ruleSet[1].rules[3].oneOf[10].use[4]!./styles/sass/style.scss
Warning

(1742:3) autoprefixer: end value has mixed support, consider using flex-end instead

./node_modules/next/dist/build/webpack/loaders/css-loader/src/index.js??ruleSet[1].rules[3].oneOf[10].use[1]!./node_modules/next/dist/build/webpack/loaders/postcss-loader/src/index.js??ruleSet[1].rules[3].oneOf[10].use[2]!./node_modules/next/dist/build/webpack/loaders/resolve-url-loader/index.js??ruleSet[1].rules[3].oneOf[10].use[3]!./node_modules/next/dist/compiled/sass-loader/cjs.js??ruleSet[1].rules[3].oneOf[10].use[4]!./styles/sass/style.scss
Warning

(1942:3) autoprefixer: end value has mixed support, consider using flex-end instead

./node_modules/next/dist/build/webpack/loaders/css-loader/src/index.js??ruleSet[1].rules[3].oneOf[10].use[1]!./node_modules/next/dist/build/webpack/loaders/postcss-loader/src/index.js??ruleSet[1].rules[3].oneOf[10].use[2]!./node_modules/next/dist/build/webpack/loaders/resolve-url-loader/index.js??ruleSet[1].rules[3].oneOf[10].use[3]!./node_modules/next/dist/compiled/sass-loader/cjs.js??ruleSet[1].rules[3].oneOf[10].use[4]!./styles/sass/style.scss
Warning

(3984:3) autoprefixer: Gradient has outdated direction syntax. New syntax is like `to left` instead of `right`.

./node_modules/next/dist/build/webpack/loaders/css-loader/src/index.js??ruleSet[1].rules[3].oneOf[10].use[1]!./node_modules/next/dist/build/webpack/loaders/postcss-loader/src/index.js??ruleSet[1].rules[3].oneOf[10].use[2]!./node_modules/next/dist/build/webpack/loaders/resolve-url-loader/index.js??ruleSet[1].rules[3].oneOf[10].use[3]!./node_modules/next/dist/compiled/sass-loader/cjs.js??ruleSet[1].rules[3].oneOf[10].use[4]!./styles/sass/style.scss
Warning

(11538:3) autoprefixer: end value has mixed support, consider using flex-end instead

./node_modules/next/dist/build/webpack/loaders/css-loader/src/index.js??ruleSet[1].rules[3].oneOf[10].use[1]!./node_modules/next/dist/build/webpack/loaders/postcss-loader/src/index.js??ruleSet[1].rules[3].oneOf[10].use[2]!./node_modules/next/dist/build/webpack/loaders/resolve-url-loader/index.js??ruleSet[1].rules[3].oneOf[10].use[3]!./node_modules/next/dist/compiled/sass-loader/cjs.js??ruleSet[1].rules[3].oneOf[10].use[4]!./styles/sass/style.scss
Warning

(13361:3) autoprefixer: end value has mixed support, consider using flex-end instead
<w> [webpack.cache.PackFileCacheStrategy] Skipped not serializable cache item 'Compilation/modules|/Users/aashishkumar/Documents/Development/innovatix/wecare/node_modules/next/dist/build/webpack/loaders/css-loader/src/index.js??ruleSet[1].rules[3].oneOf[10].use[1]!/Users/aashishkumar/Documents/Development/innovatix/wecare/node_modules/next/dist/build/webpack/loaders/postcss-loader/src/index.js??ruleSet[1].rules[3].oneOf[10].use[2]!/Users/aashishkumar/Documents/Development/innovatix/wecare/node_modules/next/dist/build/webpack/loaders/resolve-url-loader/index.js??ruleSet[1].rules[3].oneOf[10].use[3]!/Users/aashishkumar/Documents/Development/innovatix/wecare/node_modules/next/dist/compiled/sass-loader/cjs.js??ruleSet[1].rules[3].oneOf[10].use[4]!/Users/aashishkumar/Documents/Development/innovatix/wecare/styles/sass/style.scss': No serializer registered for Warning
<w> while serializing webpack/lib/cache/PackFileCacheStrategy.PackContentItems -> webpack/lib/NormalModule -> Array { 6 items } -> webpack/lib/ModuleWarning -> Warning
wait  - compiling...
warn  - ./node_modules/next/dist/build/webpack/loaders/css-loader/src/index.js??ruleSet[1].rules[3].oneOf[10].use[1]!./node_modules/next/dist/build/webpack/loaders/postcss-loader/src/index.js??ruleSet[1].rules[3].oneOf[10].use[2]!./node_modules/next/dist/build/webpack/loaders/resolve-url-loader/index.js??ruleSet[1].rules[3].oneOf[10].use[3]!./node_modules/next/dist/compiled/sass-loader/cjs.js??ruleSet[1].rules[3].oneOf[10].use[4]!./styles/sass/style.scss
Warning

(601:3) autoprefixer: Gradient has outdated direction syntax. New syntax is like `to left` instead of `right`.

./node_modules/next/dist/build/webpack/loaders/css-loader/src/index.js??ruleSet[1].rules[3].oneOf[10].use[1]!./node_modules/next/dist/build/webpack/loaders/postcss-loader/src/index.js??ruleSet[1].rules[3].oneOf[10].use[2]!./node_modules/next/dist/build/webpack/loaders/resolve-url-loader/index.js??ruleSet[1].rules[3].oneOf[10].use[3]!./node_modules/next/dist/compiled/sass-loader/cjs.js??ruleSet[1].rules[3].oneOf[10].use[4]!./styles/sass/style.scss
Warning

(1742:3) autoprefixer: end value has mixed support, consider using flex-end instead

./node_modules/next/dist/build/webpack/loaders/css-loader/src/index.js??ruleSet[1].rules[3].oneOf[10].use[1]!./node_modules/next/dist/build/webpack/loaders/postcss-loader/src/index.js??ruleSet[1].rules[3].oneOf[10].use[2]!./node_modules/next/dist/build/webpack/loaders/resolve-url-loader/index.js??ruleSet[1].rules[3].oneOf[10].use[3]!./node_modules/next/dist/compiled/sass-loader/cjs.js??ruleSet[1].rules[3].oneOf[10].use[4]!./styles/sass/style.scss
Warning

(1942:3) autoprefixer: end value has mixed support, consider using flex-end instead

./node_modules/next/dist/build/webpack/loaders/css-loader/src/index.js??ruleSet[1].rules[3].oneOf[10].use[1]!./node_modules/next/dist/build/webpack/loaders/postcss-loader/src/index.js??ruleSet[1].rules[3].oneOf[10].use[2]!./node_modules/next/dist/build/webpack/loaders/resolve-url-loader/index.js??ruleSet[1].rules[3].oneOf[10].use[3]!./node_modules/next/dist/compiled/sass-loader/cjs.js??ruleSet[1].rules[3].oneOf[10].use[4]!./styles/sass/style.scss
Warning

(3984:3) autoprefixer: Gradient has outdated direction syntax. New syntax is like `to left` instead of `right`.

./node_modules/next/dist/build/webpack/loaders/css-loader/src/index.js??ruleSet[1].rules[3].oneOf[10].use[1]!./node_modules/next/dist/build/webpack/loaders/postcss-loader/src/index.js??ruleSet[1].rules[3].oneOf[10].use[2]!./node_modules/next/dist/build/webpack/loaders/resolve-url-loader/index.js??ruleSet[1].rules[3].oneOf[10].use[3]!./node_modules/next/dist/compiled/sass-loader/cjs.js??ruleSet[1].rules[3].oneOf[10].use[4]!./styles/sass/style.scss
Warning

(11538:3) autoprefixer: end value has mixed support, consider using flex-end instead

./node_modules/next/dist/build/webpack/loaders/css-loader/src/index.js??ruleSet[1].rules[3].oneOf[10].use[1]!./node_modules/next/dist/build/webpack/loaders/postcss-loader/src/index.js??ruleSet[1].rules[3].oneOf[10].use[2]!./node_modules/next/dist/build/webpack/loaders/resolve-url-loader/index.js??ruleSet[1].rules[3].oneOf[10].use[3]!./node_modules/next/dist/compiled/sass-loader/cjs.js??ruleSet[1].rules[3].oneOf[10].use[4]!./styles/sass/style.scss
Warning

(13361:3) autoprefixer: end value has mixed support, consider using flex-end instead
<w> [webpack.cache.PackFileCacheStrategy] Skipped not serializable cache item 'Compilation/modules|/Users/aashishkumar/Documents/Development/innovatix/wecare/node_modules/next/dist/build/webpack/loaders/css-loader/src/index.js??ruleSet[1].rules[3].oneOf[10].use[1]!/Users/aashishkumar/Documents/Development/innovatix/wecare/node_modules/next/dist/build/webpack/loaders/postcss-loader/src/index.js??ruleSet[1].rules[3].oneOf[10].use[2]!/Users/aashishkumar/Documents/Development/innovatix/wecare/node_modules/next/dist/build/webpack/loaders/resolve-url-loader/index.js??ruleSet[1].rules[3].oneOf[10].use[3]!/Users/aashishkumar/Documents/Development/innovatix/wecare/node_modules/next/dist/compiled/sass-loader/cjs.js??ruleSet[1].rules[3].oneOf[10].use[4]!/Users/aashishkumar/Documents/Development/innovatix/wecare/styles/sass/style.scss': No serializer registered for Warning
<w> while serializing webpack/lib/cache/PackFileCacheStrategy.PackContentItems -> webpack/lib/NormalModule -> Array { 6 items } -> webpack/lib/ModuleWarning -> Warning
wait  - compiling...
warn  - ./node_modules/next/dist/build/webpack/loaders/css-loader/src/index.js??ruleSet[1].rules[3].oneOf[10].use[1]!./node_modules/next/dist/build/webpack/loaders/postcss-loader/src/index.js??ruleSet[1].rules[3].oneOf[10].use[2]!./node_modules/next/dist/build/webpack/loaders/resolve-url-loader/index.js??ruleSet[1].rules[3].oneOf[10].use[3]!./node_modules/next/dist/compiled/sass-loader/cjs.js??ruleSet[1].rules[3].oneOf[10].use[4]!./styles/sass/style.scss
Warning

(601:3) autoprefixer: Gradient has outdated direction syntax. New syntax is like `to left` instead of `right`.

./node_modules/next/dist/build/webpack/loaders/css-loader/src/index.js??ruleSet[1].rules[3].oneOf[10].use[1]!./node_modules/next/dist/build/webpack/loaders/postcss-loader/src/index.js??ruleSet[1].rules[3].oneOf[10].use[2]!./node_modules/next/dist/build/webpack/loaders/resolve-url-loader/index.js??ruleSet[1].rules[3].oneOf[10].use[3]!./node_modules/next/dist/compiled/sass-loader/cjs.js??ruleSet[1].rules[3].oneOf[10].use[4]!./styles/sass/style.scss
Warning

(1742:3) autoprefixer: end value has mixed support, consider using flex-end instead

./node_modules/next/dist/build/webpack/loaders/css-loader/src/index.js??ruleSet[1].rules[3].oneOf[10].use[1]!./node_modules/next/dist/build/webpack/loaders/postcss-loader/src/index.js??ruleSet[1].rules[3].oneOf[10].use[2]!./node_modules/next/dist/build/webpack/loaders/resolve-url-loader/index.js??ruleSet[1].rules[3].oneOf[10].use[3]!./node_modules/next/dist/compiled/sass-loader/cjs.js??ruleSet[1].rules[3].oneOf[10].use[4]!./styles/sass/style.scss
Warning

(1942:3) autoprefixer: end value has mixed support, consider using flex-end instead

./node_modules/next/dist/build/webpack/loaders/css-loader/src/index.js??ruleSet[1].rules[3].oneOf[10].use[1]!./node_modules/next/dist/build/webpack/loaders/postcss-loader/src/index.js??ruleSet[1].rules[3].oneOf[10].use[2]!./node_modules/next/dist/build/webpack/loaders/resolve-url-loader/index.js??ruleSet[1].rules[3].oneOf[10].use[3]!./node_modules/next/dist/compiled/sass-loader/cjs.js??ruleSet[1].rules[3].oneOf[10].use[4]!./styles/sass/style.scss
Warning

(3984:3) autoprefixer: Gradient has outdated direction syntax. New syntax is like `to left` instead of `right`.

./node_modules/next/dist/build/webpack/loaders/css-loader/src/index.js??ruleSet[1].rules[3].oneOf[10].use[1]!./node_modules/next/dist/build/webpack/loaders/postcss-loader/src/index.js??ruleSet[1].rules[3].oneOf[10].use[2]!./node_modules/next/dist/build/webpack/loaders/resolve-url-loader/index.js??ruleSet[1].rules[3].oneOf[10].use[3]!./node_modules/next/dist/compiled/sass-loader/cjs.js??ruleSet[1].rules[3].oneOf[10].use[4]!./styles/sass/style.scss
Warning

(11538:3) autoprefixer: end value has mixed support, consider using flex-end instead

./node_modules/next/dist/build/webpack/loaders/css-loader/src/index.js??ruleSet[1].rules[3].oneOf[10].use[1]!./node_modules/next/dist/build/webpack/loaders/postcss-loader/src/index.js??ruleSet[1].rules[3].oneOf[10].use[2]!./node_modules/next/dist/build/webpack/loaders/resolve-url-loader/index.js??ruleSet[1].rules[3].oneOf[10].use[3]!./node_modules/next/dist/compiled/sass-loader/cjs.js??ruleSet[1].rules[3].oneOf[10].use[4]!./styles/sass/style.scss
Warning

(13361:3) autoprefixer: end value has mixed support, consider using flex-end instead
<w> [webpack.cache.PackFileCacheStrategy] Skipped not serializable cache item 'Compilation/modules|/Users/aashishkumar/Documents/Development/innovatix/wecare/node_modules/next/dist/build/webpack/loaders/css-loader/src/index.js??ruleSet[1].rules[3].oneOf[10].use[1]!/Users/aashishkumar/Documents/Development/innovatix/wecare/node_modules/next/dist/build/webpack/loaders/postcss-loader/src/index.js??ruleSet[1].rules[3].oneOf[10].use[2]!/Users/aashishkumar/Documents/Development/innovatix/wecare/node_modules/next/dist/build/webpack/loaders/resolve-url-loader/index.js??ruleSet[1].rules[3].oneOf[10].use[3]!/Users/aashishkumar/Documents/Development/innovatix/wecare/node_modules/next/dist/compiled/sass-loader/cjs.js??ruleSet[1].rules[3].oneOf[10].use[4]!/Users/aashishkumar/Documents/Development/innovatix/wecare/styles/sass/style.scss': No serializer registered for Warning
<w> while serializing webpack/lib/cache/PackFileCacheStrategy.PackContentItems -> webpack/lib/NormalModule -> Array { 6 items } -> webpack/lib/ModuleWarning -> Warning
warn  - ./node_modules/next/dist/build/webpack/loaders/css-loader/src/index.js??ruleSet[1].rules[3].oneOf[10].use[1]!./node_modules/next/dist/build/webpack/loaders/postcss-loader/src/index.js??ruleSet[1].rules[3].oneOf[10].use[2]!./node_modules/next/dist/build/webpack/loaders/resolve-url-loader/index.js??ruleSet[1].rules[3].oneOf[10].use[3]!./node_modules/next/dist/compiled/sass-loader/cjs.js??ruleSet[1].rules[3].oneOf[10].use[4]!./styles/sass/style.scss
Warning

(601:3) autoprefixer: Gradient has outdated direction syntax. New syntax is like `to left` instead of `right`.

./node_modules/next/dist/build/webpack/loaders/css-loader/src/index.js??ruleSet[1].rules[3].oneOf[10].use[1]!./node_modules/next/dist/build/webpack/loaders/postcss-loader/src/index.js??ruleSet[1].rules[3].oneOf[10].use[2]!./node_modules/next/dist/build/webpack/loaders/resolve-url-loader/index.js??ruleSet[1].rules[3].oneOf[10].use[3]!./node_modules/next/dist/compiled/sass-loader/cjs.js??ruleSet[1].rules[3].oneOf[10].use[4]!./styles/sass/style.scss
Warning

(1742:3) autoprefixer: end value has mixed support, consider using flex-end instead

./node_modules/next/dist/build/webpack/loaders/css-loader/src/index.js??ruleSet[1].rules[3].oneOf[10].use[1]!./node_modules/next/dist/build/webpack/loaders/postcss-loader/src/index.js??ruleSet[1].rules[3].oneOf[10].use[2]!./node_modules/next/dist/build/webpack/loaders/resolve-url-loader/index.js??ruleSet[1].rules[3].oneOf[10].use[3]!./node_modules/next/dist/compiled/sass-loader/cjs.js??ruleSet[1].rules[3].oneOf[10].use[4]!./styles/sass/style.scss
Warning

(1942:3) autoprefixer: end value has mixed support, consider using flex-end instead

./node_modules/next/dist/build/webpack/loaders/css-loader/src/index.js??ruleSet[1].rules[3].oneOf[10].use[1]!./node_modules/next/dist/build/webpack/loaders/postcss-loader/src/index.js??ruleSet[1].rules[3].oneOf[10].use[2]!./node_modules/next/dist/build/webpack/loaders/resolve-url-loader/index.js??ruleSet[1].rules[3].oneOf[10].use[3]!./node_modules/next/dist/compiled/sass-loader/cjs.js??ruleSet[1].rules[3].oneOf[10].use[4]!./styles/sass/style.scss
Warning

(3984:3) autoprefixer: Gradient has outdated direction syntax. New syntax is like `to left` instead of `right`.

./node_modules/next/dist/build/webpack/loaders/css-loader/src/index.js??ruleSet[1].rules[3].oneOf[10].use[1]!./node_modules/next/dist/build/webpack/loaders/postcss-loader/src/index.js??ruleSet[1].rules[3].oneOf[10].use[2]!./node_modules/next/dist/build/webpack/loaders/resolve-url-loader/index.js??ruleSet[1].rules[3].oneOf[10].use[3]!./node_modules/next/dist/compiled/sass-loader/cjs.js??ruleSet[1].rules[3].oneOf[10].use[4]!./styles/sass/style.scss
Warning

(11538:3) autoprefixer: end value has mixed support, consider using flex-end instead

./node_modules/next/dist/build/webpack/loaders/css-loader/src/index.js??ruleSet[1].rules[3].oneOf[10].use[1]!./node_modules/next/dist/build/webpack/loaders/postcss-loader/src/index.js??ruleSet[1].rules[3].oneOf[10].use[2]!./node_modules/next/dist/build/webpack/loaders/resolve-url-loader/index.js??ruleSet[1].rules[3].oneOf[10].use[3]!./node_modules/next/dist/compiled/sass-loader/cjs.js??ruleSet[1].rules[3].oneOf[10].use[4]!./styles/sass/style.scss
Warning

(13361:3) autoprefixer: end value has mixed support, consider using flex-end instead
wait  - compiling /404 (client and server)...
warn  - ./node_modules/next/dist/build/webpack/loaders/css-loader/src/index.js??ruleSet[1].rules[3].oneOf[10].use[1]!./node_modules/next/dist/build/webpack/loaders/postcss-loader/src/index.js??ruleSet[1].rules[3].oneOf[10].use[2]!./node_modules/next/dist/build/webpack/loaders/resolve-url-loader/index.js??ruleSet[1].rules[3].oneOf[10].use[3]!./node_modules/next/dist/compiled/sass-loader/cjs.js??ruleSet[1].rules[3].oneOf[10].use[4]!./styles/sass/style.scss
Warning

(601:3) autoprefixer: Gradient has outdated direction syntax. New syntax is like `to left` instead of `right`.

./node_modules/next/dist/build/webpack/loaders/css-loader/src/index.js??ruleSet[1].rules[3].oneOf[10].use[1]!./node_modules/next/dist/build/webpack/loaders/postcss-loader/src/index.js??ruleSet[1].rules[3].oneOf[10].use[2]!./node_modules/next/dist/build/webpack/loaders/resolve-url-loader/index.js??ruleSet[1].rules[3].oneOf[10].use[3]!./node_modules/next/dist/compiled/sass-loader/cjs.js??ruleSet[1].rules[3].oneOf[10].use[4]!./styles/sass/style.scss
Warning

(1742:3) autoprefixer: end value has mixed support, consider using flex-end instead

./node_modules/next/dist/build/webpack/loaders/css-loader/src/index.js??ruleSet[1].rules[3].oneOf[10].use[1]!./node_modules/next/dist/build/webpack/loaders/postcss-loader/src/index.js??ruleSet[1].rules[3].oneOf[10].use[2]!./node_modules/next/dist/build/webpack/loaders/resolve-url-loader/index.js??ruleSet[1].rules[3].oneOf[10].use[3]!./node_modules/next/dist/compiled/sass-loader/cjs.js??ruleSet[1].rules[3].oneOf[10].use[4]!./styles/sass/style.scss
Warning

(1942:3) autoprefixer: end value has mixed support, consider using flex-end instead

./node_modules/next/dist/build/webpack/loaders/css-loader/src/index.js??ruleSet[1].rules[3].oneOf[10].use[1]!./node_modules/next/dist/build/webpack/loaders/postcss-loader/src/index.js??ruleSet[1].rules[3].oneOf[10].use[2]!./node_modules/next/dist/build/webpack/loaders/resolve-url-loader/index.js??ruleSet[1].rules[3].oneOf[10].use[3]!./node_modules/next/dist/compiled/sass-loader/cjs.js??ruleSet[1].rules[3].oneOf[10].use[4]!./styles/sass/style.scss
Warning

(3984:3) autoprefixer: Gradient has outdated direction syntax. New syntax is like `to left` instead of `right`.

./node_modules/next/dist/build/webpack/loaders/css-loader/src/index.js??ruleSet[1].rules[3].oneOf[10].use[1]!./node_modules/next/dist/build/webpack/loaders/postcss-loader/src/index.js??ruleSet[1].rules[3].oneOf[10].use[2]!./node_modules/next/dist/build/webpack/loaders/resolve-url-loader/index.js??ruleSet[1].rules[3].oneOf[10].use[3]!./node_modules/next/dist/compiled/sass-loader/cjs.js??ruleSet[1].rules[3].oneOf[10].use[4]!./styles/sass/style.scss
Warning

(11538:3) autoprefixer: end value has mixed support, consider using flex-end instead

./node_modules/next/dist/build/webpack/loaders/css-loader/src/index.js??ruleSet[1].rules[3].oneOf[10].use[1]!./node_modules/next/dist/build/webpack/loaders/postcss-loader/src/index.js??ruleSet[1].rules[3].oneOf[10].use[2]!./node_modules/next/dist/build/webpack/loaders/resolve-url-loader/index.js??ruleSet[1].rules[3].oneOf[10].use[3]!./node_modules/next/dist/compiled/sass-loader/cjs.js??ruleSet[1].rules[3].oneOf[10].use[4]!./styles/sass/style.scss
Warning

(13361:3) autoprefixer: end value has mixed support, consider using flex-end instead
warn  - ./node_modules/next/dist/build/webpack/loaders/css-loader/src/index.js??ruleSet[1].rules[3].oneOf[10].use[1]!./node_modules/next/dist/build/webpack/loaders/postcss-loader/src/index.js??ruleSet[1].rules[3].oneOf[10].use[2]!./node_modules/next/dist/build/webpack/loaders/resolve-url-loader/index.js??ruleSet[1].rules[3].oneOf[10].use[3]!./node_modules/next/dist/compiled/sass-loader/cjs.js??ruleSet[1].rules[3].oneOf[10].use[4]!./styles/sass/style.scss
Warning

(601:3) autoprefixer: Gradient has outdated direction syntax. New syntax is like `to left` instead of `right`.

./node_modules/next/dist/build/webpack/loaders/css-loader/src/index.js??ruleSet[1].rules[3].oneOf[10].use[1]!./node_modules/next/dist/build/webpack/loaders/postcss-loader/src/index.js??ruleSet[1].rules[3].oneOf[10].use[2]!./node_modules/next/dist/build/webpack/loaders/resolve-url-loader/index.js??ruleSet[1].rules[3].oneOf[10].use[3]!./node_modules/next/dist/compiled/sass-loader/cjs.js??ruleSet[1].rules[3].oneOf[10].use[4]!./styles/sass/style.scss
Warning

(1742:3) autoprefixer: end value has mixed support, consider using flex-end instead

./node_modules/next/dist/build/webpack/loaders/css-loader/src/index.js??ruleSet[1].rules[3].oneOf[10].use[1]!./node_modules/next/dist/build/webpack/loaders/postcss-loader/src/index.js??ruleSet[1].rules[3].oneOf[10].use[2]!./node_modules/next/dist/build/webpack/loaders/resolve-url-loader/index.js??ruleSet[1].rules[3].oneOf[10].use[3]!./node_modules/next/dist/compiled/sass-loader/cjs.js??ruleSet[1].rules[3].oneOf[10].use[4]!./styles/sass/style.scss
Warning

(1942:3) autoprefixer: end value has mixed support, consider using flex-end instead

./node_modules/next/dist/build/webpack/loaders/css-loader/src/index.js??ruleSet[1].rules[3].oneOf[10].use[1]!./node_modules/next/dist/build/webpack/loaders/postcss-loader/src/index.js??ruleSet[1].rules[3].oneOf[10].use[2]!./node_modules/next/dist/build/webpack/loaders/resolve-url-loader/index.js??ruleSet[1].rules[3].oneOf[10].use[3]!./node_modules/next/dist/compiled/sass-loader/cjs.js??ruleSet[1].rules[3].oneOf[10].use[4]!./styles/sass/style.scss
Warning

(3984:3) autoprefixer: Gradient has outdated direction syntax. New syntax is like `to left` instead of `right`.

./node_modules/next/dist/build/webpack/loaders/css-loader/src/index.js??ruleSet[1].rules[3].oneOf[10].use[1]!./node_modules/next/dist/build/webpack/loaders/postcss-loader/src/index.js??ruleSet[1].rules[3].oneOf[10].use[2]!./node_modules/next/dist/build/webpack/loaders/resolve-url-loader/index.js??ruleSet[1].rules[3].oneOf[10].use[3]!./node_modules/next/dist/compiled/sass-loader/cjs.js??ruleSet[1].rules[3].oneOf[10].use[4]!./styles/sass/style.scss
Warning

(11538:3) autoprefixer: end value has mixed support, consider using flex-end instead

./node_modules/next/dist/build/webpack/loaders/css-loader/src/index.js??ruleSet[1].rules[3].oneOf[10].use[1]!./node_modules/next/dist/build/webpack/loaders/postcss-loader/src/index.js??ruleSet[1].rules[3].oneOf[10].use[2]!./node_modules/next/dist/build/webpack/loaders/resolve-url-loader/index.js??ruleSet[1].rules[3].oneOf[10].use[3]!./node_modules/next/dist/compiled/sass-loader/cjs.js??ruleSet[1].rules[3].oneOf[10].use[4]!./styles/sass/style.scss
Warning

(13361:3) autoprefixer: end value has mixed support, consider using flex-end instead
warn  - ./node_modules/next/dist/build/webpack/loaders/css-loader/src/index.js??ruleSet[1].rules[3].oneOf[10].use[1]!./node_modules/next/dist/build/webpack/loaders/postcss-loader/src/index.js??ruleSet[1].rules[3].oneOf[10].use[2]!./node_modules/next/dist/build/webpack/loaders/resolve-url-loader/index.js??ruleSet[1].rules[3].oneOf[10].use[3]!./node_modules/next/dist/compiled/sass-loader/cjs.js??ruleSet[1].rules[3].oneOf[10].use[4]!./styles/sass/style.scss
Warning

(601:3) autoprefixer: Gradient has outdated direction syntax. New syntax is like `to left` instead of `right`.

./node_modules/next/dist/build/webpack/loaders/css-loader/src/index.js??ruleSet[1].rules[3].oneOf[10].use[1]!./node_modules/next/dist/build/webpack/loaders/postcss-loader/src/index.js??ruleSet[1].rules[3].oneOf[10].use[2]!./node_modules/next/dist/build/webpack/loaders/resolve-url-loader/index.js??ruleSet[1].rules[3].oneOf[10].use[3]!./node_modules/next/dist/compiled/sass-loader/cjs.js??ruleSet[1].rules[3].oneOf[10].use[4]!./styles/sass/style.scss
Warning

(1742:3) autoprefixer: end value has mixed support, consider using flex-end instead

./node_modules/next/dist/build/webpack/loaders/css-loader/src/index.js??ruleSet[1].rules[3].oneOf[10].use[1]!./node_modules/next/dist/build/webpack/loaders/postcss-loader/src/index.js??ruleSet[1].rules[3].oneOf[10].use[2]!./node_modules/next/dist/build/webpack/loaders/resolve-url-loader/index.js??ruleSet[1].rules[3].oneOf[10].use[3]!./node_modules/next/dist/compiled/sass-loader/cjs.js??ruleSet[1].rules[3].oneOf[10].use[4]!./styles/sass/style.scss
Warning

(1942:3) autoprefixer: end value has mixed support, consider using flex-end instead

./node_modules/next/dist/build/webpack/loaders/css-loader/src/index.js??ruleSet[1].rules[3].oneOf[10].use[1]!./node_modules/next/dist/build/webpack/loaders/postcss-loader/src/index.js??ruleSet[1].rules[3].oneOf[10].use[2]!./node_modules/next/dist/build/webpack/loaders/resolve-url-loader/index.js??ruleSet[1].rules[3].oneOf[10].use[3]!./node_modules/next/dist/compiled/sass-loader/cjs.js??ruleSet[1].rules[3].oneOf[10].use[4]!./styles/sass/style.scss
Warning

(3984:3) autoprefixer: Gradient has outdated direction syntax. New syntax is like `to left` instead of `right`.

./node_modules/next/dist/build/webpack/loaders/css-loader/src/index.js??ruleSet[1].rules[3].oneOf[10].use[1]!./node_modules/next/dist/build/webpack/loaders/postcss-loader/src/index.js??ruleSet[1].rules[3].oneOf[10].use[2]!./node_modules/next/dist/build/webpack/loaders/resolve-url-loader/index.js??ruleSet[1].rules[3].oneOf[10].use[3]!./node_modules/next/dist/compiled/sass-loader/cjs.js??ruleSet[1].rules[3].oneOf[10].use[4]!./styles/sass/style.scss
Warning

(11538:3) autoprefixer: end value has mixed support, consider using flex-end instead

./node_modules/next/dist/build/webpack/loaders/css-loader/src/index.js??ruleSet[1].rules[3].oneOf[10].use[1]!./node_modules/next/dist/build/webpack/loaders/postcss-loader/src/index.js??ruleSet[1].rules[3].oneOf[10].use[2]!./node_modules/next/dist/build/webpack/loaders/resolve-url-loader/index.js??ruleSet[1].rules[3].oneOf[10].use[3]!./node_modules/next/dist/compiled/sass-loader/cjs.js??ruleSet[1].rules[3].oneOf[10].use[4]!./styles/sass/style.scss
Warning

(13361:3) autoprefixer: end value has mixed support, consider using flex-end instead
wait  - compiling...
error - ./components/MobileMenu/MobileMenu.js
Error: 
  x Expression expected
    ,-[62:1]
 62 |             </button>
 63 |         </div>
 64 |     </div>
 65 |     )
    :     ^
 66 | }
 67 | 
 68 | export default MobileMenu;
    `----

Caused by:
    0: failed to process input file
    1: Syntax Error
wait  - compiling...
warn  - ./node_modules/next/dist/build/webpack/loaders/css-loader/src/index.js??ruleSet[1].rules[3].oneOf[10].use[1]!./node_modules/next/dist/build/webpack/loaders/postcss-loader/src/index.js??ruleSet[1].rules[3].oneOf[10].use[2]!./node_modules/next/dist/build/webpack/loaders/resolve-url-loader/index.js??ruleSet[1].rules[3].oneOf[10].use[3]!./node_modules/next/dist/compiled/sass-loader/cjs.js??ruleSet[1].rules[3].oneOf[10].use[4]!./styles/sass/style.scss
Warning

(601:3) autoprefixer: Gradient has outdated direction syntax. New syntax is like `to left` instead of `right`.

./node_modules/next/dist/build/webpack/loaders/css-loader/src/index.js??ruleSet[1].rules[3].oneOf[10].use[1]!./node_modules/next/dist/build/webpack/loaders/postcss-loader/src/index.js??ruleSet[1].rules[3].oneOf[10].use[2]!./node_modules/next/dist/build/webpack/loaders/resolve-url-loader/index.js??ruleSet[1].rules[3].oneOf[10].use[3]!./node_modules/next/dist/compiled/sass-loader/cjs.js??ruleSet[1].rules[3].oneOf[10].use[4]!./styles/sass/style.scss
Warning

(1742:3) autoprefixer: end value has mixed support, consider using flex-end instead

./node_modules/next/dist/build/webpack/loaders/css-loader/src/index.js??ruleSet[1].rules[3].oneOf[10].use[1]!./node_modules/next/dist/build/webpack/loaders/postcss-loader/src/index.js??ruleSet[1].rules[3].oneOf[10].use[2]!./node_modules/next/dist/build/webpack/loaders/resolve-url-loader/index.js??ruleSet[1].rules[3].oneOf[10].use[3]!./node_modules/next/dist/compiled/sass-loader/cjs.js??ruleSet[1].rules[3].oneOf[10].use[4]!./styles/sass/style.scss
Warning

(1942:3) autoprefixer: end value has mixed support, consider using flex-end instead

./node_modules/next/dist/build/webpack/loaders/css-loader/src/index.js??ruleSet[1].rules[3].oneOf[10].use[1]!./node_modules/next/dist/build/webpack/loaders/postcss-loader/src/index.js??ruleSet[1].rules[3].oneOf[10].use[2]!./node_modules/next/dist/build/webpack/loaders/resolve-url-loader/index.js??ruleSet[1].rules[3].oneOf[10].use[3]!./node_modules/next/dist/compiled/sass-loader/cjs.js??ruleSet[1].rules[3].oneOf[10].use[4]!./styles/sass/style.scss
Warning

(3984:3) autoprefixer: Gradient has outdated direction syntax. New syntax is like `to left` instead of `right`.

./node_modules/next/dist/build/webpack/loaders/css-loader/src/index.js??ruleSet[1].rules[3].oneOf[10].use[1]!./node_modules/next/dist/build/webpack/loaders/postcss-loader/src/index.js??ruleSet[1].rules[3].oneOf[10].use[2]!./node_modules/next/dist/build/webpack/loaders/resolve-url-loader/index.js??ruleSet[1].rules[3].oneOf[10].use[3]!./node_modules/next/dist/compiled/sass-loader/cjs.js??ruleSet[1].rules[3].oneOf[10].use[4]!./styles/sass/style.scss
Warning

(11538:3) autoprefixer: end value has mixed support, consider using flex-end instead

./node_modules/next/dist/build/webpack/loaders/css-loader/src/index.js??ruleSet[1].rules[3].oneOf[10].use[1]!./node_modules/next/dist/build/webpack/loaders/postcss-loader/src/index.js??ruleSet[1].rules[3].oneOf[10].use[2]!./node_modules/next/dist/build/webpack/loaders/resolve-url-loader/index.js??ruleSet[1].rules[3].oneOf[10].use[3]!./node_modules/next/dist/compiled/sass-loader/cjs.js??ruleSet[1].rules[3].oneOf[10].use[4]!./styles/sass/style.scss
Warning

(13361:3) autoprefixer: end value has mixed support, consider using flex-end instead
wait  - compiling...
error - ./node_modules/next/dist/build/webpack/loaders/css-loader/src/index.js??ruleSet[1].rules[3].oneOf[10].use[1]!./node_modules/next/dist/build/webpack/loaders/postcss-loader/src/index.js??ruleSet[1].rules[3].oneOf[10].use[2]!./node_modules/next/dist/build/webpack/loaders/resolve-url-loader/index.js??ruleSet[1].rules[3].oneOf[10].use[3]!./node_modules/next/dist/compiled/sass-loader/cjs.js??ruleSet[1].rules[3].oneOf[10].use[4]!./styles/sass/style.scss
SassError: expected "}".
     ╷
2199 │     }
     │      ^
     ╵
  styles/sass/layout/_header.scss 2199:3  @import
  styles/sass/style.scss 128:9            root stylesheet
wait  - compiling...
warn  - ./node_modules/next/dist/build/webpack/loaders/css-loader/src/index.js??ruleSet[1].rules[3].oneOf[10].use[1]!./node_modules/next/dist/build/webpack/loaders/postcss-loader/src/index.js??ruleSet[1].rules[3].oneOf[10].use[2]!./node_modules/next/dist/build/webpack/loaders/resolve-url-loader/index.js??ruleSet[1].rules[3].oneOf[10].use[3]!./node_modules/next/dist/compiled/sass-loader/cjs.js??ruleSet[1].rules[3].oneOf[10].use[4]!./styles/sass/style.scss
Warning

(601:3) autoprefixer: Gradient has outdated direction syntax. New syntax is like `to left` instead of `right`.

./node_modules/next/dist/build/webpack/loaders/css-loader/src/index.js??ruleSet[1].rules[3].oneOf[10].use[1]!./node_modules/next/dist/build/webpack/loaders/postcss-loader/src/index.js??ruleSet[1].rules[3].oneOf[10].use[2]!./node_modules/next/dist/build/webpack/loaders/resolve-url-loader/index.js??ruleSet[1].rules[3].oneOf[10].use[3]!./node_modules/next/dist/compiled/sass-loader/cjs.js??ruleSet[1].rules[3].oneOf[10].use[4]!./styles/sass/style.scss
Warning

(1742:3) autoprefixer: end value has mixed support, consider using flex-end instead

./node_modules/next/dist/build/webpack/loaders/css-loader/src/index.js??ruleSet[1].rules[3].oneOf[10].use[1]!./node_modules/next/dist/build/webpack/loaders/postcss-loader/src/index.js??ruleSet[1].rules[3].oneOf[10].use[2]!./node_modules/next/dist/build/webpack/loaders/resolve-url-loader/index.js??ruleSet[1].rules[3].oneOf[10].use[3]!./node_modules/next/dist/compiled/sass-loader/cjs.js??ruleSet[1].rules[3].oneOf[10].use[4]!./styles/sass/style.scss
Warning

(1942:3) autoprefixer: end value has mixed support, consider using flex-end instead

./node_modules/next/dist/build/webpack/loaders/css-loader/src/index.js??ruleSet[1].rules[3].oneOf[10].use[1]!./node_modules/next/dist/build/webpack/loaders/postcss-loader/src/index.js??ruleSet[1].rules[3].oneOf[10].use[2]!./node_modules/next/dist/build/webpack/loaders/resolve-url-loader/index.js??ruleSet[1].rules[3].oneOf[10].use[3]!./node_modules/next/dist/compiled/sass-loader/cjs.js??ruleSet[1].rules[3].oneOf[10].use[4]!./styles/sass/style.scss
Warning

(3988:3) autoprefixer: Gradient has outdated direction syntax. New syntax is like `to left` instead of `right`.

./node_modules/next/dist/build/webpack/loaders/css-loader/src/index.js??ruleSet[1].rules[3].oneOf[10].use[1]!./node_modules/next/dist/build/webpack/loaders/postcss-loader/src/index.js??ruleSet[1].rules[3].oneOf[10].use[2]!./node_modules/next/dist/build/webpack/loaders/resolve-url-loader/index.js??ruleSet[1].rules[3].oneOf[10].use[3]!./node_modules/next/dist/compiled/sass-loader/cjs.js??ruleSet[1].rules[3].oneOf[10].use[4]!./styles/sass/style.scss
Warning

(11542:3) autoprefixer: end value has mixed support, consider using flex-end instead

./node_modules/next/dist/build/webpack/loaders/css-loader/src/index.js??ruleSet[1].rules[3].oneOf[10].use[1]!./node_modules/next/dist/build/webpack/loaders/postcss-loader/src/index.js??ruleSet[1].rules[3].oneOf[10].use[2]!./node_modules/next/dist/build/webpack/loaders/resolve-url-loader/index.js??ruleSet[1].rules[3].oneOf[10].use[3]!./node_modules/next/dist/compiled/sass-loader/cjs.js??ruleSet[1].rules[3].oneOf[10].use[4]!./styles/sass/style.scss
Warning

(13365:3) autoprefixer: end value has mixed support, consider using flex-end instead
<w> [webpack.cache.PackFileCacheStrategy] Skipped not serializable cache item 'Compilation/modules|/Users/aashishkumar/Documents/Development/innovatix/wecare/node_modules/next/dist/build/webpack/loaders/css-loader/src/index.js??ruleSet[1].rules[3].oneOf[10].use[1]!/Users/aashishkumar/Documents/Development/innovatix/wecare/node_modules/next/dist/build/webpack/loaders/postcss-loader/src/index.js??ruleSet[1].rules[3].oneOf[10].use[2]!/Users/aashishkumar/Documents/Development/innovatix/wecare/node_modules/next/dist/build/webpack/loaders/resolve-url-loader/index.js??ruleSet[1].rules[3].oneOf[10].use[3]!/Users/aashishkumar/Documents/Development/innovatix/wecare/node_modules/next/dist/compiled/sass-loader/cjs.js??ruleSet[1].rules[3].oneOf[10].use[4]!/Users/aashishkumar/Documents/Development/innovatix/wecare/styles/sass/style.scss': No serializer registered for Warning
<w> while serializing webpack/lib/cache/PackFileCacheStrategy.PackContentItems -> webpack/lib/NormalModule -> Array { 6 items } -> webpack/lib/ModuleWarning -> Warning
warn  - ./node_modules/next/dist/build/webpack/loaders/css-loader/src/index.js??ruleSet[1].rules[3].oneOf[10].use[1]!./node_modules/next/dist/build/webpack/loaders/postcss-loader/src/index.js??ruleSet[1].rules[3].oneOf[10].use[2]!./node_modules/next/dist/build/webpack/loaders/resolve-url-loader/index.js??ruleSet[1].rules[3].oneOf[10].use[3]!./node_modules/next/dist/compiled/sass-loader/cjs.js??ruleSet[1].rules[3].oneOf[10].use[4]!./styles/sass/style.scss
Warning

(601:3) autoprefixer: Gradient has outdated direction syntax. New syntax is like `to left` instead of `right`.

./node_modules/next/dist/build/webpack/loaders/css-loader/src/index.js??ruleSet[1].rules[3].oneOf[10].use[1]!./node_modules/next/dist/build/webpack/loaders/postcss-loader/src/index.js??ruleSet[1].rules[3].oneOf[10].use[2]!./node_modules/next/dist/build/webpack/loaders/resolve-url-loader/index.js??ruleSet[1].rules[3].oneOf[10].use[3]!./node_modules/next/dist/compiled/sass-loader/cjs.js??ruleSet[1].rules[3].oneOf[10].use[4]!./styles/sass/style.scss
Warning

(1742:3) autoprefixer: end value has mixed support, consider using flex-end instead

./node_modules/next/dist/build/webpack/loaders/css-loader/src/index.js??ruleSet[1].rules[3].oneOf[10].use[1]!./node_modules/next/dist/build/webpack/loaders/postcss-loader/src/index.js??ruleSet[1].rules[3].oneOf[10].use[2]!./node_modules/next/dist/build/webpack/loaders/resolve-url-loader/index.js??ruleSet[1].rules[3].oneOf[10].use[3]!./node_modules/next/dist/compiled/sass-loader/cjs.js??ruleSet[1].rules[3].oneOf[10].use[4]!./styles/sass/style.scss
Warning

(1942:3) autoprefixer: end value has mixed support, consider using flex-end instead

./node_modules/next/dist/build/webpack/loaders/css-loader/src/index.js??ruleSet[1].rules[3].oneOf[10].use[1]!./node_modules/next/dist/build/webpack/loaders/postcss-loader/src/index.js??ruleSet[1].rules[3].oneOf[10].use[2]!./node_modules/next/dist/build/webpack/loaders/resolve-url-loader/index.js??ruleSet[1].rules[3].oneOf[10].use[3]!./node_modules/next/dist/compiled/sass-loader/cjs.js??ruleSet[1].rules[3].oneOf[10].use[4]!./styles/sass/style.scss
Warning

(3988:3) autoprefixer: Gradient has outdated direction syntax. New syntax is like `to left` instead of `right`.

./node_modules/next/dist/build/webpack/loaders/css-loader/src/index.js??ruleSet[1].rules[3].oneOf[10].use[1]!./node_modules/next/dist/build/webpack/loaders/postcss-loader/src/index.js??ruleSet[1].rules[3].oneOf[10].use[2]!./node_modules/next/dist/build/webpack/loaders/resolve-url-loader/index.js??ruleSet[1].rules[3].oneOf[10].use[3]!./node_modules/next/dist/compiled/sass-loader/cjs.js??ruleSet[1].rules[3].oneOf[10].use[4]!./styles/sass/style.scss
Warning

(11542:3) autoprefixer: end value has mixed support, consider using flex-end instead

./node_modules/next/dist/build/webpack/loaders/css-loader/src/index.js??ruleSet[1].rules[3].oneOf[10].use[1]!./node_modules/next/dist/build/webpack/loaders/postcss-loader/src/index.js??ruleSet[1].rules[3].oneOf[10].use[2]!./node_modules/next/dist/build/webpack/loaders/resolve-url-loader/index.js??ruleSet[1].rules[3].oneOf[10].use[3]!./node_modules/next/dist/compiled/sass-loader/cjs.js??ruleSet[1].rules[3].oneOf[10].use[4]!./styles/sass/style.scss
Warning

(13365:3) autoprefixer: end value has mixed support, consider using flex-end instead
wait  - compiling /...
warn  - ./node_modules/next/dist/build/webpack/loaders/css-loader/src/index.js??ruleSet[1].rules[3].oneOf[10].use[1]!./node_modules/next/dist/build/webpack/loaders/postcss-loader/src/index.js??ruleSet[1].rules[3].oneOf[10].use[2]!./node_modules/next/dist/build/webpack/loaders/resolve-url-loader/index.js??ruleSet[1].rules[3].oneOf[10].use[3]!./node_modules/next/dist/compiled/sass-loader/cjs.js??ruleSet[1].rules[3].oneOf[10].use[4]!./styles/sass/style.scss
Warning

(601:3) autoprefixer: Gradient has outdated direction syntax. New syntax is like `to left` instead of `right`.

./node_modules/next/dist/build/webpack/loaders/css-loader/src/index.js??ruleSet[1].rules[3].oneOf[10].use[1]!./node_modules/next/dist/build/webpack/loaders/postcss-loader/src/index.js??ruleSet[1].rules[3].oneOf[10].use[2]!./node_modules/next/dist/build/webpack/loaders/resolve-url-loader/index.js??ruleSet[1].rules[3].oneOf[10].use[3]!./node_modules/next/dist/compiled/sass-loader/cjs.js??ruleSet[1].rules[3].oneOf[10].use[4]!./styles/sass/style.scss
Warning

(1742:3) autoprefixer: end value has mixed support, consider using flex-end instead

./node_modules/next/dist/build/webpack/loaders/css-loader/src/index.js??ruleSet[1].rules[3].oneOf[10].use[1]!./node_modules/next/dist/build/webpack/loaders/postcss-loader/src/index.js??ruleSet[1].rules[3].oneOf[10].use[2]!./node_modules/next/dist/build/webpack/loaders/resolve-url-loader/index.js??ruleSet[1].rules[3].oneOf[10].use[3]!./node_modules/next/dist/compiled/sass-loader/cjs.js??ruleSet[1].rules[3].oneOf[10].use[4]!./styles/sass/style.scss
Warning

(1942:3) autoprefixer: end value has mixed support, consider using flex-end instead

./node_modules/next/dist/build/webpack/loaders/css-loader/src/index.js??ruleSet[1].rules[3].oneOf[10].use[1]!./node_modules/next/dist/build/webpack/loaders/postcss-loader/src/index.js??ruleSet[1].rules[3].oneOf[10].use[2]!./node_modules/next/dist/build/webpack/loaders/resolve-url-loader/index.js??ruleSet[1].rules[3].oneOf[10].use[3]!./node_modules/next/dist/compiled/sass-loader/cjs.js??ruleSet[1].rules[3].oneOf[10].use[4]!./styles/sass/style.scss
Warning

(3988:3) autoprefixer: Gradient has outdated direction syntax. New syntax is like `to left` instead of `right`.

./node_modules/next/dist/build/webpack/loaders/css-loader/src/index.js??ruleSet[1].rules[3].oneOf[10].use[1]!./node_modules/next/dist/build/webpack/loaders/postcss-loader/src/index.js??ruleSet[1].rules[3].oneOf[10].use[2]!./node_modules/next/dist/build/webpack/loaders/resolve-url-loader/index.js??ruleSet[1].rules[3].oneOf[10].use[3]!./node_modules/next/dist/compiled/sass-loader/cjs.js??ruleSet[1].rules[3].oneOf[10].use[4]!./styles/sass/style.scss
Warning

(11542:3) autoprefixer: end value has mixed support, consider using flex-end instead

./node_modules/next/dist/build/webpack/loaders/css-loader/src/index.js??ruleSet[1].rules[3].oneOf[10].use[1]!./node_modules/next/dist/build/webpack/loaders/postcss-loader/src/index.js??ruleSet[1].rules[3].oneOf[10].use[2]!./node_modules/next/dist/build/webpack/loaders/resolve-url-loader/index.js??ruleSet[1].rules[3].oneOf[10].use[3]!./node_modules/next/dist/compiled/sass-loader/cjs.js??ruleSet[1].rules[3].oneOf[10].use[4]!./styles/sass/style.scss
Warning

(13365:3) autoprefixer: end value has mixed support, consider using flex-end instead
warn  - ./node_modules/next/dist/build/webpack/loaders/css-loader/src/index.js??ruleSet[1].rules[3].oneOf[10].use[1]!./node_modules/next/dist/build/webpack/loaders/postcss-loader/src/index.js??ruleSet[1].rules[3].oneOf[10].use[2]!./node_modules/next/dist/build/webpack/loaders/resolve-url-loader/index.js??ruleSet[1].rules[3].oneOf[10].use[3]!./node_modules/next/dist/compiled/sass-loader/cjs.js??ruleSet[1].rules[3].oneOf[10].use[4]!./styles/sass/style.scss
Warning

(601:3) autoprefixer: Gradient has outdated direction syntax. New syntax is like `to left` instead of `right`.

./node_modules/next/dist/build/webpack/loaders/css-loader/src/index.js??ruleSet[1].rules[3].oneOf[10].use[1]!./node_modules/next/dist/build/webpack/loaders/postcss-loader/src/index.js??ruleSet[1].rules[3].oneOf[10].use[2]!./node_modules/next/dist/build/webpack/loaders/resolve-url-loader/index.js??ruleSet[1].rules[3].oneOf[10].use[3]!./node_modules/next/dist/compiled/sass-loader/cjs.js??ruleSet[1].rules[3].oneOf[10].use[4]!./styles/sass/style.scss
Warning

(1742:3) autoprefixer: end value has mixed support, consider using flex-end instead

./node_modules/next/dist/build/webpack/loaders/css-loader/src/index.js??ruleSet[1].rules[3].oneOf[10].use[1]!./node_modules/next/dist/build/webpack/loaders/postcss-loader/src/index.js??ruleSet[1].rules[3].oneOf[10].use[2]!./node_modules/next/dist/build/webpack/loaders/resolve-url-loader/index.js??ruleSet[1].rules[3].oneOf[10].use[3]!./node_modules/next/dist/compiled/sass-loader/cjs.js??ruleSet[1].rules[3].oneOf[10].use[4]!./styles/sass/style.scss
Warning

(1942:3) autoprefixer: end value has mixed support, consider using flex-end instead

./node_modules/next/dist/build/webpack/loaders/css-loader/src/index.js??ruleSet[1].rules[3].oneOf[10].use[1]!./node_modules/next/dist/build/webpack/loaders/postcss-loader/src/index.js??ruleSet[1].rules[3].oneOf[10].use[2]!./node_modules/next/dist/build/webpack/loaders/resolve-url-loader/index.js??ruleSet[1].rules[3].oneOf[10].use[3]!./node_modules/next/dist/compiled/sass-loader/cjs.js??ruleSet[1].rules[3].oneOf[10].use[4]!./styles/sass/style.scss
Warning

(3988:3) autoprefixer: Gradient has outdated direction syntax. New syntax is like `to left` instead of `right`.

./node_modules/next/dist/build/webpack/loaders/css-loader/src/index.js??ruleSet[1].rules[3].oneOf[10].use[1]!./node_modules/next/dist/build/webpack/loaders/postcss-loader/src/index.js??ruleSet[1].rules[3].oneOf[10].use[2]!./node_modules/next/dist/build/webpack/loaders/resolve-url-loader/index.js??ruleSet[1].rules[3].oneOf[10].use[3]!./node_modules/next/dist/compiled/sass-loader/cjs.js??ruleSet[1].rules[3].oneOf[10].use[4]!./styles/sass/style.scss
Warning

(11542:3) autoprefixer: end value has mixed support, consider using flex-end instead

./node_modules/next/dist/build/webpack/loaders/css-loader/src/index.js??ruleSet[1].rules[3].oneOf[10].use[1]!./node_modules/next/dist/build/webpack/loaders/postcss-loader/src/index.js??ruleSet[1].rules[3].oneOf[10].use[2]!./node_modules/next/dist/build/webpack/loaders/resolve-url-loader/index.js??ruleSet[1].rules[3].oneOf[10].use[3]!./node_modules/next/dist/compiled/sass-loader/cjs.js??ruleSet[1].rules[3].oneOf[10].use[4]!./styles/sass/style.scss
Warning

(13365:3) autoprefixer: end value has mixed support, consider using flex-end instead
wait  - compiling /404 (client and server)...
warn  - ./node_modules/next/dist/build/webpack/loaders/css-loader/src/index.js??ruleSet[1].rules[3].oneOf[10].use[1]!./node_modules/next/dist/build/webpack/loaders/postcss-loader/src/index.js??ruleSet[1].rules[3].oneOf[10].use[2]!./node_modules/next/dist/build/webpack/loaders/resolve-url-loader/index.js??ruleSet[1].rules[3].oneOf[10].use[3]!./node_modules/next/dist/compiled/sass-loader/cjs.js??ruleSet[1].rules[3].oneOf[10].use[4]!./styles/sass/style.scss
Warning

(601:3) autoprefixer: Gradient has outdated direction syntax. New syntax is like `to left` instead of `right`.

./node_modules/next/dist/build/webpack/loaders/css-loader/src/index.js??ruleSet[1].rules[3].oneOf[10].use[1]!./node_modules/next/dist/build/webpack/loaders/postcss-loader/src/index.js??ruleSet[1].rules[3].oneOf[10].use[2]!./node_modules/next/dist/build/webpack/loaders/resolve-url-loader/index.js??ruleSet[1].rules[3].oneOf[10].use[3]!./node_modules/next/dist/compiled/sass-loader/cjs.js??ruleSet[1].rules[3].oneOf[10].use[4]!./styles/sass/style.scss
Warning

(1742:3) autoprefixer: end value has mixed support, consider using flex-end instead

./node_modules/next/dist/build/webpack/loaders/css-loader/src/index.js??ruleSet[1].rules[3].oneOf[10].use[1]!./node_modules/next/dist/build/webpack/loaders/postcss-loader/src/index.js??ruleSet[1].rules[3].oneOf[10].use[2]!./node_modules/next/dist/build/webpack/loaders/resolve-url-loader/index.js??ruleSet[1].rules[3].oneOf[10].use[3]!./node_modules/next/dist/compiled/sass-loader/cjs.js??ruleSet[1].rules[3].oneOf[10].use[4]!./styles/sass/style.scss
Warning

(1942:3) autoprefixer: end value has mixed support, consider using flex-end instead

./node_modules/next/dist/build/webpack/loaders/css-loader/src/index.js??ruleSet[1].rules[3].oneOf[10].use[1]!./node_modules/next/dist/build/webpack/loaders/postcss-loader/src/index.js??ruleSet[1].rules[3].oneOf[10].use[2]!./node_modules/next/dist/build/webpack/loaders/resolve-url-loader/index.js??ruleSet[1].rules[3].oneOf[10].use[3]!./node_modules/next/dist/compiled/sass-loader/cjs.js??ruleSet[1].rules[3].oneOf[10].use[4]!./styles/sass/style.scss
Warning

(3988:3) autoprefixer: Gradient has outdated direction syntax. New syntax is like `to left` instead of `right`.

./node_modules/next/dist/build/webpack/loaders/css-loader/src/index.js??ruleSet[1].rules[3].oneOf[10].use[1]!./node_modules/next/dist/build/webpack/loaders/postcss-loader/src/index.js??ruleSet[1].rules[3].oneOf[10].use[2]!./node_modules/next/dist/build/webpack/loaders/resolve-url-loader/index.js??ruleSet[1].rules[3].oneOf[10].use[3]!./node_modules/next/dist/compiled/sass-loader/cjs.js??ruleSet[1].rules[3].oneOf[10].use[4]!./styles/sass/style.scss
Warning

(11542:3) autoprefixer: end value has mixed support, consider using flex-end instead

./node_modules/next/dist/build/webpack/loaders/css-loader/src/index.js??ruleSet[1].rules[3].oneOf[10].use[1]!./node_modules/next/dist/build/webpack/loaders/postcss-loader/src/index.js??ruleSet[1].rules[3].oneOf[10].use[2]!./node_modules/next/dist/build/webpack/loaders/resolve-url-loader/index.js??ruleSet[1].rules[3].oneOf[10].use[3]!./node_modules/next/dist/compiled/sass-loader/cjs.js??ruleSet[1].rules[3].oneOf[10].use[4]!./styles/sass/style.scss
Warning

(13365:3) autoprefixer: end value has mixed support, consider using flex-end instead
wait  - compiling...
warn  - ./node_modules/next/dist/build/webpack/loaders/css-loader/src/index.js??ruleSet[1].rules[3].oneOf[10].use[1]!./node_modules/next/dist/build/webpack/loaders/postcss-loader/src/index.js??ruleSet[1].rules[3].oneOf[10].use[2]!./node_modules/next/dist/build/webpack/loaders/resolve-url-loader/index.js??ruleSet[1].rules[3].oneOf[10].use[3]!./node_modules/next/dist/compiled/sass-loader/cjs.js??ruleSet[1].rules[3].oneOf[10].use[4]!./styles/sass/style.scss
Warning

(601:3) autoprefixer: Gradient has outdated direction syntax. New syntax is like `to left` instead of `right`.

./node_modules/next/dist/build/webpack/loaders/css-loader/src/index.js??ruleSet[1].rules[3].oneOf[10].use[1]!./node_modules/next/dist/build/webpack/loaders/postcss-loader/src/index.js??ruleSet[1].rules[3].oneOf[10].use[2]!./node_modules/next/dist/build/webpack/loaders/resolve-url-loader/index.js??ruleSet[1].rules[3].oneOf[10].use[3]!./node_modules/next/dist/compiled/sass-loader/cjs.js??ruleSet[1].rules[3].oneOf[10].use[4]!./styles/sass/style.scss
Warning

(1742:3) autoprefixer: end value has mixed support, consider using flex-end instead

./node_modules/next/dist/build/webpack/loaders/css-loader/src/index.js??ruleSet[1].rules[3].oneOf[10].use[1]!./node_modules/next/dist/build/webpack/loaders/postcss-loader/src/index.js??ruleSet[1].rules[3].oneOf[10].use[2]!./node_modules/next/dist/build/webpack/loaders/resolve-url-loader/index.js??ruleSet[1].rules[3].oneOf[10].use[3]!./node_modules/next/dist/compiled/sass-loader/cjs.js??ruleSet[1].rules[3].oneOf[10].use[4]!./styles/sass/style.scss
Warning

(1942:3) autoprefixer: end value has mixed support, consider using flex-end instead

./node_modules/next/dist/build/webpack/loaders/css-loader/src/index.js??ruleSet[1].rules[3].oneOf[10].use[1]!./node_modules/next/dist/build/webpack/loaders/postcss-loader/src/index.js??ruleSet[1].rules[3].oneOf[10].use[2]!./node_modules/next/dist/build/webpack/loaders/resolve-url-loader/index.js??ruleSet[1].rules[3].oneOf[10].use[3]!./node_modules/next/dist/compiled/sass-loader/cjs.js??ruleSet[1].rules[3].oneOf[10].use[4]!./styles/sass/style.scss
Warning

(3988:3) autoprefixer: Gradient has outdated direction syntax. New syntax is like `to left` instead of `right`.

./node_modules/next/dist/build/webpack/loaders/css-loader/src/index.js??ruleSet[1].rules[3].oneOf[10].use[1]!./node_modules/next/dist/build/webpack/loaders/postcss-loader/src/index.js??ruleSet[1].rules[3].oneOf[10].use[2]!./node_modules/next/dist/build/webpack/loaders/resolve-url-loader/index.js??ruleSet[1].rules[3].oneOf[10].use[3]!./node_modules/next/dist/compiled/sass-loader/cjs.js??ruleSet[1].rules[3].oneOf[10].use[4]!./styles/sass/style.scss
Warning

(11542:3) autoprefixer: end value has mixed support, consider using flex-end instead

./node_modules/next/dist/build/webpack/loaders/css-loader/src/index.js??ruleSet[1].rules[3].oneOf[10].use[1]!./node_modules/next/dist/build/webpack/loaders/postcss-loader/src/index.js??ruleSet[1].rules[3].oneOf[10].use[2]!./node_modules/next/dist/build/webpack/loaders/resolve-url-loader/index.js??ruleSet[1].rules[3].oneOf[10].use[3]!./node_modules/next/dist/compiled/sass-loader/cjs.js??ruleSet[1].rules[3].oneOf[10].use[4]!./styles/sass/style.scss
Warning

(13365:3) autoprefixer: end value has mixed support, consider using flex-end instead
wait  - compiling...
error - ./node_modules/next/dist/build/webpack/loaders/css-loader/src/index.js??ruleSet[1].rules[3].oneOf[10].use[1]!./node_modules/next/dist/build/webpack/loaders/postcss-loader/src/index.js??ruleSet[1].rules[3].oneOf[10].use[2]!./node_modules/next/dist/build/webpack/loaders/resolve-url-loader/index.js??ruleSet[1].rules[3].oneOf[10].use[3]!./node_modules/next/dist/compiled/sass-loader/cjs.js??ruleSet[1].rules[3].oneOf[10].use[4]!./styles/sass/style.scss
SassError: expected "}".
   ╷
98 │     }
   │      ^
   ╵
  styles/sass/components/_services-sidber.scss 98:6  @import
  styles/sass/style.scss 125:9                       root stylesheet
<w> [webpack.cache.PackFileCacheStrategy] Skipped not serializable cache item 'Compilation/modules|/Users/aashishkumar/Documents/Development/innovatix/wecare/node_modules/next/dist/build/webpack/loaders/css-loader/src/index.js??ruleSet[1].rules[3].oneOf[10].use[1]!/Users/aashishkumar/Documents/Development/innovatix/wecare/node_modules/next/dist/build/webpack/loaders/postcss-loader/src/index.js??ruleSet[1].rules[3].oneOf[10].use[2]!/Users/aashishkumar/Documents/Development/innovatix/wecare/node_modules/next/dist/build/webpack/loaders/resolve-url-loader/index.js??ruleSet[1].rules[3].oneOf[10].use[3]!/Users/aashishkumar/Documents/Development/innovatix/wecare/node_modules/next/dist/compiled/sass-loader/cjs.js??ruleSet[1].rules[3].oneOf[10].use[4]!/Users/aashishkumar/Documents/Development/innovatix/wecare/styles/sass/style.scss': No serializer registered for SassError
<w> while serializing webpack/lib/cache/PackFileCacheStrategy.PackContentItems -> webpack/lib/NormalModule -> webpack/lib/ModuleBuildError -> SassError
wait  - compiling...
error - ./node_modules/next/dist/build/webpack/loaders/css-loader/src/index.js??ruleSet[1].rules[3].oneOf[10].use[1]!./node_modules/next/dist/build/webpack/loaders/postcss-loader/src/index.js??ruleSet[1].rules[3].oneOf[10].use[2]!./node_modules/next/dist/build/webpack/loaders/resolve-url-loader/index.js??ruleSet[1].rules[3].oneOf[10].use[3]!./node_modules/next/dist/compiled/sass-loader/cjs.js??ruleSet[1].rules[3].oneOf[10].use[4]!./styles/sass/style.scss
SassError: expected "}".
    ╷
142 │     }
    │      ^
    ╵
  styles/sass/components/_services-sidber.scss 142:6  @import
  styles/sass/style.scss 125:9                        root stylesheet
wait  - compiling /_error (client and server)...
error - ./node_modules/next/dist/build/webpack/loaders/css-loader/src/index.js??ruleSet[1].rules[3].oneOf[10].use[1]!./node_modules/next/dist/build/webpack/loaders/postcss-loader/src/index.js??ruleSet[1].rules[3].oneOf[10].use[2]!./node_modules/next/dist/build/webpack/loaders/resolve-url-loader/index.js??ruleSet[1].rules[3].oneOf[10].use[3]!./node_modules/next/dist/compiled/sass-loader/cjs.js??ruleSet[1].rules[3].oneOf[10].use[4]!./styles/sass/style.scss
SassError: expected "}".
    ╷
142 │     }
    │      ^
    ╵
  styles/sass/components/_services-sidber.scss 142:6  @import
  styles/sass/style.scss 125:9                        root stylesheet
<w> [webpack.cache.PackFileCacheStrategy] Skipped not serializable cache item 'Compilation/modules|/Users/aashishkumar/Documents/Development/innovatix/wecare/node_modules/next/dist/build/webpack/loaders/css-loader/src/index.js??ruleSet[1].rules[3].oneOf[10].use[1]!/Users/aashishkumar/Documents/Development/innovatix/wecare/node_modules/next/dist/build/webpack/loaders/postcss-loader/src/index.js??ruleSet[1].rules[3].oneOf[10].use[2]!/Users/aashishkumar/Documents/Development/innovatix/wecare/node_modules/next/dist/build/webpack/loaders/resolve-url-loader/index.js??ruleSet[1].rules[3].oneOf[10].use[3]!/Users/aashishkumar/Documents/Development/innovatix/wecare/node_modules/next/dist/compiled/sass-loader/cjs.js??ruleSet[1].rules[3].oneOf[10].use[4]!/Users/aashishkumar/Documents/Development/innovatix/wecare/styles/sass/style.scss': No serializer registered for SassError
<w> while serializing webpack/lib/cache/PackFileCacheStrategy.PackContentItems -> webpack/lib/NormalModule -> webpack/lib/ModuleBuildError -> SassError
wait  - compiling...
error - ./node_modules/next/dist/build/webpack/loaders/css-loader/src/index.js??ruleSet[1].rules[3].oneOf[10].use[1]!./node_modules/next/dist/build/webpack/loaders/postcss-loader/src/index.js??ruleSet[1].rules[3].oneOf[10].use[2]!./node_modules/next/dist/build/webpack/loaders/resolve-url-loader/index.js??ruleSet[1].rules[3].oneOf[10].use[3]!./node_modules/next/dist/compiled/sass-loader/cjs.js??ruleSet[1].rules[3].oneOf[10].use[4]!./styles/sass/style.scss
SassError: unmatched "}".
    ╷
144 │ }
    │ ^
    ╵
  styles/sass/components/_services-sidber.scss 144:1  @import
  styles/sass/style.scss 125:9                        root stylesheet
wait  - compiling...
warn  - ./node_modules/next/dist/build/webpack/loaders/css-loader/src/index.js??ruleSet[1].rules[3].oneOf[10].use[1]!./node_modules/next/dist/build/webpack/loaders/postcss-loader/src/index.js??ruleSet[1].rules[3].oneOf[10].use[2]!./node_modules/next/dist/build/webpack/loaders/resolve-url-loader/index.js??ruleSet[1].rules[3].oneOf[10].use[3]!./node_modules/next/dist/compiled/sass-loader/cjs.js??ruleSet[1].rules[3].oneOf[10].use[4]!./styles/sass/style.scss
Warning

(601:3) autoprefixer: Gradient has outdated direction syntax. New syntax is like `to left` instead of `right`.

./node_modules/next/dist/build/webpack/loaders/css-loader/src/index.js??ruleSet[1].rules[3].oneOf[10].use[1]!./node_modules/next/dist/build/webpack/loaders/postcss-loader/src/index.js??ruleSet[1].rules[3].oneOf[10].use[2]!./node_modules/next/dist/build/webpack/loaders/resolve-url-loader/index.js??ruleSet[1].rules[3].oneOf[10].use[3]!./node_modules/next/dist/compiled/sass-loader/cjs.js??ruleSet[1].rules[3].oneOf[10].use[4]!./styles/sass/style.scss
Warning

(1763:3) autoprefixer: end value has mixed support, consider using flex-end instead

./node_modules/next/dist/build/webpack/loaders/css-loader/src/index.js??ruleSet[1].rules[3].oneOf[10].use[1]!./node_modules/next/dist/build/webpack/loaders/postcss-loader/src/index.js??ruleSet[1].rules[3].oneOf[10].use[2]!./node_modules/next/dist/build/webpack/loaders/resolve-url-loader/index.js??ruleSet[1].rules[3].oneOf[10].use[3]!./node_modules/next/dist/compiled/sass-loader/cjs.js??ruleSet[1].rules[3].oneOf[10].use[4]!./styles/sass/style.scss
Warning

(1963:3) autoprefixer: end value has mixed support, consider using flex-end instead

./node_modules/next/dist/build/webpack/loaders/css-loader/src/index.js??ruleSet[1].rules[3].oneOf[10].use[1]!./node_modules/next/dist/build/webpack/loaders/postcss-loader/src/index.js??ruleSet[1].rules[3].oneOf[10].use[2]!./node_modules/next/dist/build/webpack/loaders/resolve-url-loader/index.js??ruleSet[1].rules[3].oneOf[10].use[3]!./node_modules/next/dist/compiled/sass-loader/cjs.js??ruleSet[1].rules[3].oneOf[10].use[4]!./styles/sass/style.scss
Warning

(4009:3) autoprefixer: Gradient has outdated direction syntax. New syntax is like `to left` instead of `right`.

./node_modules/next/dist/build/webpack/loaders/css-loader/src/index.js??ruleSet[1].rules[3].oneOf[10].use[1]!./node_modules/next/dist/build/webpack/loaders/postcss-loader/src/index.js??ruleSet[1].rules[3].oneOf[10].use[2]!./node_modules/next/dist/build/webpack/loaders/resolve-url-loader/index.js??ruleSet[1].rules[3].oneOf[10].use[3]!./node_modules/next/dist/compiled/sass-loader/cjs.js??ruleSet[1].rules[3].oneOf[10].use[4]!./styles/sass/style.scss
Warning

(11563:3) autoprefixer: end value has mixed support, consider using flex-end instead

./node_modules/next/dist/build/webpack/loaders/css-loader/src/index.js??ruleSet[1].rules[3].oneOf[10].use[1]!./node_modules/next/dist/build/webpack/loaders/postcss-loader/src/index.js??ruleSet[1].rules[3].oneOf[10].use[2]!./node_modules/next/dist/build/webpack/loaders/resolve-url-loader/index.js??ruleSet[1].rules[3].oneOf[10].use[3]!./node_modules/next/dist/compiled/sass-loader/cjs.js??ruleSet[1].rules[3].oneOf[10].use[4]!./styles/sass/style.scss
Warning

(13386:3) autoprefixer: end value has mixed support, consider using flex-end instead
warn  - ./node_modules/next/dist/build/webpack/loaders/css-loader/src/index.js??ruleSet[1].rules[3].oneOf[10].use[1]!./node_modules/next/dist/build/webpack/loaders/postcss-loader/src/index.js??ruleSet[1].rules[3].oneOf[10].use[2]!./node_modules/next/dist/build/webpack/loaders/resolve-url-loader/index.js??ruleSet[1].rules[3].oneOf[10].use[3]!./node_modules/next/dist/compiled/sass-loader/cjs.js??ruleSet[1].rules[3].oneOf[10].use[4]!./styles/sass/style.scss
Warning

(601:3) autoprefixer: Gradient has outdated direction syntax. New syntax is like `to left` instead of `right`.

./node_modules/next/dist/build/webpack/loaders/css-loader/src/index.js??ruleSet[1].rules[3].oneOf[10].use[1]!./node_modules/next/dist/build/webpack/loaders/postcss-loader/src/index.js??ruleSet[1].rules[3].oneOf[10].use[2]!./node_modules/next/dist/build/webpack/loaders/resolve-url-loader/index.js??ruleSet[1].rules[3].oneOf[10].use[3]!./node_modules/next/dist/compiled/sass-loader/cjs.js??ruleSet[1].rules[3].oneOf[10].use[4]!./styles/sass/style.scss
Warning

(1763:3) autoprefixer: end value has mixed support, consider using flex-end instead

./node_modules/next/dist/build/webpack/loaders/css-loader/src/index.js??ruleSet[1].rules[3].oneOf[10].use[1]!./node_modules/next/dist/build/webpack/loaders/postcss-loader/src/index.js??ruleSet[1].rules[3].oneOf[10].use[2]!./node_modules/next/dist/build/webpack/loaders/resolve-url-loader/index.js??ruleSet[1].rules[3].oneOf[10].use[3]!./node_modules/next/dist/compiled/sass-loader/cjs.js??ruleSet[1].rules[3].oneOf[10].use[4]!./styles/sass/style.scss
Warning

(1963:3) autoprefixer: end value has mixed support, consider using flex-end instead

./node_modules/next/dist/build/webpack/loaders/css-loader/src/index.js??ruleSet[1].rules[3].oneOf[10].use[1]!./node_modules/next/dist/build/webpack/loaders/postcss-loader/src/index.js??ruleSet[1].rules[3].oneOf[10].use[2]!./node_modules/next/dist/build/webpack/loaders/resolve-url-loader/index.js??ruleSet[1].rules[3].oneOf[10].use[3]!./node_modules/next/dist/compiled/sass-loader/cjs.js??ruleSet[1].rules[3].oneOf[10].use[4]!./styles/sass/style.scss
Warning

(4009:3) autoprefixer: Gradient has outdated direction syntax. New syntax is like `to left` instead of `right`.

./node_modules/next/dist/build/webpack/loaders/css-loader/src/index.js??ruleSet[1].rules[3].oneOf[10].use[1]!./node_modules/next/dist/build/webpack/loaders/postcss-loader/src/index.js??ruleSet[1].rules[3].oneOf[10].use[2]!./node_modules/next/dist/build/webpack/loaders/resolve-url-loader/index.js??ruleSet[1].rules[3].oneOf[10].use[3]!./node_modules/next/dist/compiled/sass-loader/cjs.js??ruleSet[1].rules[3].oneOf[10].use[4]!./styles/sass/style.scss
Warning

(11563:3) autoprefixer: end value has mixed support, consider using flex-end instead

./node_modules/next/dist/build/webpack/loaders/css-loader/src/index.js??ruleSet[1].rules[3].oneOf[10].use[1]!./node_modules/next/dist/build/webpack/loaders/postcss-loader/src/index.js??ruleSet[1].rules[3].oneOf[10].use[2]!./node_modules/next/dist/build/webpack/loaders/resolve-url-loader/index.js??ruleSet[1].rules[3].oneOf[10].use[3]!./node_modules/next/dist/compiled/sass-loader/cjs.js??ruleSet[1].rules[3].oneOf[10].use[4]!./styles/sass/style.scss
Warning

(13386:3) autoprefixer: end value has mixed support, consider using flex-end instead
wait  - compiling /404 (client and server)...
warn  - ./node_modules/next/dist/build/webpack/loaders/css-loader/src/index.js??ruleSet[1].rules[3].oneOf[10].use[1]!./node_modules/next/dist/build/webpack/loaders/postcss-loader/src/index.js??ruleSet[1].rules[3].oneOf[10].use[2]!./node_modules/next/dist/build/webpack/loaders/resolve-url-loader/index.js??ruleSet[1].rules[3].oneOf[10].use[3]!./node_modules/next/dist/compiled/sass-loader/cjs.js??ruleSet[1].rules[3].oneOf[10].use[4]!./styles/sass/style.scss
Warning

(601:3) autoprefixer: Gradient has outdated direction syntax. New syntax is like `to left` instead of `right`.

./node_modules/next/dist/build/webpack/loaders/css-loader/src/index.js??ruleSet[1].rules[3].oneOf[10].use[1]!./node_modules/next/dist/build/webpack/loaders/postcss-loader/src/index.js??ruleSet[1].rules[3].oneOf[10].use[2]!./node_modules/next/dist/build/webpack/loaders/resolve-url-loader/index.js??ruleSet[1].rules[3].oneOf[10].use[3]!./node_modules/next/dist/compiled/sass-loader/cjs.js??ruleSet[1].rules[3].oneOf[10].use[4]!./styles/sass/style.scss
Warning

(1763:3) autoprefixer: end value has mixed support, consider using flex-end instead

./node_modules/next/dist/build/webpack/loaders/css-loader/src/index.js??ruleSet[1].rules[3].oneOf[10].use[1]!./node_modules/next/dist/build/webpack/loaders/postcss-loader/src/index.js??ruleSet[1].rules[3].oneOf[10].use[2]!./node_modules/next/dist/build/webpack/loaders/resolve-url-loader/index.js??ruleSet[1].rules[3].oneOf[10].use[3]!./node_modules/next/dist/compiled/sass-loader/cjs.js??ruleSet[1].rules[3].oneOf[10].use[4]!./styles/sass/style.scss
Warning

(1963:3) autoprefixer: end value has mixed support, consider using flex-end instead

./node_modules/next/dist/build/webpack/loaders/css-loader/src/index.js??ruleSet[1].rules[3].oneOf[10].use[1]!./node_modules/next/dist/build/webpack/loaders/postcss-loader/src/index.js??ruleSet[1].rules[3].oneOf[10].use[2]!./node_modules/next/dist/build/webpack/loaders/resolve-url-loader/index.js??ruleSet[1].rules[3].oneOf[10].use[3]!./node_modules/next/dist/compiled/sass-loader/cjs.js??ruleSet[1].rules[3].oneOf[10].use[4]!./styles/sass/style.scss
Warning

(4009:3) autoprefixer: Gradient has outdated direction syntax. New syntax is like `to left` instead of `right`.

./node_modules/next/dist/build/webpack/loaders/css-loader/src/index.js??ruleSet[1].rules[3].oneOf[10].use[1]!./node_modules/next/dist/build/webpack/loaders/postcss-loader/src/index.js??ruleSet[1].rules[3].oneOf[10].use[2]!./node_modules/next/dist/build/webpack/loaders/resolve-url-loader/index.js??ruleSet[1].rules[3].oneOf[10].use[3]!./node_modules/next/dist/compiled/sass-loader/cjs.js??ruleSet[1].rules[3].oneOf[10].use[4]!./styles/sass/style.scss
Warning

(11563:3) autoprefixer: end value has mixed support, consider using flex-end instead

./node_modules/next/dist/build/webpack/loaders/css-loader/src/index.js??ruleSet[1].rules[3].oneOf[10].use[1]!./node_modules/next/dist/build/webpack/loaders/postcss-loader/src/index.js??ruleSet[1].rules[3].oneOf[10].use[2]!./node_modules/next/dist/build/webpack/loaders/resolve-url-loader/index.js??ruleSet[1].rules[3].oneOf[10].use[3]!./node_modules/next/dist/compiled/sass-loader/cjs.js??ruleSet[1].rules[3].oneOf[10].use[4]!./styles/sass/style.scss
Warning

(13386:3) autoprefixer: end value has mixed support, consider using flex-end instead
warn  - Fast Refresh had to perform a full reload due to a runtime error.
warn  - ./node_modules/next/dist/build/webpack/loaders/css-loader/src/index.js??ruleSet[1].rules[3].oneOf[10].use[1]!./node_modules/next/dist/build/webpack/loaders/postcss-loader/src/index.js??ruleSet[1].rules[3].oneOf[10].use[2]!./node_modules/next/dist/build/webpack/loaders/resolve-url-loader/index.js??ruleSet[1].rules[3].oneOf[10].use[3]!./node_modules/next/dist/compiled/sass-loader/cjs.js??ruleSet[1].rules[3].oneOf[10].use[4]!./styles/sass/style.scss
Warning

(601:3) autoprefixer: Gradient has outdated direction syntax. New syntax is like `to left` instead of `right`.

./node_modules/next/dist/build/webpack/loaders/css-loader/src/index.js??ruleSet[1].rules[3].oneOf[10].use[1]!./node_modules/next/dist/build/webpack/loaders/postcss-loader/src/index.js??ruleSet[1].rules[3].oneOf[10].use[2]!./node_modules/next/dist/build/webpack/loaders/resolve-url-loader/index.js??ruleSet[1].rules[3].oneOf[10].use[3]!./node_modules/next/dist/compiled/sass-loader/cjs.js??ruleSet[1].rules[3].oneOf[10].use[4]!./styles/sass/style.scss
Warning

(1763:3) autoprefixer: end value has mixed support, consider using flex-end instead

./node_modules/next/dist/build/webpack/loaders/css-loader/src/index.js??ruleSet[1].rules[3].oneOf[10].use[1]!./node_modules/next/dist/build/webpack/loaders/postcss-loader/src/index.js??ruleSet[1].rules[3].oneOf[10].use[2]!./node_modules/next/dist/build/webpack/loaders/resolve-url-loader/index.js??ruleSet[1].rules[3].oneOf[10].use[3]!./node_modules/next/dist/compiled/sass-loader/cjs.js??ruleSet[1].rules[3].oneOf[10].use[4]!./styles/sass/style.scss
Warning

(1963:3) autoprefixer: end value has mixed support, consider using flex-end instead

./node_modules/next/dist/build/webpack/loaders/css-loader/src/index.js??ruleSet[1].rules[3].oneOf[10].use[1]!./node_modules/next/dist/build/webpack/loaders/postcss-loader/src/index.js??ruleSet[1].rules[3].oneOf[10].use[2]!./node_modules/next/dist/build/webpack/loaders/resolve-url-loader/index.js??ruleSet[1].rules[3].oneOf[10].use[3]!./node_modules/next/dist/compiled/sass-loader/cjs.js??ruleSet[1].rules[3].oneOf[10].use[4]!./styles/sass/style.scss
Warning

(4009:3) autoprefixer: Gradient has outdated direction syntax. New syntax is like `to left` instead of `right`.

./node_modules/next/dist/build/webpack/loaders/css-loader/src/index.js??ruleSet[1].rules[3].oneOf[10].use[1]!./node_modules/next/dist/build/webpack/loaders/postcss-loader/src/index.js??ruleSet[1].rules[3].oneOf[10].use[2]!./node_modules/next/dist/build/webpack/loaders/resolve-url-loader/index.js??ruleSet[1].rules[3].oneOf[10].use[3]!./node_modules/next/dist/compiled/sass-loader/cjs.js??ruleSet[1].rules[3].oneOf[10].use[4]!./styles/sass/style.scss
Warning

(11563:3) autoprefixer: end value has mixed support, consider using flex-end instead

./node_modules/next/dist/build/webpack/loaders/css-loader/src/index.js??ruleSet[1].rules[3].oneOf[10].use[1]!./node_modules/next/dist/build/webpack/loaders/postcss-loader/src/index.js??ruleSet[1].rules[3].oneOf[10].use[2]!./node_modules/next/dist/build/webpack/loaders/resolve-url-loader/index.js??ruleSet[1].rules[3].oneOf[10].use[3]!./node_modules/next/dist/compiled/sass-loader/cjs.js??ruleSet[1].rules[3].oneOf[10].use[4]!./styles/sass/style.scss
Warning

(13386:3) autoprefixer: end value has mixed support, consider using flex-end instead
wait  - compiling /service/[slug] (client and server)...
warn  - ./node_modules/next/dist/build/webpack/loaders/css-loader/src/index.js??ruleSet[1].rules[3].oneOf[10].use[1]!./node_modules/next/dist/build/webpack/loaders/postcss-loader/src/index.js??ruleSet[1].rules[3].oneOf[10].use[2]!./node_modules/next/dist/build/webpack/loaders/resolve-url-loader/index.js??ruleSet[1].rules[3].oneOf[10].use[3]!./node_modules/next/dist/compiled/sass-loader/cjs.js??ruleSet[1].rules[3].oneOf[10].use[4]!./styles/sass/style.scss
Warning

(601:3) autoprefixer: Gradient has outdated direction syntax. New syntax is like `to left` instead of `right`.

./node_modules/next/dist/build/webpack/loaders/css-loader/src/index.js??ruleSet[1].rules[3].oneOf[10].use[1]!./node_modules/next/dist/build/webpack/loaders/postcss-loader/src/index.js??ruleSet[1].rules[3].oneOf[10].use[2]!./node_modules/next/dist/build/webpack/loaders/resolve-url-loader/index.js??ruleSet[1].rules[3].oneOf[10].use[3]!./node_modules/next/dist/compiled/sass-loader/cjs.js??ruleSet[1].rules[3].oneOf[10].use[4]!./styles/sass/style.scss
Warning

(1763:3) autoprefixer: end value has mixed support, consider using flex-end instead

./node_modules/next/dist/build/webpack/loaders/css-loader/src/index.js??ruleSet[1].rules[3].oneOf[10].use[1]!./node_modules/next/dist/build/webpack/loaders/postcss-loader/src/index.js??ruleSet[1].rules[3].oneOf[10].use[2]!./node_modules/next/dist/build/webpack/loaders/resolve-url-loader/index.js??ruleSet[1].rules[3].oneOf[10].use[3]!./node_modules/next/dist/compiled/sass-loader/cjs.js??ruleSet[1].rules[3].oneOf[10].use[4]!./styles/sass/style.scss
Warning

(1963:3) autoprefixer: end value has mixed support, consider using flex-end instead

./node_modules/next/dist/build/webpack/loaders/css-loader/src/index.js??ruleSet[1].rules[3].oneOf[10].use[1]!./node_modules/next/dist/build/webpack/loaders/postcss-loader/src/index.js??ruleSet[1].rules[3].oneOf[10].use[2]!./node_modules/next/dist/build/webpack/loaders/resolve-url-loader/index.js??ruleSet[1].rules[3].oneOf[10].use[3]!./node_modules/next/dist/compiled/sass-loader/cjs.js??ruleSet[1].rules[3].oneOf[10].use[4]!./styles/sass/style.scss
Warning

(4009:3) autoprefixer: Gradient has outdated direction syntax. New syntax is like `to left` instead of `right`.

./node_modules/next/dist/build/webpack/loaders/css-loader/src/index.js??ruleSet[1].rules[3].oneOf[10].use[1]!./node_modules/next/dist/build/webpack/loaders/postcss-loader/src/index.js??ruleSet[1].rules[3].oneOf[10].use[2]!./node_modules/next/dist/build/webpack/loaders/resolve-url-loader/index.js??ruleSet[1].rules[3].oneOf[10].use[3]!./node_modules/next/dist/compiled/sass-loader/cjs.js??ruleSet[1].rules[3].oneOf[10].use[4]!./styles/sass/style.scss
Warning

(11563:3) autoprefixer: end value has mixed support, consider using flex-end instead

./node_modules/next/dist/build/webpack/loaders/css-loader/src/index.js??ruleSet[1].rules[3].oneOf[10].use[1]!./node_modules/next/dist/build/webpack/loaders/postcss-loader/src/index.js??ruleSet[1].rules[3].oneOf[10].use[2]!./node_modules/next/dist/build/webpack/loaders/resolve-url-loader/index.js??ruleSet[1].rules[3].oneOf[10].use[3]!./node_modules/next/dist/compiled/sass-loader/cjs.js??ruleSet[1].rules[3].oneOf[10].use[4]!./styles/sass/style.scss
Warning

(13386:3) autoprefixer: end value has mixed support, consider using flex-end instead
warn  - ./node_modules/next/dist/build/webpack/loaders/css-loader/src/index.js??ruleSet[1].rules[3].oneOf[10].use[1]!./node_modules/next/dist/build/webpack/loaders/postcss-loader/src/index.js??ruleSet[1].rules[3].oneOf[10].use[2]!./node_modules/next/dist/build/webpack/loaders/resolve-url-loader/index.js??ruleSet[1].rules[3].oneOf[10].use[3]!./node_modules/next/dist/compiled/sass-loader/cjs.js??ruleSet[1].rules[3].oneOf[10].use[4]!./styles/sass/style.scss
Warning

(601:3) autoprefixer: Gradient has outdated direction syntax. New syntax is like `to left` instead of `right`.

./node_modules/next/dist/build/webpack/loaders/css-loader/src/index.js??ruleSet[1].rules[3].oneOf[10].use[1]!./node_modules/next/dist/build/webpack/loaders/postcss-loader/src/index.js??ruleSet[1].rules[3].oneOf[10].use[2]!./node_modules/next/dist/build/webpack/loaders/resolve-url-loader/index.js??ruleSet[1].rules[3].oneOf[10].use[3]!./node_modules/next/dist/compiled/sass-loader/cjs.js??ruleSet[1].rules[3].oneOf[10].use[4]!./styles/sass/style.scss
Warning

(1763:3) autoprefixer: end value has mixed support, consider using flex-end instead

./node_modules/next/dist/build/webpack/loaders/css-loader/src/index.js??ruleSet[1].rules[3].oneOf[10].use[1]!./node_modules/next/dist/build/webpack/loaders/postcss-loader/src/index.js??ruleSet[1].rules[3].oneOf[10].use[2]!./node_modules/next/dist/build/webpack/loaders/resolve-url-loader/index.js??ruleSet[1].rules[3].oneOf[10].use[3]!./node_modules/next/dist/compiled/sass-loader/cjs.js??ruleSet[1].rules[3].oneOf[10].use[4]!./styles/sass/style.scss
Warning

(1963:3) autoprefixer: end value has mixed support, consider using flex-end instead

./node_modules/next/dist/build/webpack/loaders/css-loader/src/index.js??ruleSet[1].rules[3].oneOf[10].use[1]!./node_modules/next/dist/build/webpack/loaders/postcss-loader/src/index.js??ruleSet[1].rules[3].oneOf[10].use[2]!./node_modules/next/dist/build/webpack/loaders/resolve-url-loader/index.js??ruleSet[1].rules[3].oneOf[10].use[3]!./node_modules/next/dist/compiled/sass-loader/cjs.js??ruleSet[1].rules[3].oneOf[10].use[4]!./styles/sass/style.scss
Warning

(4009:3) autoprefixer: Gradient has outdated direction syntax. New syntax is like `to left` instead of `right`.

./node_modules/next/dist/build/webpack/loaders/css-loader/src/index.js??ruleSet[1].rules[3].oneOf[10].use[1]!./node_modules/next/dist/build/webpack/loaders/postcss-loader/src/index.js??ruleSet[1].rules[3].oneOf[10].use[2]!./node_modules/next/dist/build/webpack/loaders/resolve-url-loader/index.js??ruleSet[1].rules[3].oneOf[10].use[3]!./node_modules/next/dist/compiled/sass-loader/cjs.js??ruleSet[1].rules[3].oneOf[10].use[4]!./styles/sass/style.scss
Warning

(11563:3) autoprefixer: end value has mixed support, consider using flex-end instead

./node_modules/next/dist/build/webpack/loaders/css-loader/src/index.js??ruleSet[1].rules[3].oneOf[10].use[1]!./node_modules/next/dist/build/webpack/loaders/postcss-loader/src/index.js??ruleSet[1].rules[3].oneOf[10].use[2]!./node_modules/next/dist/build/webpack/loaders/resolve-url-loader/index.js??ruleSet[1].rules[3].oneOf[10].use[3]!./node_modules/next/dist/compiled/sass-loader/cjs.js??ruleSet[1].rules[3].oneOf[10].use[4]!./styles/sass/style.scss
Warning

(13386:3) autoprefixer: end value has mixed support, consider using flex-end instead
warn  - ./node_modules/next/dist/build/webpack/loaders/css-loader/src/index.js??ruleSet[1].rules[3].oneOf[10].use[1]!./node_modules/next/dist/build/webpack/loaders/postcss-loader/src/index.js??ruleSet[1].rules[3].oneOf[10].use[2]!./node_modules/next/dist/build/webpack/loaders/resolve-url-loader/index.js??ruleSet[1].rules[3].oneOf[10].use[3]!./node_modules/next/dist/compiled/sass-loader/cjs.js??ruleSet[1].rules[3].oneOf[10].use[4]!./styles/sass/style.scss
Warning

(601:3) autoprefixer: Gradient has outdated direction syntax. New syntax is like `to left` instead of `right`.

./node_modules/next/dist/build/webpack/loaders/css-loader/src/index.js??ruleSet[1].rules[3].oneOf[10].use[1]!./node_modules/next/dist/build/webpack/loaders/postcss-loader/src/index.js??ruleSet[1].rules[3].oneOf[10].use[2]!./node_modules/next/dist/build/webpack/loaders/resolve-url-loader/index.js??ruleSet[1].rules[3].oneOf[10].use[3]!./node_modules/next/dist/compiled/sass-loader/cjs.js??ruleSet[1].rules[3].oneOf[10].use[4]!./styles/sass/style.scss
Warning

(1763:3) autoprefixer: end value has mixed support, consider using flex-end instead

./node_modules/next/dist/build/webpack/loaders/css-loader/src/index.js??ruleSet[1].rules[3].oneOf[10].use[1]!./node_modules/next/dist/build/webpack/loaders/postcss-loader/src/index.js??ruleSet[1].rules[3].oneOf[10].use[2]!./node_modules/next/dist/build/webpack/loaders/resolve-url-loader/index.js??ruleSet[1].rules[3].oneOf[10].use[3]!./node_modules/next/dist/compiled/sass-loader/cjs.js??ruleSet[1].rules[3].oneOf[10].use[4]!./styles/sass/style.scss
Warning

(1963:3) autoprefixer: end value has mixed support, consider using flex-end instead

./node_modules/next/dist/build/webpack/loaders/css-loader/src/index.js??ruleSet[1].rules[3].oneOf[10].use[1]!./node_modules/next/dist/build/webpack/loaders/postcss-loader/src/index.js??ruleSet[1].rules[3].oneOf[10].use[2]!./node_modules/next/dist/build/webpack/loaders/resolve-url-loader/index.js??ruleSet[1].rules[3].oneOf[10].use[3]!./node_modules/next/dist/compiled/sass-loader/cjs.js??ruleSet[1].rules[3].oneOf[10].use[4]!./styles/sass/style.scss
Warning

(4009:3) autoprefixer: Gradient has outdated direction syntax. New syntax is like `to left` instead of `right`.

./node_modules/next/dist/build/webpack/loaders/css-loader/src/index.js??ruleSet[1].rules[3].oneOf[10].use[1]!./node_modules/next/dist/build/webpack/loaders/postcss-loader/src/index.js??ruleSet[1].rules[3].oneOf[10].use[2]!./node_modules/next/dist/build/webpack/loaders/resolve-url-loader/index.js??ruleSet[1].rules[3].oneOf[10].use[3]!./node_modules/next/dist/compiled/sass-loader/cjs.js??ruleSet[1].rules[3].oneOf[10].use[4]!./styles/sass/style.scss
Warning

(11563:3) autoprefixer: end value has mixed support, consider using flex-end instead

./node_modules/next/dist/build/webpack/loaders/css-loader/src/index.js??ruleSet[1].rules[3].oneOf[10].use[1]!./node_modules/next/dist/build/webpack/loaders/postcss-loader/src/index.js??ruleSet[1].rules[3].oneOf[10].use[2]!./node_modules/next/dist/build/webpack/loaders/resolve-url-loader/index.js??ruleSet[1].rules[3].oneOf[10].use[3]!./node_modules/next/dist/compiled/sass-loader/cjs.js??ruleSet[1].rules[3].oneOf[10].use[4]!./styles/sass/style.scss
Warning

(13386:3) autoprefixer: end value has mixed support, consider using flex-end instead
warn  - Fast Refresh had to perform a full reload due to a runtime error.
<w> [webpack.cache.PackFileCacheStrategy] Skipped not serializable cache item 'Compilation/modules|/Users/aashishkumar/Documents/Development/innovatix/wecare/node_modules/next/dist/build/webpack/loaders/css-loader/src/index.js??ruleSet[1].rules[3].oneOf[10].use[1]!/Users/aashishkumar/Documents/Development/innovatix/wecare/node_modules/next/dist/build/webpack/loaders/postcss-loader/src/index.js??ruleSet[1].rules[3].oneOf[10].use[2]!/Users/aashishkumar/Documents/Development/innovatix/wecare/node_modules/next/dist/build/webpack/loaders/resolve-url-loader/index.js??ruleSet[1].rules[3].oneOf[10].use[3]!/Users/aashishkumar/Documents/Development/innovatix/wecare/node_modules/next/dist/compiled/sass-loader/cjs.js??ruleSet[1].rules[3].oneOf[10].use[4]!/Users/aashishkumar/Documents/Development/innovatix/wecare/styles/sass/style.scss': No serializer registered for Warning
<w> while serializing webpack/lib/cache/PackFileCacheStrategy.PackContentItems -> webpack/lib/NormalModule -> Array { 6 items } -> webpack/lib/ModuleWarning -> Warning
wait  - compiling...
warn  - ./node_modules/next/dist/build/webpack/loaders/css-loader/src/index.js??ruleSet[1].rules[3].oneOf[10].use[1]!./node_modules/next/dist/build/webpack/loaders/postcss-loader/src/index.js??ruleSet[1].rules[3].oneOf[10].use[2]!./node_modules/next/dist/build/webpack/loaders/resolve-url-loader/index.js??ruleSet[1].rules[3].oneOf[10].use[3]!./node_modules/next/dist/compiled/sass-loader/cjs.js??ruleSet[1].rules[3].oneOf[10].use[4]!./styles/sass/style.scss
Warning

(601:3) autoprefixer: Gradient has outdated direction syntax. New syntax is like `to left` instead of `right`.

./node_modules/next/dist/build/webpack/loaders/css-loader/src/index.js??ruleSet[1].rules[3].oneOf[10].use[1]!./node_modules/next/dist/build/webpack/loaders/postcss-loader/src/index.js??ruleSet[1].rules[3].oneOf[10].use[2]!./node_modules/next/dist/build/webpack/loaders/resolve-url-loader/index.js??ruleSet[1].rules[3].oneOf[10].use[3]!./node_modules/next/dist/compiled/sass-loader/cjs.js??ruleSet[1].rules[3].oneOf[10].use[4]!./styles/sass/style.scss
Warning

(1763:3) autoprefixer: end value has mixed support, consider using flex-end instead

./node_modules/next/dist/build/webpack/loaders/css-loader/src/index.js??ruleSet[1].rules[3].oneOf[10].use[1]!./node_modules/next/dist/build/webpack/loaders/postcss-loader/src/index.js??ruleSet[1].rules[3].oneOf[10].use[2]!./node_modules/next/dist/build/webpack/loaders/resolve-url-loader/index.js??ruleSet[1].rules[3].oneOf[10].use[3]!./node_modules/next/dist/compiled/sass-loader/cjs.js??ruleSet[1].rules[3].oneOf[10].use[4]!./styles/sass/style.scss
Warning

(1963:3) autoprefixer: end value has mixed support, consider using flex-end instead

./node_modules/next/dist/build/webpack/loaders/css-loader/src/index.js??ruleSet[1].rules[3].oneOf[10].use[1]!./node_modules/next/dist/build/webpack/loaders/postcss-loader/src/index.js??ruleSet[1].rules[3].oneOf[10].use[2]!./node_modules/next/dist/build/webpack/loaders/resolve-url-loader/index.js??ruleSet[1].rules[3].oneOf[10].use[3]!./node_modules/next/dist/compiled/sass-loader/cjs.js??ruleSet[1].rules[3].oneOf[10].use[4]!./styles/sass/style.scss
Warning

(4009:3) autoprefixer: Gradient has outdated direction syntax. New syntax is like `to left` instead of `right`.

./node_modules/next/dist/build/webpack/loaders/css-loader/src/index.js??ruleSet[1].rules[3].oneOf[10].use[1]!./node_modules/next/dist/build/webpack/loaders/postcss-loader/src/index.js??ruleSet[1].rules[3].oneOf[10].use[2]!./node_modules/next/dist/build/webpack/loaders/resolve-url-loader/index.js??ruleSet[1].rules[3].oneOf[10].use[3]!./node_modules/next/dist/compiled/sass-loader/cjs.js??ruleSet[1].rules[3].oneOf[10].use[4]!./styles/sass/style.scss
Warning

(11563:3) autoprefixer: end value has mixed support, consider using flex-end instead

./node_modules/next/dist/build/webpack/loaders/css-loader/src/index.js??ruleSet[1].rules[3].oneOf[10].use[1]!./node_modules/next/dist/build/webpack/loaders/postcss-loader/src/index.js??ruleSet[1].rules[3].oneOf[10].use[2]!./node_modules/next/dist/build/webpack/loaders/resolve-url-loader/index.js??ruleSet[1].rules[3].oneOf[10].use[3]!./node_modules/next/dist/compiled/sass-loader/cjs.js??ruleSet[1].rules[3].oneOf[10].use[4]!./styles/sass/style.scss
Warning

(13386:3) autoprefixer: end value has mixed support, consider using flex-end instead
wait  - compiling...
warn  - ./node_modules/next/dist/build/webpack/loaders/css-loader/src/index.js??ruleSet[1].rules[3].oneOf[10].use[1]!./node_modules/next/dist/build/webpack/loaders/postcss-loader/src/index.js??ruleSet[1].rules[3].oneOf[10].use[2]!./node_modules/next/dist/build/webpack/loaders/resolve-url-loader/index.js??ruleSet[1].rules[3].oneOf[10].use[3]!./node_modules/next/dist/compiled/sass-loader/cjs.js??ruleSet[1].rules[3].oneOf[10].use[4]!./styles/sass/style.scss
Warning

(601:3) autoprefixer: Gradient has outdated direction syntax. New syntax is like `to left` instead of `right`.

./node_modules/next/dist/build/webpack/loaders/css-loader/src/index.js??ruleSet[1].rules[3].oneOf[10].use[1]!./node_modules/next/dist/build/webpack/loaders/postcss-loader/src/index.js??ruleSet[1].rules[3].oneOf[10].use[2]!./node_modules/next/dist/build/webpack/loaders/resolve-url-loader/index.js??ruleSet[1].rules[3].oneOf[10].use[3]!./node_modules/next/dist/compiled/sass-loader/cjs.js??ruleSet[1].rules[3].oneOf[10].use[4]!./styles/sass/style.scss
Warning

(1763:3) autoprefixer: end value has mixed support, consider using flex-end instead

./node_modules/next/dist/build/webpack/loaders/css-loader/src/index.js??ruleSet[1].rules[3].oneOf[10].use[1]!./node_modules/next/dist/build/webpack/loaders/postcss-loader/src/index.js??ruleSet[1].rules[3].oneOf[10].use[2]!./node_modules/next/dist/build/webpack/loaders/resolve-url-loader/index.js??ruleSet[1].rules[3].oneOf[10].use[3]!./node_modules/next/dist/compiled/sass-loader/cjs.js??ruleSet[1].rules[3].oneOf[10].use[4]!./styles/sass/style.scss
Warning

(1963:3) autoprefixer: end value has mixed support, consider using flex-end instead

./node_modules/next/dist/build/webpack/loaders/css-loader/src/index.js??ruleSet[1].rules[3].oneOf[10].use[1]!./node_modules/next/dist/build/webpack/loaders/postcss-loader/src/index.js??ruleSet[1].rules[3].oneOf[10].use[2]!./node_modules/next/dist/build/webpack/loaders/resolve-url-loader/index.js??ruleSet[1].rules[3].oneOf[10].use[3]!./node_modules/next/dist/compiled/sass-loader/cjs.js??ruleSet[1].rules[3].oneOf[10].use[4]!./styles/sass/style.scss
Warning

(4009:3) autoprefixer: Gradient has outdated direction syntax. New syntax is like `to left` instead of `right`.

./node_modules/next/dist/build/webpack/loaders/css-loader/src/index.js??ruleSet[1].rules[3].oneOf[10].use[1]!./node_modules/next/dist/build/webpack/loaders/postcss-loader/src/index.js??ruleSet[1].rules[3].oneOf[10].use[2]!./node_modules/next/dist/build/webpack/loaders/resolve-url-loader/index.js??ruleSet[1].rules[3].oneOf[10].use[3]!./node_modules/next/dist/compiled/sass-loader/cjs.js??ruleSet[1].rules[3].oneOf[10].use[4]!./styles/sass/style.scss
Warning

(11563:3) autoprefixer: end value has mixed support, consider using flex-end instead

./node_modules/next/dist/build/webpack/loaders/css-loader/src/index.js??ruleSet[1].rules[3].oneOf[10].use[1]!./node_modules/next/dist/build/webpack/loaders/postcss-loader/src/index.js??ruleSet[1].rules[3].oneOf[10].use[2]!./node_modules/next/dist/build/webpack/loaders/resolve-url-loader/index.js??ruleSet[1].rules[3].oneOf[10].use[3]!./node_modules/next/dist/compiled/sass-loader/cjs.js??ruleSet[1].rules[3].oneOf[10].use[4]!./styles/sass/style.scss
Warning

(13386:3) autoprefixer: end value has mixed support, consider using flex-end instead
warn  - ./node_modules/next/dist/build/webpack/loaders/css-loader/src/index.js??ruleSet[1].rules[3].oneOf[10].use[1]!./node_modules/next/dist/build/webpack/loaders/postcss-loader/src/index.js??ruleSet[1].rules[3].oneOf[10].use[2]!./node_modules/next/dist/build/webpack/loaders/resolve-url-loader/index.js??ruleSet[1].rules[3].oneOf[10].use[3]!./node_modules/next/dist/compiled/sass-loader/cjs.js??ruleSet[1].rules[3].oneOf[10].use[4]!./styles/sass/style.scss
Warning

(601:3) autoprefixer: Gradient has outdated direction syntax. New syntax is like `to left` instead of `right`.

./node_modules/next/dist/build/webpack/loaders/css-loader/src/index.js??ruleSet[1].rules[3].oneOf[10].use[1]!./node_modules/next/dist/build/webpack/loaders/postcss-loader/src/index.js??ruleSet[1].rules[3].oneOf[10].use[2]!./node_modules/next/dist/build/webpack/loaders/resolve-url-loader/index.js??ruleSet[1].rules[3].oneOf[10].use[3]!./node_modules/next/dist/compiled/sass-loader/cjs.js??ruleSet[1].rules[3].oneOf[10].use[4]!./styles/sass/style.scss
Warning

(1763:3) autoprefixer: end value has mixed support, consider using flex-end instead

./node_modules/next/dist/build/webpack/loaders/css-loader/src/index.js??ruleSet[1].rules[3].oneOf[10].use[1]!./node_modules/next/dist/build/webpack/loaders/postcss-loader/src/index.js??ruleSet[1].rules[3].oneOf[10].use[2]!./node_modules/next/dist/build/webpack/loaders/resolve-url-loader/index.js??ruleSet[1].rules[3].oneOf[10].use[3]!./node_modules/next/dist/compiled/sass-loader/cjs.js??ruleSet[1].rules[3].oneOf[10].use[4]!./styles/sass/style.scss
Warning

(1963:3) autoprefixer: end value has mixed support, consider using flex-end instead

./node_modules/next/dist/build/webpack/loaders/css-loader/src/index.js??ruleSet[1].rules[3].oneOf[10].use[1]!./node_modules/next/dist/build/webpack/loaders/postcss-loader/src/index.js??ruleSet[1].rules[3].oneOf[10].use[2]!./node_modules/next/dist/build/webpack/loaders/resolve-url-loader/index.js??ruleSet[1].rules[3].oneOf[10].use[3]!./node_modules/next/dist/compiled/sass-loader/cjs.js??ruleSet[1].rules[3].oneOf[10].use[4]!./styles/sass/style.scss
Warning

(4009:3) autoprefixer: Gradient has outdated direction syntax. New syntax is like `to left` instead of `right`.

./node_modules/next/dist/build/webpack/loaders/css-loader/src/index.js??ruleSet[1].rules[3].oneOf[10].use[1]!./node_modules/next/dist/build/webpack/loaders/postcss-loader/src/index.js??ruleSet[1].rules[3].oneOf[10].use[2]!./node_modules/next/dist/build/webpack/loaders/resolve-url-loader/index.js??ruleSet[1].rules[3].oneOf[10].use[3]!./node_modules/next/dist/compiled/sass-loader/cjs.js??ruleSet[1].rules[3].oneOf[10].use[4]!./styles/sass/style.scss
Warning

(11563:3) autoprefixer: end value has mixed support, consider using flex-end instead

./node_modules/next/dist/build/webpack/loaders/css-loader/src/index.js??ruleSet[1].rules[3].oneOf[10].use[1]!./node_modules/next/dist/build/webpack/loaders/postcss-loader/src/index.js??ruleSet[1].rules[3].oneOf[10].use[2]!./node_modules/next/dist/build/webpack/loaders/resolve-url-loader/index.js??ruleSet[1].rules[3].oneOf[10].use[3]!./node_modules/next/dist/compiled/sass-loader/cjs.js??ruleSet[1].rules[3].oneOf[10].use[4]!./styles/sass/style.scss
Warning

(13386:3) autoprefixer: end value has mixed support, consider using flex-end instead
wait  - compiling /404 (client and server)...
warn  - ./node_modules/next/dist/build/webpack/loaders/css-loader/src/index.js??ruleSet[1].rules[3].oneOf[10].use[1]!./node_modules/next/dist/build/webpack/loaders/postcss-loader/src/index.js??ruleSet[1].rules[3].oneOf[10].use[2]!./node_modules/next/dist/build/webpack/loaders/resolve-url-loader/index.js??ruleSet[1].rules[3].oneOf[10].use[3]!./node_modules/next/dist/compiled/sass-loader/cjs.js??ruleSet[1].rules[3].oneOf[10].use[4]!./styles/sass/style.scss
Warning

(601:3) autoprefixer: Gradient has outdated direction syntax. New syntax is like `to left` instead of `right`.

./node_modules/next/dist/build/webpack/loaders/css-loader/src/index.js??ruleSet[1].rules[3].oneOf[10].use[1]!./node_modules/next/dist/build/webpack/loaders/postcss-loader/src/index.js??ruleSet[1].rules[3].oneOf[10].use[2]!./node_modules/next/dist/build/webpack/loaders/resolve-url-loader/index.js??ruleSet[1].rules[3].oneOf[10].use[3]!./node_modules/next/dist/compiled/sass-loader/cjs.js??ruleSet[1].rules[3].oneOf[10].use[4]!./styles/sass/style.scss
Warning

(1763:3) autoprefixer: end value has mixed support, consider using flex-end instead

./node_modules/next/dist/build/webpack/loaders/css-loader/src/index.js??ruleSet[1].rules[3].oneOf[10].use[1]!./node_modules/next/dist/build/webpack/loaders/postcss-loader/src/index.js??ruleSet[1].rules[3].oneOf[10].use[2]!./node_modules/next/dist/build/webpack/loaders/resolve-url-loader/index.js??ruleSet[1].rules[3].oneOf[10].use[3]!./node_modules/next/dist/compiled/sass-loader/cjs.js??ruleSet[1].rules[3].oneOf[10].use[4]!./styles/sass/style.scss
Warning

(1963:3) autoprefixer: end value has mixed support, consider using flex-end instead

./node_modules/next/dist/build/webpack/loaders/css-loader/src/index.js??ruleSet[1].rules[3].oneOf[10].use[1]!./node_modules/next/dist/build/webpack/loaders/postcss-loader/src/index.js??ruleSet[1].rules[3].oneOf[10].use[2]!./node_modules/next/dist/build/webpack/loaders/resolve-url-loader/index.js??ruleSet[1].rules[3].oneOf[10].use[3]!./node_modules/next/dist/compiled/sass-loader/cjs.js??ruleSet[1].rules[3].oneOf[10].use[4]!./styles/sass/style.scss
Warning

(4009:3) autoprefixer: Gradient has outdated direction syntax. New syntax is like `to left` instead of `right`.

./node_modules/next/dist/build/webpack/loaders/css-loader/src/index.js??ruleSet[1].rules[3].oneOf[10].use[1]!./node_modules/next/dist/build/webpack/loaders/postcss-loader/src/index.js??ruleSet[1].rules[3].oneOf[10].use[2]!./node_modules/next/dist/build/webpack/loaders/resolve-url-loader/index.js??ruleSet[1].rules[3].oneOf[10].use[3]!./node_modules/next/dist/compiled/sass-loader/cjs.js??ruleSet[1].rules[3].oneOf[10].use[4]!./styles/sass/style.scss
Warning

(11563:3) autoprefixer: end value has mixed support, consider using flex-end instead

./node_modules/next/dist/build/webpack/loaders/css-loader/src/index.js??ruleSet[1].rules[3].oneOf[10].use[1]!./node_modules/next/dist/build/webpack/loaders/postcss-loader/src/index.js??ruleSet[1].rules[3].oneOf[10].use[2]!./node_modules/next/dist/build/webpack/loaders/resolve-url-loader/index.js??ruleSet[1].rules[3].oneOf[10].use[3]!./node_modules/next/dist/compiled/sass-loader/cjs.js??ruleSet[1].rules[3].oneOf[10].use[4]!./styles/sass/style.scss
Warning

(13386:3) autoprefixer: end value has mixed support, consider using flex-end instead
wait  - compiling...
warn  - ./node_modules/next/dist/build/webpack/loaders/css-loader/src/index.js??ruleSet[1].rules[3].oneOf[10].use[1]!./node_modules/next/dist/build/webpack/loaders/postcss-loader/src/index.js??ruleSet[1].rules[3].oneOf[10].use[2]!./node_modules/next/dist/build/webpack/loaders/resolve-url-loader/index.js??ruleSet[1].rules[3].oneOf[10].use[3]!./node_modules/next/dist/compiled/sass-loader/cjs.js??ruleSet[1].rules[3].oneOf[10].use[4]!./styles/sass/style.scss
Warning

(601:3) autoprefixer: Gradient has outdated direction syntax. New syntax is like `to left` instead of `right`.

./node_modules/next/dist/build/webpack/loaders/css-loader/src/index.js??ruleSet[1].rules[3].oneOf[10].use[1]!./node_modules/next/dist/build/webpack/loaders/postcss-loader/src/index.js??ruleSet[1].rules[3].oneOf[10].use[2]!./node_modules/next/dist/build/webpack/loaders/resolve-url-loader/index.js??ruleSet[1].rules[3].oneOf[10].use[3]!./node_modules/next/dist/compiled/sass-loader/cjs.js??ruleSet[1].rules[3].oneOf[10].use[4]!./styles/sass/style.scss
Warning

(1763:3) autoprefixer: end value has mixed support, consider using flex-end instead

./node_modules/next/dist/build/webpack/loaders/css-loader/src/index.js??ruleSet[1].rules[3].oneOf[10].use[1]!./node_modules/next/dist/build/webpack/loaders/postcss-loader/src/index.js??ruleSet[1].rules[3].oneOf[10].use[2]!./node_modules/next/dist/build/webpack/loaders/resolve-url-loader/index.js??ruleSet[1].rules[3].oneOf[10].use[3]!./node_modules/next/dist/compiled/sass-loader/cjs.js??ruleSet[1].rules[3].oneOf[10].use[4]!./styles/sass/style.scss
Warning

(1963:3) autoprefixer: end value has mixed support, consider using flex-end instead

./node_modules/next/dist/build/webpack/loaders/css-loader/src/index.js??ruleSet[1].rules[3].oneOf[10].use[1]!./node_modules/next/dist/build/webpack/loaders/postcss-loader/src/index.js??ruleSet[1].rules[3].oneOf[10].use[2]!./node_modules/next/dist/build/webpack/loaders/resolve-url-loader/index.js??ruleSet[1].rules[3].oneOf[10].use[3]!./node_modules/next/dist/compiled/sass-loader/cjs.js??ruleSet[1].rules[3].oneOf[10].use[4]!./styles/sass/style.scss
Warning

(4009:3) autoprefixer: Gradient has outdated direction syntax. New syntax is like `to left` instead of `right`.

./node_modules/next/dist/build/webpack/loaders/css-loader/src/index.js??ruleSet[1].rules[3].oneOf[10].use[1]!./node_modules/next/dist/build/webpack/loaders/postcss-loader/src/index.js??ruleSet[1].rules[3].oneOf[10].use[2]!./node_modules/next/dist/build/webpack/loaders/resolve-url-loader/index.js??ruleSet[1].rules[3].oneOf[10].use[3]!./node_modules/next/dist/compiled/sass-loader/cjs.js??ruleSet[1].rules[3].oneOf[10].use[4]!./styles/sass/style.scss
Warning

(11563:3) autoprefixer: end value has mixed support, consider using flex-end instead

./node_modules/next/dist/build/webpack/loaders/css-loader/src/index.js??ruleSet[1].rules[3].oneOf[10].use[1]!./node_modules/next/dist/build/webpack/loaders/postcss-loader/src/index.js??ruleSet[1].rules[3].oneOf[10].use[2]!./node_modules/next/dist/build/webpack/loaders/resolve-url-loader/index.js??ruleSet[1].rules[3].oneOf[10].use[3]!./node_modules/next/dist/compiled/sass-loader/cjs.js??ruleSet[1].rules[3].oneOf[10].use[4]!./styles/sass/style.scss
Warning

(13442:3) autoprefixer: end value has mixed support, consider using flex-end instead
<w> [webpack.cache.PackFileCacheStrategy] Skipped not serializable cache item 'Compilation/modules|/Users/aashishkumar/Documents/Development/innovatix/wecare/node_modules/next/dist/build/webpack/loaders/css-loader/src/index.js??ruleSet[1].rules[3].oneOf[10].use[1]!/Users/aashishkumar/Documents/Development/innovatix/wecare/node_modules/next/dist/build/webpack/loaders/postcss-loader/src/index.js??ruleSet[1].rules[3].oneOf[10].use[2]!/Users/aashishkumar/Documents/Development/innovatix/wecare/node_modules/next/dist/build/webpack/loaders/resolve-url-loader/index.js??ruleSet[1].rules[3].oneOf[10].use[3]!/Users/aashishkumar/Documents/Development/innovatix/wecare/node_modules/next/dist/compiled/sass-loader/cjs.js??ruleSet[1].rules[3].oneOf[10].use[4]!/Users/aashishkumar/Documents/Development/innovatix/wecare/styles/sass/style.scss': No serializer registered for Warning
<w> while serializing webpack/lib/cache/PackFileCacheStrategy.PackContentItems -> webpack/lib/NormalModule -> Array { 6 items } -> webpack/lib/ModuleWarning -> Warning
warn  - ./node_modules/next/dist/build/webpack/loaders/css-loader/src/index.js??ruleSet[1].rules[3].oneOf[10].use[1]!./node_modules/next/dist/build/webpack/loaders/postcss-loader/src/index.js??ruleSet[1].rules[3].oneOf[10].use[2]!./node_modules/next/dist/build/webpack/loaders/resolve-url-loader/index.js??ruleSet[1].rules[3].oneOf[10].use[3]!./node_modules/next/dist/compiled/sass-loader/cjs.js??ruleSet[1].rules[3].oneOf[10].use[4]!./styles/sass/style.scss
Warning

(601:3) autoprefixer: Gradient has outdated direction syntax. New syntax is like `to left` instead of `right`.

./node_modules/next/dist/build/webpack/loaders/css-loader/src/index.js??ruleSet[1].rules[3].oneOf[10].use[1]!./node_modules/next/dist/build/webpack/loaders/postcss-loader/src/index.js??ruleSet[1].rules[3].oneOf[10].use[2]!./node_modules/next/dist/build/webpack/loaders/resolve-url-loader/index.js??ruleSet[1].rules[3].oneOf[10].use[3]!./node_modules/next/dist/compiled/sass-loader/cjs.js??ruleSet[1].rules[3].oneOf[10].use[4]!./styles/sass/style.scss
Warning

(1763:3) autoprefixer: end value has mixed support, consider using flex-end instead

./node_modules/next/dist/build/webpack/loaders/css-loader/src/index.js??ruleSet[1].rules[3].oneOf[10].use[1]!./node_modules/next/dist/build/webpack/loaders/postcss-loader/src/index.js??ruleSet[1].rules[3].oneOf[10].use[2]!./node_modules/next/dist/build/webpack/loaders/resolve-url-loader/index.js??ruleSet[1].rules[3].oneOf[10].use[3]!./node_modules/next/dist/compiled/sass-loader/cjs.js??ruleSet[1].rules[3].oneOf[10].use[4]!./styles/sass/style.scss
Warning

(1963:3) autoprefixer: end value has mixed support, consider using flex-end instead

./node_modules/next/dist/build/webpack/loaders/css-loader/src/index.js??ruleSet[1].rules[3].oneOf[10].use[1]!./node_modules/next/dist/build/webpack/loaders/postcss-loader/src/index.js??ruleSet[1].rules[3].oneOf[10].use[2]!./node_modules/next/dist/build/webpack/loaders/resolve-url-loader/index.js??ruleSet[1].rules[3].oneOf[10].use[3]!./node_modules/next/dist/compiled/sass-loader/cjs.js??ruleSet[1].rules[3].oneOf[10].use[4]!./styles/sass/style.scss
Warning

(4009:3) autoprefixer: Gradient has outdated direction syntax. New syntax is like `to left` instead of `right`.

./node_modules/next/dist/build/webpack/loaders/css-loader/src/index.js??ruleSet[1].rules[3].oneOf[10].use[1]!./node_modules/next/dist/build/webpack/loaders/postcss-loader/src/index.js??ruleSet[1].rules[3].oneOf[10].use[2]!./node_modules/next/dist/build/webpack/loaders/resolve-url-loader/index.js??ruleSet[1].rules[3].oneOf[10].use[3]!./node_modules/next/dist/compiled/sass-loader/cjs.js??ruleSet[1].rules[3].oneOf[10].use[4]!./styles/sass/style.scss
Warning

(11563:3) autoprefixer: end value has mixed support, consider using flex-end instead

./node_modules/next/dist/build/webpack/loaders/css-loader/src/index.js??ruleSet[1].rules[3].oneOf[10].use[1]!./node_modules/next/dist/build/webpack/loaders/postcss-loader/src/index.js??ruleSet[1].rules[3].oneOf[10].use[2]!./node_modules/next/dist/build/webpack/loaders/resolve-url-loader/index.js??ruleSet[1].rules[3].oneOf[10].use[3]!./node_modules/next/dist/compiled/sass-loader/cjs.js??ruleSet[1].rules[3].oneOf[10].use[4]!./styles/sass/style.scss
Warning

(13442:3) autoprefixer: end value has mixed support, consider using flex-end instead
wait  - compiling /404 (client and server)...
warn  - ./node_modules/next/dist/build/webpack/loaders/css-loader/src/index.js??ruleSet[1].rules[3].oneOf[10].use[1]!./node_modules/next/dist/build/webpack/loaders/postcss-loader/src/index.js??ruleSet[1].rules[3].oneOf[10].use[2]!./node_modules/next/dist/build/webpack/loaders/resolve-url-loader/index.js??ruleSet[1].rules[3].oneOf[10].use[3]!./node_modules/next/dist/compiled/sass-loader/cjs.js??ruleSet[1].rules[3].oneOf[10].use[4]!./styles/sass/style.scss
Warning

(601:3) autoprefixer: Gradient has outdated direction syntax. New syntax is like `to left` instead of `right`.

./node_modules/next/dist/build/webpack/loaders/css-loader/src/index.js??ruleSet[1].rules[3].oneOf[10].use[1]!./node_modules/next/dist/build/webpack/loaders/postcss-loader/src/index.js??ruleSet[1].rules[3].oneOf[10].use[2]!./node_modules/next/dist/build/webpack/loaders/resolve-url-loader/index.js??ruleSet[1].rules[3].oneOf[10].use[3]!./node_modules/next/dist/compiled/sass-loader/cjs.js??ruleSet[1].rules[3].oneOf[10].use[4]!./styles/sass/style.scss
Warning

(1763:3) autoprefixer: end value has mixed support, consider using flex-end instead

./node_modules/next/dist/build/webpack/loaders/css-loader/src/index.js??ruleSet[1].rules[3].oneOf[10].use[1]!./node_modules/next/dist/build/webpack/loaders/postcss-loader/src/index.js??ruleSet[1].rules[3].oneOf[10].use[2]!./node_modules/next/dist/build/webpack/loaders/resolve-url-loader/index.js??ruleSet[1].rules[3].oneOf[10].use[3]!./node_modules/next/dist/compiled/sass-loader/cjs.js??ruleSet[1].rules[3].oneOf[10].use[4]!./styles/sass/style.scss
Warning

(1963:3) autoprefixer: end value has mixed support, consider using flex-end instead

./node_modules/next/dist/build/webpack/loaders/css-loader/src/index.js??ruleSet[1].rules[3].oneOf[10].use[1]!./node_modules/next/dist/build/webpack/loaders/postcss-loader/src/index.js??ruleSet[1].rules[3].oneOf[10].use[2]!./node_modules/next/dist/build/webpack/loaders/resolve-url-loader/index.js??ruleSet[1].rules[3].oneOf[10].use[3]!./node_modules/next/dist/compiled/sass-loader/cjs.js??ruleSet[1].rules[3].oneOf[10].use[4]!./styles/sass/style.scss
Warning

(4009:3) autoprefixer: Gradient has outdated direction syntax. New syntax is like `to left` instead of `right`.

./node_modules/next/dist/build/webpack/loaders/css-loader/src/index.js??ruleSet[1].rules[3].oneOf[10].use[1]!./node_modules/next/dist/build/webpack/loaders/postcss-loader/src/index.js??ruleSet[1].rules[3].oneOf[10].use[2]!./node_modules/next/dist/build/webpack/loaders/resolve-url-loader/index.js??ruleSet[1].rules[3].oneOf[10].use[3]!./node_modules/next/dist/compiled/sass-loader/cjs.js??ruleSet[1].rules[3].oneOf[10].use[4]!./styles/sass/style.scss
Warning

(11563:3) autoprefixer: end value has mixed support, consider using flex-end instead

./node_modules/next/dist/build/webpack/loaders/css-loader/src/index.js??ruleSet[1].rules[3].oneOf[10].use[1]!./node_modules/next/dist/build/webpack/loaders/postcss-loader/src/index.js??ruleSet[1].rules[3].oneOf[10].use[2]!./node_modules/next/dist/build/webpack/loaders/resolve-url-loader/index.js??ruleSet[1].rules[3].oneOf[10].use[3]!./node_modules/next/dist/compiled/sass-loader/cjs.js??ruleSet[1].rules[3].oneOf[10].use[4]!./styles/sass/style.scss
Warning

(13442:3) autoprefixer: end value has mixed support, consider using flex-end instead
wait  - compiling...
warn  - ./node_modules/next/dist/build/webpack/loaders/css-loader/src/index.js??ruleSet[1].rules[3].oneOf[10].use[1]!./node_modules/next/dist/build/webpack/loaders/postcss-loader/src/index.js??ruleSet[1].rules[3].oneOf[10].use[2]!./node_modules/next/dist/build/webpack/loaders/resolve-url-loader/index.js??ruleSet[1].rules[3].oneOf[10].use[3]!./node_modules/next/dist/compiled/sass-loader/cjs.js??ruleSet[1].rules[3].oneOf[10].use[4]!./styles/sass/style.scss
Warning

(601:3) autoprefixer: Gradient has outdated direction syntax. New syntax is like `to left` instead of `right`.

./node_modules/next/dist/build/webpack/loaders/css-loader/src/index.js??ruleSet[1].rules[3].oneOf[10].use[1]!./node_modules/next/dist/build/webpack/loaders/postcss-loader/src/index.js??ruleSet[1].rules[3].oneOf[10].use[2]!./node_modules/next/dist/build/webpack/loaders/resolve-url-loader/index.js??ruleSet[1].rules[3].oneOf[10].use[3]!./node_modules/next/dist/compiled/sass-loader/cjs.js??ruleSet[1].rules[3].oneOf[10].use[4]!./styles/sass/style.scss
Warning

(1763:3) autoprefixer: end value has mixed support, consider using flex-end instead

./node_modules/next/dist/build/webpack/loaders/css-loader/src/index.js??ruleSet[1].rules[3].oneOf[10].use[1]!./node_modules/next/dist/build/webpack/loaders/postcss-loader/src/index.js??ruleSet[1].rules[3].oneOf[10].use[2]!./node_modules/next/dist/build/webpack/loaders/resolve-url-loader/index.js??ruleSet[1].rules[3].oneOf[10].use[3]!./node_modules/next/dist/compiled/sass-loader/cjs.js??ruleSet[1].rules[3].oneOf[10].use[4]!./styles/sass/style.scss
Warning

(1963:3) autoprefixer: end value has mixed support, consider using flex-end instead

./node_modules/next/dist/build/webpack/loaders/css-loader/src/index.js??ruleSet[1].rules[3].oneOf[10].use[1]!./node_modules/next/dist/build/webpack/loaders/postcss-loader/src/index.js??ruleSet[1].rules[3].oneOf[10].use[2]!./node_modules/next/dist/build/webpack/loaders/resolve-url-loader/index.js??ruleSet[1].rules[3].oneOf[10].use[3]!./node_modules/next/dist/compiled/sass-loader/cjs.js??ruleSet[1].rules[3].oneOf[10].use[4]!./styles/sass/style.scss
Warning

(4009:3) autoprefixer: Gradient has outdated direction syntax. New syntax is like `to left` instead of `right`.

./node_modules/next/dist/build/webpack/loaders/css-loader/src/index.js??ruleSet[1].rules[3].oneOf[10].use[1]!./node_modules/next/dist/build/webpack/loaders/postcss-loader/src/index.js??ruleSet[1].rules[3].oneOf[10].use[2]!./node_modules/next/dist/build/webpack/loaders/resolve-url-loader/index.js??ruleSet[1].rules[3].oneOf[10].use[3]!./node_modules/next/dist/compiled/sass-loader/cjs.js??ruleSet[1].rules[3].oneOf[10].use[4]!./styles/sass/style.scss
Warning

(11563:3) autoprefixer: end value has mixed support, consider using flex-end instead

./node_modules/next/dist/build/webpack/loaders/css-loader/src/index.js??ruleSet[1].rules[3].oneOf[10].use[1]!./node_modules/next/dist/build/webpack/loaders/postcss-loader/src/index.js??ruleSet[1].rules[3].oneOf[10].use[2]!./node_modules/next/dist/build/webpack/loaders/resolve-url-loader/index.js??ruleSet[1].rules[3].oneOf[10].use[3]!./node_modules/next/dist/compiled/sass-loader/cjs.js??ruleSet[1].rules[3].oneOf[10].use[4]!./styles/sass/style.scss
Warning

(13442:3) autoprefixer: end value has mixed support, consider using flex-end instead
warn  - ./node_modules/next/dist/build/webpack/loaders/css-loader/src/index.js??ruleSet[1].rules[3].oneOf[10].use[1]!./node_modules/next/dist/build/webpack/loaders/postcss-loader/src/index.js??ruleSet[1].rules[3].oneOf[10].use[2]!./node_modules/next/dist/build/webpack/loaders/resolve-url-loader/index.js??ruleSet[1].rules[3].oneOf[10].use[3]!./node_modules/next/dist/compiled/sass-loader/cjs.js??ruleSet[1].rules[3].oneOf[10].use[4]!./styles/sass/style.scss
Warning

(601:3) autoprefixer: Gradient has outdated direction syntax. New syntax is like `to left` instead of `right`.

./node_modules/next/dist/build/webpack/loaders/css-loader/src/index.js??ruleSet[1].rules[3].oneOf[10].use[1]!./node_modules/next/dist/build/webpack/loaders/postcss-loader/src/index.js??ruleSet[1].rules[3].oneOf[10].use[2]!./node_modules/next/dist/build/webpack/loaders/resolve-url-loader/index.js??ruleSet[1].rules[3].oneOf[10].use[3]!./node_modules/next/dist/compiled/sass-loader/cjs.js??ruleSet[1].rules[3].oneOf[10].use[4]!./styles/sass/style.scss
Warning

(1763:3) autoprefixer: end value has mixed support, consider using flex-end instead

./node_modules/next/dist/build/webpack/loaders/css-loader/src/index.js??ruleSet[1].rules[3].oneOf[10].use[1]!./node_modules/next/dist/build/webpack/loaders/postcss-loader/src/index.js??ruleSet[1].rules[3].oneOf[10].use[2]!./node_modules/next/dist/build/webpack/loaders/resolve-url-loader/index.js??ruleSet[1].rules[3].oneOf[10].use[3]!./node_modules/next/dist/compiled/sass-loader/cjs.js??ruleSet[1].rules[3].oneOf[10].use[4]!./styles/sass/style.scss
Warning

(1963:3) autoprefixer: end value has mixed support, consider using flex-end instead

./node_modules/next/dist/build/webpack/loaders/css-loader/src/index.js??ruleSet[1].rules[3].oneOf[10].use[1]!./node_modules/next/dist/build/webpack/loaders/postcss-loader/src/index.js??ruleSet[1].rules[3].oneOf[10].use[2]!./node_modules/next/dist/build/webpack/loaders/resolve-url-loader/index.js??ruleSet[1].rules[3].oneOf[10].use[3]!./node_modules/next/dist/compiled/sass-loader/cjs.js??ruleSet[1].rules[3].oneOf[10].use[4]!./styles/sass/style.scss
Warning

(4009:3) autoprefixer: Gradient has outdated direction syntax. New syntax is like `to left` instead of `right`.

./node_modules/next/dist/build/webpack/loaders/css-loader/src/index.js??ruleSet[1].rules[3].oneOf[10].use[1]!./node_modules/next/dist/build/webpack/loaders/postcss-loader/src/index.js??ruleSet[1].rules[3].oneOf[10].use[2]!./node_modules/next/dist/build/webpack/loaders/resolve-url-loader/index.js??ruleSet[1].rules[3].oneOf[10].use[3]!./node_modules/next/dist/compiled/sass-loader/cjs.js??ruleSet[1].rules[3].oneOf[10].use[4]!./styles/sass/style.scss
Warning

(11563:3) autoprefixer: end value has mixed support, consider using flex-end instead

./node_modules/next/dist/build/webpack/loaders/css-loader/src/index.js??ruleSet[1].rules[3].oneOf[10].use[1]!./node_modules/next/dist/build/webpack/loaders/postcss-loader/src/index.js??ruleSet[1].rules[3].oneOf[10].use[2]!./node_modules/next/dist/build/webpack/loaders/resolve-url-loader/index.js??ruleSet[1].rules[3].oneOf[10].use[3]!./node_modules/next/dist/compiled/sass-loader/cjs.js??ruleSet[1].rules[3].oneOf[10].use[4]!./styles/sass/style.scss
Warning

(13442:3) autoprefixer: end value has mixed support, consider using flex-end instead
wait  - compiling /404 (client and server)...
warn  - ./node_modules/next/dist/build/webpack/loaders/css-loader/src/index.js??ruleSet[1].rules[3].oneOf[10].use[1]!./node_modules/next/dist/build/webpack/loaders/postcss-loader/src/index.js??ruleSet[1].rules[3].oneOf[10].use[2]!./node_modules/next/dist/build/webpack/loaders/resolve-url-loader/index.js??ruleSet[1].rules[3].oneOf[10].use[3]!./node_modules/next/dist/compiled/sass-loader/cjs.js??ruleSet[1].rules[3].oneOf[10].use[4]!./styles/sass/style.scss
Warning

(601:3) autoprefixer: Gradient has outdated direction syntax. New syntax is like `to left` instead of `right`.

./node_modules/next/dist/build/webpack/loaders/css-loader/src/index.js??ruleSet[1].rules[3].oneOf[10].use[1]!./node_modules/next/dist/build/webpack/loaders/postcss-loader/src/index.js??ruleSet[1].rules[3].oneOf[10].use[2]!./node_modules/next/dist/build/webpack/loaders/resolve-url-loader/index.js??ruleSet[1].rules[3].oneOf[10].use[3]!./node_modules/next/dist/compiled/sass-loader/cjs.js??ruleSet[1].rules[3].oneOf[10].use[4]!./styles/sass/style.scss
Warning

(1763:3) autoprefixer: end value has mixed support, consider using flex-end instead

./node_modules/next/dist/build/webpack/loaders/css-loader/src/index.js??ruleSet[1].rules[3].oneOf[10].use[1]!./node_modules/next/dist/build/webpack/loaders/postcss-loader/src/index.js??ruleSet[1].rules[3].oneOf[10].use[2]!./node_modules/next/dist/build/webpack/loaders/resolve-url-loader/index.js??ruleSet[1].rules[3].oneOf[10].use[3]!./node_modules/next/dist/compiled/sass-loader/cjs.js??ruleSet[1].rules[3].oneOf[10].use[4]!./styles/sass/style.scss
Warning

(1963:3) autoprefixer: end value has mixed support, consider using flex-end instead

./node_modules/next/dist/build/webpack/loaders/css-loader/src/index.js??ruleSet[1].rules[3].oneOf[10].use[1]!./node_modules/next/dist/build/webpack/loaders/postcss-loader/src/index.js??ruleSet[1].rules[3].oneOf[10].use[2]!./node_modules/next/dist/build/webpack/loaders/resolve-url-loader/index.js??ruleSet[1].rules[3].oneOf[10].use[3]!./node_modules/next/dist/compiled/sass-loader/cjs.js??ruleSet[1].rules[3].oneOf[10].use[4]!./styles/sass/style.scss
Warning

(4009:3) autoprefixer: Gradient has outdated direction syntax. New syntax is like `to left` instead of `right`.

./node_modules/next/dist/build/webpack/loaders/css-loader/src/index.js??ruleSet[1].rules[3].oneOf[10].use[1]!./node_modules/next/dist/build/webpack/loaders/postcss-loader/src/index.js??ruleSet[1].rules[3].oneOf[10].use[2]!./node_modules/next/dist/build/webpack/loaders/resolve-url-loader/index.js??ruleSet[1].rules[3].oneOf[10].use[3]!./node_modules/next/dist/compiled/sass-loader/cjs.js??ruleSet[1].rules[3].oneOf[10].use[4]!./styles/sass/style.scss
Warning

(11563:3) autoprefixer: end value has mixed support, consider using flex-end instead

./node_modules/next/dist/build/webpack/loaders/css-loader/src/index.js??ruleSet[1].rules[3].oneOf[10].use[1]!./node_modules/next/dist/build/webpack/loaders/postcss-loader/src/index.js??ruleSet[1].rules[3].oneOf[10].use[2]!./node_modules/next/dist/build/webpack/loaders/resolve-url-loader/index.js??ruleSet[1].rules[3].oneOf[10].use[3]!./node_modules/next/dist/compiled/sass-loader/cjs.js??ruleSet[1].rules[3].oneOf[10].use[4]!./styles/sass/style.scss
Warning

(13442:3) autoprefixer: end value has mixed support, consider using flex-end instead
wait  - compiling...
warn  - ./node_modules/next/dist/build/webpack/loaders/css-loader/src/index.js??ruleSet[1].rules[3].oneOf[10].use[1]!./node_modules/next/dist/build/webpack/loaders/postcss-loader/src/index.js??ruleSet[1].rules[3].oneOf[10].use[2]!./node_modules/next/dist/build/webpack/loaders/resolve-url-loader/index.js??ruleSet[1].rules[3].oneOf[10].use[3]!./node_modules/next/dist/compiled/sass-loader/cjs.js??ruleSet[1].rules[3].oneOf[10].use[4]!./styles/sass/style.scss
Warning

(601:3) autoprefixer: Gradient has outdated direction syntax. New syntax is like `to left` instead of `right`.

./node_modules/next/dist/build/webpack/loaders/css-loader/src/index.js??ruleSet[1].rules[3].oneOf[10].use[1]!./node_modules/next/dist/build/webpack/loaders/postcss-loader/src/index.js??ruleSet[1].rules[3].oneOf[10].use[2]!./node_modules/next/dist/build/webpack/loaders/resolve-url-loader/index.js??ruleSet[1].rules[3].oneOf[10].use[3]!./node_modules/next/dist/compiled/sass-loader/cjs.js??ruleSet[1].rules[3].oneOf[10].use[4]!./styles/sass/style.scss
Warning

(1763:3) autoprefixer: end value has mixed support, consider using flex-end instead

./node_modules/next/dist/build/webpack/loaders/css-loader/src/index.js??ruleSet[1].rules[3].oneOf[10].use[1]!./node_modules/next/dist/build/webpack/loaders/postcss-loader/src/index.js??ruleSet[1].rules[3].oneOf[10].use[2]!./node_modules/next/dist/build/webpack/loaders/resolve-url-loader/index.js??ruleSet[1].rules[3].oneOf[10].use[3]!./node_modules/next/dist/compiled/sass-loader/cjs.js??ruleSet[1].rules[3].oneOf[10].use[4]!./styles/sass/style.scss
Warning

(1963:3) autoprefixer: end value has mixed support, consider using flex-end instead

./node_modules/next/dist/build/webpack/loaders/css-loader/src/index.js??ruleSet[1].rules[3].oneOf[10].use[1]!./node_modules/next/dist/build/webpack/loaders/postcss-loader/src/index.js??ruleSet[1].rules[3].oneOf[10].use[2]!./node_modules/next/dist/build/webpack/loaders/resolve-url-loader/index.js??ruleSet[1].rules[3].oneOf[10].use[3]!./node_modules/next/dist/compiled/sass-loader/cjs.js??ruleSet[1].rules[3].oneOf[10].use[4]!./styles/sass/style.scss
Warning

(4009:3) autoprefixer: Gradient has outdated direction syntax. New syntax is like `to left` instead of `right`.

./node_modules/next/dist/build/webpack/loaders/css-loader/src/index.js??ruleSet[1].rules[3].oneOf[10].use[1]!./node_modules/next/dist/build/webpack/loaders/postcss-loader/src/index.js??ruleSet[1].rules[3].oneOf[10].use[2]!./node_modules/next/dist/build/webpack/loaders/resolve-url-loader/index.js??ruleSet[1].rules[3].oneOf[10].use[3]!./node_modules/next/dist/compiled/sass-loader/cjs.js??ruleSet[1].rules[3].oneOf[10].use[4]!./styles/sass/style.scss
Warning

(11563:3) autoprefixer: end value has mixed support, consider using flex-end instead

./node_modules/next/dist/build/webpack/loaders/css-loader/src/index.js??ruleSet[1].rules[3].oneOf[10].use[1]!./node_modules/next/dist/build/webpack/loaders/postcss-loader/src/index.js??ruleSet[1].rules[3].oneOf[10].use[2]!./node_modules/next/dist/build/webpack/loaders/resolve-url-loader/index.js??ruleSet[1].rules[3].oneOf[10].use[3]!./node_modules/next/dist/compiled/sass-loader/cjs.js??ruleSet[1].rules[3].oneOf[10].use[4]!./styles/sass/style.scss
Warning

(13442:3) autoprefixer: end value has mixed support, consider using flex-end instead
warn  - ./node_modules/next/dist/build/webpack/loaders/css-loader/src/index.js??ruleSet[1].rules[3].oneOf[10].use[1]!./node_modules/next/dist/build/webpack/loaders/postcss-loader/src/index.js??ruleSet[1].rules[3].oneOf[10].use[2]!./node_modules/next/dist/build/webpack/loaders/resolve-url-loader/index.js??ruleSet[1].rules[3].oneOf[10].use[3]!./node_modules/next/dist/compiled/sass-loader/cjs.js??ruleSet[1].rules[3].oneOf[10].use[4]!./styles/sass/style.scss
Warning

(601:3) autoprefixer: Gradient has outdated direction syntax. New syntax is like `to left` instead of `right`.

./node_modules/next/dist/build/webpack/loaders/css-loader/src/index.js??ruleSet[1].rules[3].oneOf[10].use[1]!./node_modules/next/dist/build/webpack/loaders/postcss-loader/src/index.js??ruleSet[1].rules[3].oneOf[10].use[2]!./node_modules/next/dist/build/webpack/loaders/resolve-url-loader/index.js??ruleSet[1].rules[3].oneOf[10].use[3]!./node_modules/next/dist/compiled/sass-loader/cjs.js??ruleSet[1].rules[3].oneOf[10].use[4]!./styles/sass/style.scss
Warning

(1763:3) autoprefixer: end value has mixed support, consider using flex-end instead

./node_modules/next/dist/build/webpack/loaders/css-loader/src/index.js??ruleSet[1].rules[3].oneOf[10].use[1]!./node_modules/next/dist/build/webpack/loaders/postcss-loader/src/index.js??ruleSet[1].rules[3].oneOf[10].use[2]!./node_modules/next/dist/build/webpack/loaders/resolve-url-loader/index.js??ruleSet[1].rules[3].oneOf[10].use[3]!./node_modules/next/dist/compiled/sass-loader/cjs.js??ruleSet[1].rules[3].oneOf[10].use[4]!./styles/sass/style.scss
Warning

(1963:3) autoprefixer: end value has mixed support, consider using flex-end instead

./node_modules/next/dist/build/webpack/loaders/css-loader/src/index.js??ruleSet[1].rules[3].oneOf[10].use[1]!./node_modules/next/dist/build/webpack/loaders/postcss-loader/src/index.js??ruleSet[1].rules[3].oneOf[10].use[2]!./node_modules/next/dist/build/webpack/loaders/resolve-url-loader/index.js??ruleSet[1].rules[3].oneOf[10].use[3]!./node_modules/next/dist/compiled/sass-loader/cjs.js??ruleSet[1].rules[3].oneOf[10].use[4]!./styles/sass/style.scss
Warning

(4009:3) autoprefixer: Gradient has outdated direction syntax. New syntax is like `to left` instead of `right`.

./node_modules/next/dist/build/webpack/loaders/css-loader/src/index.js??ruleSet[1].rules[3].oneOf[10].use[1]!./node_modules/next/dist/build/webpack/loaders/postcss-loader/src/index.js??ruleSet[1].rules[3].oneOf[10].use[2]!./node_modules/next/dist/build/webpack/loaders/resolve-url-loader/index.js??ruleSet[1].rules[3].oneOf[10].use[3]!./node_modules/next/dist/compiled/sass-loader/cjs.js??ruleSet[1].rules[3].oneOf[10].use[4]!./styles/sass/style.scss
Warning

(11563:3) autoprefixer: end value has mixed support, consider using flex-end instead

./node_modules/next/dist/build/webpack/loaders/css-loader/src/index.js??ruleSet[1].rules[3].oneOf[10].use[1]!./node_modules/next/dist/build/webpack/loaders/postcss-loader/src/index.js??ruleSet[1].rules[3].oneOf[10].use[2]!./node_modules/next/dist/build/webpack/loaders/resolve-url-loader/index.js??ruleSet[1].rules[3].oneOf[10].use[3]!./node_modules/next/dist/compiled/sass-loader/cjs.js??ruleSet[1].rules[3].oneOf[10].use[4]!./styles/sass/style.scss
Warning

(13442:3) autoprefixer: end value has mixed support, consider using flex-end instead
wait  - compiling /404 (client and server)...
warn  - ./node_modules/next/dist/build/webpack/loaders/css-loader/src/index.js??ruleSet[1].rules[3].oneOf[10].use[1]!./node_modules/next/dist/build/webpack/loaders/postcss-loader/src/index.js??ruleSet[1].rules[3].oneOf[10].use[2]!./node_modules/next/dist/build/webpack/loaders/resolve-url-loader/index.js??ruleSet[1].rules[3].oneOf[10].use[3]!./node_modules/next/dist/compiled/sass-loader/cjs.js??ruleSet[1].rules[3].oneOf[10].use[4]!./styles/sass/style.scss
Warning

(601:3) autoprefixer: Gradient has outdated direction syntax. New syntax is like `to left` instead of `right`.

./node_modules/next/dist/build/webpack/loaders/css-loader/src/index.js??ruleSet[1].rules[3].oneOf[10].use[1]!./node_modules/next/dist/build/webpack/loaders/postcss-loader/src/index.js??ruleSet[1].rules[3].oneOf[10].use[2]!./node_modules/next/dist/build/webpack/loaders/resolve-url-loader/index.js??ruleSet[1].rules[3].oneOf[10].use[3]!./node_modules/next/dist/compiled/sass-loader/cjs.js??ruleSet[1].rules[3].oneOf[10].use[4]!./styles/sass/style.scss
Warning

(1763:3) autoprefixer: end value has mixed support, consider using flex-end instead

./node_modules/next/dist/build/webpack/loaders/css-loader/src/index.js??ruleSet[1].rules[3].oneOf[10].use[1]!./node_modules/next/dist/build/webpack/loaders/postcss-loader/src/index.js??ruleSet[1].rules[3].oneOf[10].use[2]!./node_modules/next/dist/build/webpack/loaders/resolve-url-loader/index.js??ruleSet[1].rules[3].oneOf[10].use[3]!./node_modules/next/dist/compiled/sass-loader/cjs.js??ruleSet[1].rules[3].oneOf[10].use[4]!./styles/sass/style.scss
Warning

(1963:3) autoprefixer: end value has mixed support, consider using flex-end instead

./node_modules/next/dist/build/webpack/loaders/css-loader/src/index.js??ruleSet[1].rules[3].oneOf[10].use[1]!./node_modules/next/dist/build/webpack/loaders/postcss-loader/src/index.js??ruleSet[1].rules[3].oneOf[10].use[2]!./node_modules/next/dist/build/webpack/loaders/resolve-url-loader/index.js??ruleSet[1].rules[3].oneOf[10].use[3]!./node_modules/next/dist/compiled/sass-loader/cjs.js??ruleSet[1].rules[3].oneOf[10].use[4]!./styles/sass/style.scss
Warning

(4009:3) autoprefixer: Gradient has outdated direction syntax. New syntax is like `to left` instead of `right`.

./node_modules/next/dist/build/webpack/loaders/css-loader/src/index.js??ruleSet[1].rules[3].oneOf[10].use[1]!./node_modules/next/dist/build/webpack/loaders/postcss-loader/src/index.js??ruleSet[1].rules[3].oneOf[10].use[2]!./node_modules/next/dist/build/webpack/loaders/resolve-url-loader/index.js??ruleSet[1].rules[3].oneOf[10].use[3]!./node_modules/next/dist/compiled/sass-loader/cjs.js??ruleSet[1].rules[3].oneOf[10].use[4]!./styles/sass/style.scss
Warning

(11563:3) autoprefixer: end value has mixed support, consider using flex-end instead

./node_modules/next/dist/build/webpack/loaders/css-loader/src/index.js??ruleSet[1].rules[3].oneOf[10].use[1]!./node_modules/next/dist/build/webpack/loaders/postcss-loader/src/index.js??ruleSet[1].rules[3].oneOf[10].use[2]!./node_modules/next/dist/build/webpack/loaders/resolve-url-loader/index.js??ruleSet[1].rules[3].oneOf[10].use[3]!./node_modules/next/dist/compiled/sass-loader/cjs.js??ruleSet[1].rules[3].oneOf[10].use[4]!./styles/sass/style.scss
Warning

(13442:3) autoprefixer: end value has mixed support, consider using flex-end instead
wait  - compiling...
warn  - ./node_modules/next/dist/build/webpack/loaders/css-loader/src/index.js??ruleSet[1].rules[3].oneOf[10].use[1]!./node_modules/next/dist/build/webpack/loaders/postcss-loader/src/index.js??ruleSet[1].rules[3].oneOf[10].use[2]!./node_modules/next/dist/build/webpack/loaders/resolve-url-loader/index.js??ruleSet[1].rules[3].oneOf[10].use[3]!./node_modules/next/dist/compiled/sass-loader/cjs.js??ruleSet[1].rules[3].oneOf[10].use[4]!./styles/sass/style.scss
Warning

(601:3) autoprefixer: Gradient has outdated direction syntax. New syntax is like `to left` instead of `right`.

./node_modules/next/dist/build/webpack/loaders/css-loader/src/index.js??ruleSet[1].rules[3].oneOf[10].use[1]!./node_modules/next/dist/build/webpack/loaders/postcss-loader/src/index.js??ruleSet[1].rules[3].oneOf[10].use[2]!./node_modules/next/dist/build/webpack/loaders/resolve-url-loader/index.js??ruleSet[1].rules[3].oneOf[10].use[3]!./node_modules/next/dist/compiled/sass-loader/cjs.js??ruleSet[1].rules[3].oneOf[10].use[4]!./styles/sass/style.scss
Warning

(1763:3) autoprefixer: end value has mixed support, consider using flex-end instead

./node_modules/next/dist/build/webpack/loaders/css-loader/src/index.js??ruleSet[1].rules[3].oneOf[10].use[1]!./node_modules/next/dist/build/webpack/loaders/postcss-loader/src/index.js??ruleSet[1].rules[3].oneOf[10].use[2]!./node_modules/next/dist/build/webpack/loaders/resolve-url-loader/index.js??ruleSet[1].rules[3].oneOf[10].use[3]!./node_modules/next/dist/compiled/sass-loader/cjs.js??ruleSet[1].rules[3].oneOf[10].use[4]!./styles/sass/style.scss
Warning

(1963:3) autoprefixer: end value has mixed support, consider using flex-end instead

./node_modules/next/dist/build/webpack/loaders/css-loader/src/index.js??ruleSet[1].rules[3].oneOf[10].use[1]!./node_modules/next/dist/build/webpack/loaders/postcss-loader/src/index.js??ruleSet[1].rules[3].oneOf[10].use[2]!./node_modules/next/dist/build/webpack/loaders/resolve-url-loader/index.js??ruleSet[1].rules[3].oneOf[10].use[3]!./node_modules/next/dist/compiled/sass-loader/cjs.js??ruleSet[1].rules[3].oneOf[10].use[4]!./styles/sass/style.scss
Warning

(4009:3) autoprefixer: Gradient has outdated direction syntax. New syntax is like `to left` instead of `right`.

./node_modules/next/dist/build/webpack/loaders/css-loader/src/index.js??ruleSet[1].rules[3].oneOf[10].use[1]!./node_modules/next/dist/build/webpack/loaders/postcss-loader/src/index.js??ruleSet[1].rules[3].oneOf[10].use[2]!./node_modules/next/dist/build/webpack/loaders/resolve-url-loader/index.js??ruleSet[1].rules[3].oneOf[10].use[3]!./node_modules/next/dist/compiled/sass-loader/cjs.js??ruleSet[1].rules[3].oneOf[10].use[4]!./styles/sass/style.scss
Warning

(11563:3) autoprefixer: end value has mixed support, consider using flex-end instead

./node_modules/next/dist/build/webpack/loaders/css-loader/src/index.js??ruleSet[1].rules[3].oneOf[10].use[1]!./node_modules/next/dist/build/webpack/loaders/postcss-loader/src/index.js??ruleSet[1].rules[3].oneOf[10].use[2]!./node_modules/next/dist/build/webpack/loaders/resolve-url-loader/index.js??ruleSet[1].rules[3].oneOf[10].use[3]!./node_modules/next/dist/compiled/sass-loader/cjs.js??ruleSet[1].rules[3].oneOf[10].use[4]!./styles/sass/style.scss
Warning

(13442:3) autoprefixer: end value has mixed support, consider using flex-end instead
wait  - compiling...
warn  - ./node_modules/next/dist/build/webpack/loaders/css-loader/src/index.js??ruleSet[1].rules[3].oneOf[10].use[1]!./node_modules/next/dist/build/webpack/loaders/postcss-loader/src/index.js??ruleSet[1].rules[3].oneOf[10].use[2]!./node_modules/next/dist/build/webpack/loaders/resolve-url-loader/index.js??ruleSet[1].rules[3].oneOf[10].use[3]!./node_modules/next/dist/compiled/sass-loader/cjs.js??ruleSet[1].rules[3].oneOf[10].use[4]!./styles/sass/style.scss
Warning

(601:3) autoprefixer: Gradient has outdated direction syntax. New syntax is like `to left` instead of `right`.

./node_modules/next/dist/build/webpack/loaders/css-loader/src/index.js??ruleSet[1].rules[3].oneOf[10].use[1]!./node_modules/next/dist/build/webpack/loaders/postcss-loader/src/index.js??ruleSet[1].rules[3].oneOf[10].use[2]!./node_modules/next/dist/build/webpack/loaders/resolve-url-loader/index.js??ruleSet[1].rules[3].oneOf[10].use[3]!./node_modules/next/dist/compiled/sass-loader/cjs.js??ruleSet[1].rules[3].oneOf[10].use[4]!./styles/sass/style.scss
Warning

(1763:3) autoprefixer: end value has mixed support, consider using flex-end instead

./node_modules/next/dist/build/webpack/loaders/css-loader/src/index.js??ruleSet[1].rules[3].oneOf[10].use[1]!./node_modules/next/dist/build/webpack/loaders/postcss-loader/src/index.js??ruleSet[1].rules[3].oneOf[10].use[2]!./node_modules/next/dist/build/webpack/loaders/resolve-url-loader/index.js??ruleSet[1].rules[3].oneOf[10].use[3]!./node_modules/next/dist/compiled/sass-loader/cjs.js??ruleSet[1].rules[3].oneOf[10].use[4]!./styles/sass/style.scss
Warning

(1963:3) autoprefixer: end value has mixed support, consider using flex-end instead

./node_modules/next/dist/build/webpack/loaders/css-loader/src/index.js??ruleSet[1].rules[3].oneOf[10].use[1]!./node_modules/next/dist/build/webpack/loaders/postcss-loader/src/index.js??ruleSet[1].rules[3].oneOf[10].use[2]!./node_modules/next/dist/build/webpack/loaders/resolve-url-loader/index.js??ruleSet[1].rules[3].oneOf[10].use[3]!./node_modules/next/dist/compiled/sass-loader/cjs.js??ruleSet[1].rules[3].oneOf[10].use[4]!./styles/sass/style.scss
Warning

(4009:3) autoprefixer: Gradient has outdated direction syntax. New syntax is like `to left` instead of `right`.

./node_modules/next/dist/build/webpack/loaders/css-loader/src/index.js??ruleSet[1].rules[3].oneOf[10].use[1]!./node_modules/next/dist/build/webpack/loaders/postcss-loader/src/index.js??ruleSet[1].rules[3].oneOf[10].use[2]!./node_modules/next/dist/build/webpack/loaders/resolve-url-loader/index.js??ruleSet[1].rules[3].oneOf[10].use[3]!./node_modules/next/dist/compiled/sass-loader/cjs.js??ruleSet[1].rules[3].oneOf[10].use[4]!./styles/sass/style.scss
Warning

(11563:3) autoprefixer: end value has mixed support, consider using flex-end instead

./node_modules/next/dist/build/webpack/loaders/css-loader/src/index.js??ruleSet[1].rules[3].oneOf[10].use[1]!./node_modules/next/dist/build/webpack/loaders/postcss-loader/src/index.js??ruleSet[1].rules[3].oneOf[10].use[2]!./node_modules/next/dist/build/webpack/loaders/resolve-url-loader/index.js??ruleSet[1].rules[3].oneOf[10].use[3]!./node_modules/next/dist/compiled/sass-loader/cjs.js??ruleSet[1].rules[3].oneOf[10].use[4]!./styles/sass/style.scss
Warning

(13442:3) autoprefixer: end value has mixed support, consider using flex-end instead
wait  - compiling...
warn  - ./node_modules/next/dist/build/webpack/loaders/css-loader/src/index.js??ruleSet[1].rules[3].oneOf[10].use[1]!./node_modules/next/dist/build/webpack/loaders/postcss-loader/src/index.js??ruleSet[1].rules[3].oneOf[10].use[2]!./node_modules/next/dist/build/webpack/loaders/resolve-url-loader/index.js??ruleSet[1].rules[3].oneOf[10].use[3]!./node_modules/next/dist/compiled/sass-loader/cjs.js??ruleSet[1].rules[3].oneOf[10].use[4]!./styles/sass/style.scss
Warning

(601:3) autoprefixer: Gradient has outdated direction syntax. New syntax is like `to left` instead of `right`.

./node_modules/next/dist/build/webpack/loaders/css-loader/src/index.js??ruleSet[1].rules[3].oneOf[10].use[1]!./node_modules/next/dist/build/webpack/loaders/postcss-loader/src/index.js??ruleSet[1].rules[3].oneOf[10].use[2]!./node_modules/next/dist/build/webpack/loaders/resolve-url-loader/index.js??ruleSet[1].rules[3].oneOf[10].use[3]!./node_modules/next/dist/compiled/sass-loader/cjs.js??ruleSet[1].rules[3].oneOf[10].use[4]!./styles/sass/style.scss
Warning

(1763:3) autoprefixer: end value has mixed support, consider using flex-end instead

./node_modules/next/dist/build/webpack/loaders/css-loader/src/index.js??ruleSet[1].rules[3].oneOf[10].use[1]!./node_modules/next/dist/build/webpack/loaders/postcss-loader/src/index.js??ruleSet[1].rules[3].oneOf[10].use[2]!./node_modules/next/dist/build/webpack/loaders/resolve-url-loader/index.js??ruleSet[1].rules[3].oneOf[10].use[3]!./node_modules/next/dist/compiled/sass-loader/cjs.js??ruleSet[1].rules[3].oneOf[10].use[4]!./styles/sass/style.scss
Warning

(1963:3) autoprefixer: end value has mixed support, consider using flex-end instead

./node_modules/next/dist/build/webpack/loaders/css-loader/src/index.js??ruleSet[1].rules[3].oneOf[10].use[1]!./node_modules/next/dist/build/webpack/loaders/postcss-loader/src/index.js??ruleSet[1].rules[3].oneOf[10].use[2]!./node_modules/next/dist/build/webpack/loaders/resolve-url-loader/index.js??ruleSet[1].rules[3].oneOf[10].use[3]!./node_modules/next/dist/compiled/sass-loader/cjs.js??ruleSet[1].rules[3].oneOf[10].use[4]!./styles/sass/style.scss
Warning

(4009:3) autoprefixer: Gradient has outdated direction syntax. New syntax is like `to left` instead of `right`.

./node_modules/next/dist/build/webpack/loaders/css-loader/src/index.js??ruleSet[1].rules[3].oneOf[10].use[1]!./node_modules/next/dist/build/webpack/loaders/postcss-loader/src/index.js??ruleSet[1].rules[3].oneOf[10].use[2]!./node_modules/next/dist/build/webpack/loaders/resolve-url-loader/index.js??ruleSet[1].rules[3].oneOf[10].use[3]!./node_modules/next/dist/compiled/sass-loader/cjs.js??ruleSet[1].rules[3].oneOf[10].use[4]!./styles/sass/style.scss
Warning

(11563:3) autoprefixer: end value has mixed support, consider using flex-end instead

./node_modules/next/dist/build/webpack/loaders/css-loader/src/index.js??ruleSet[1].rules[3].oneOf[10].use[1]!./node_modules/next/dist/build/webpack/loaders/postcss-loader/src/index.js??ruleSet[1].rules[3].oneOf[10].use[2]!./node_modules/next/dist/build/webpack/loaders/resolve-url-loader/index.js??ruleSet[1].rules[3].oneOf[10].use[3]!./node_modules/next/dist/compiled/sass-loader/cjs.js??ruleSet[1].rules[3].oneOf[10].use[4]!./styles/sass/style.scss
Warning

(13442:3) autoprefixer: end value has mixed support, consider using flex-end instead
warn  - ./node_modules/next/dist/build/webpack/loaders/css-loader/src/index.js??ruleSet[1].rules[3].oneOf[10].use[1]!./node_modules/next/dist/build/webpack/loaders/postcss-loader/src/index.js??ruleSet[1].rules[3].oneOf[10].use[2]!./node_modules/next/dist/build/webpack/loaders/resolve-url-loader/index.js??ruleSet[1].rules[3].oneOf[10].use[3]!./node_modules/next/dist/compiled/sass-loader/cjs.js??ruleSet[1].rules[3].oneOf[10].use[4]!./styles/sass/style.scss
Warning

(601:3) autoprefixer: Gradient has outdated direction syntax. New syntax is like `to left` instead of `right`.

./node_modules/next/dist/build/webpack/loaders/css-loader/src/index.js??ruleSet[1].rules[3].oneOf[10].use[1]!./node_modules/next/dist/build/webpack/loaders/postcss-loader/src/index.js??ruleSet[1].rules[3].oneOf[10].use[2]!./node_modules/next/dist/build/webpack/loaders/resolve-url-loader/index.js??ruleSet[1].rules[3].oneOf[10].use[3]!./node_modules/next/dist/compiled/sass-loader/cjs.js??ruleSet[1].rules[3].oneOf[10].use[4]!./styles/sass/style.scss
Warning

(1763:3) autoprefixer: end value has mixed support, consider using flex-end instead

./node_modules/next/dist/build/webpack/loaders/css-loader/src/index.js??ruleSet[1].rules[3].oneOf[10].use[1]!./node_modules/next/dist/build/webpack/loaders/postcss-loader/src/index.js??ruleSet[1].rules[3].oneOf[10].use[2]!./node_modules/next/dist/build/webpack/loaders/resolve-url-loader/index.js??ruleSet[1].rules[3].oneOf[10].use[3]!./node_modules/next/dist/compiled/sass-loader/cjs.js??ruleSet[1].rules[3].oneOf[10].use[4]!./styles/sass/style.scss
Warning

(1963:3) autoprefixer: end value has mixed support, consider using flex-end instead

./node_modules/next/dist/build/webpack/loaders/css-loader/src/index.js??ruleSet[1].rules[3].oneOf[10].use[1]!./node_modules/next/dist/build/webpack/loaders/postcss-loader/src/index.js??ruleSet[1].rules[3].oneOf[10].use[2]!./node_modules/next/dist/build/webpack/loaders/resolve-url-loader/index.js??ruleSet[1].rules[3].oneOf[10].use[3]!./node_modules/next/dist/compiled/sass-loader/cjs.js??ruleSet[1].rules[3].oneOf[10].use[4]!./styles/sass/style.scss
Warning

(4009:3) autoprefixer: Gradient has outdated direction syntax. New syntax is like `to left` instead of `right`.

./node_modules/next/dist/build/webpack/loaders/css-loader/src/index.js??ruleSet[1].rules[3].oneOf[10].use[1]!./node_modules/next/dist/build/webpack/loaders/postcss-loader/src/index.js??ruleSet[1].rules[3].oneOf[10].use[2]!./node_modules/next/dist/build/webpack/loaders/resolve-url-loader/index.js??ruleSet[1].rules[3].oneOf[10].use[3]!./node_modules/next/dist/compiled/sass-loader/cjs.js??ruleSet[1].rules[3].oneOf[10].use[4]!./styles/sass/style.scss
Warning

(11563:3) autoprefixer: end value has mixed support, consider using flex-end instead

./node_modules/next/dist/build/webpack/loaders/css-loader/src/index.js??ruleSet[1].rules[3].oneOf[10].use[1]!./node_modules/next/dist/build/webpack/loaders/postcss-loader/src/index.js??ruleSet[1].rules[3].oneOf[10].use[2]!./node_modules/next/dist/build/webpack/loaders/resolve-url-loader/index.js??ruleSet[1].rules[3].oneOf[10].use[3]!./node_modules/next/dist/compiled/sass-loader/cjs.js??ruleSet[1].rules[3].oneOf[10].use[4]!./styles/sass/style.scss
Warning

(13442:3) autoprefixer: end value has mixed support, consider using flex-end instead
wait  - compiling /404 (client and server)...
warn  - ./node_modules/next/dist/build/webpack/loaders/css-loader/src/index.js??ruleSet[1].rules[3].oneOf[10].use[1]!./node_modules/next/dist/build/webpack/loaders/postcss-loader/src/index.js??ruleSet[1].rules[3].oneOf[10].use[2]!./node_modules/next/dist/build/webpack/loaders/resolve-url-loader/index.js??ruleSet[1].rules[3].oneOf[10].use[3]!./node_modules/next/dist/compiled/sass-loader/cjs.js??ruleSet[1].rules[3].oneOf[10].use[4]!./styles/sass/style.scss
Warning

(601:3) autoprefixer: Gradient has outdated direction syntax. New syntax is like `to left` instead of `right`.

./node_modules/next/dist/build/webpack/loaders/css-loader/src/index.js??ruleSet[1].rules[3].oneOf[10].use[1]!./node_modules/next/dist/build/webpack/loaders/postcss-loader/src/index.js??ruleSet[1].rules[3].oneOf[10].use[2]!./node_modules/next/dist/build/webpack/loaders/resolve-url-loader/index.js??ruleSet[1].rules[3].oneOf[10].use[3]!./node_modules/next/dist/compiled/sass-loader/cjs.js??ruleSet[1].rules[3].oneOf[10].use[4]!./styles/sass/style.scss
Warning

(1763:3) autoprefixer: end value has mixed support, consider using flex-end instead

./node_modules/next/dist/build/webpack/loaders/css-loader/src/index.js??ruleSet[1].rules[3].oneOf[10].use[1]!./node_modules/next/dist/build/webpack/loaders/postcss-loader/src/index.js??ruleSet[1].rules[3].oneOf[10].use[2]!./node_modules/next/dist/build/webpack/loaders/resolve-url-loader/index.js??ruleSet[1].rules[3].oneOf[10].use[3]!./node_modules/next/dist/compiled/sass-loader/cjs.js??ruleSet[1].rules[3].oneOf[10].use[4]!./styles/sass/style.scss
Warning

(1963:3) autoprefixer: end value has mixed support, consider using flex-end instead

./node_modules/next/dist/build/webpack/loaders/css-loader/src/index.js??ruleSet[1].rules[3].oneOf[10].use[1]!./node_modules/next/dist/build/webpack/loaders/postcss-loader/src/index.js??ruleSet[1].rules[3].oneOf[10].use[2]!./node_modules/next/dist/build/webpack/loaders/resolve-url-loader/index.js??ruleSet[1].rules[3].oneOf[10].use[3]!./node_modules/next/dist/compiled/sass-loader/cjs.js??ruleSet[1].rules[3].oneOf[10].use[4]!./styles/sass/style.scss
Warning

(4009:3) autoprefixer: Gradient has outdated direction syntax. New syntax is like `to left` instead of `right`.

./node_modules/next/dist/build/webpack/loaders/css-loader/src/index.js??ruleSet[1].rules[3].oneOf[10].use[1]!./node_modules/next/dist/build/webpack/loaders/postcss-loader/src/index.js??ruleSet[1].rules[3].oneOf[10].use[2]!./node_modules/next/dist/build/webpack/loaders/resolve-url-loader/index.js??ruleSet[1].rules[3].oneOf[10].use[3]!./node_modules/next/dist/compiled/sass-loader/cjs.js??ruleSet[1].rules[3].oneOf[10].use[4]!./styles/sass/style.scss
Warning

(11563:3) autoprefixer: end value has mixed support, consider using flex-end instead

./node_modules/next/dist/build/webpack/loaders/css-loader/src/index.js??ruleSet[1].rules[3].oneOf[10].use[1]!./node_modules/next/dist/build/webpack/loaders/postcss-loader/src/index.js??ruleSet[1].rules[3].oneOf[10].use[2]!./node_modules/next/dist/build/webpack/loaders/resolve-url-loader/index.js??ruleSet[1].rules[3].oneOf[10].use[3]!./node_modules/next/dist/compiled/sass-loader/cjs.js??ruleSet[1].rules[3].oneOf[10].use[4]!./styles/sass/style.scss
Warning

(13442:3) autoprefixer: end value has mixed support, consider using flex-end instead
wait  - compiling...
warn  - ./node_modules/next/dist/build/webpack/loaders/css-loader/src/index.js??ruleSet[1].rules[3].oneOf[10].use[1]!./node_modules/next/dist/build/webpack/loaders/postcss-loader/src/index.js??ruleSet[1].rules[3].oneOf[10].use[2]!./node_modules/next/dist/build/webpack/loaders/resolve-url-loader/index.js??ruleSet[1].rules[3].oneOf[10].use[3]!./node_modules/next/dist/compiled/sass-loader/cjs.js??ruleSet[1].rules[3].oneOf[10].use[4]!./styles/sass/style.scss
Warning

(601:3) autoprefixer: Gradient has outdated direction syntax. New syntax is like `to left` instead of `right`.

./node_modules/next/dist/build/webpack/loaders/css-loader/src/index.js??ruleSet[1].rules[3].oneOf[10].use[1]!./node_modules/next/dist/build/webpack/loaders/postcss-loader/src/index.js??ruleSet[1].rules[3].oneOf[10].use[2]!./node_modules/next/dist/build/webpack/loaders/resolve-url-loader/index.js??ruleSet[1].rules[3].oneOf[10].use[3]!./node_modules/next/dist/compiled/sass-loader/cjs.js??ruleSet[1].rules[3].oneOf[10].use[4]!./styles/sass/style.scss
Warning

(1763:3) autoprefixer: end value has mixed support, consider using flex-end instead

./node_modules/next/dist/build/webpack/loaders/css-loader/src/index.js??ruleSet[1].rules[3].oneOf[10].use[1]!./node_modules/next/dist/build/webpack/loaders/postcss-loader/src/index.js??ruleSet[1].rules[3].oneOf[10].use[2]!./node_modules/next/dist/build/webpack/loaders/resolve-url-loader/index.js??ruleSet[1].rules[3].oneOf[10].use[3]!./node_modules/next/dist/compiled/sass-loader/cjs.js??ruleSet[1].rules[3].oneOf[10].use[4]!./styles/sass/style.scss
Warning

(1963:3) autoprefixer: end value has mixed support, consider using flex-end instead

./node_modules/next/dist/build/webpack/loaders/css-loader/src/index.js??ruleSet[1].rules[3].oneOf[10].use[1]!./node_modules/next/dist/build/webpack/loaders/postcss-loader/src/index.js??ruleSet[1].rules[3].oneOf[10].use[2]!./node_modules/next/dist/build/webpack/loaders/resolve-url-loader/index.js??ruleSet[1].rules[3].oneOf[10].use[3]!./node_modules/next/dist/compiled/sass-loader/cjs.js??ruleSet[1].rules[3].oneOf[10].use[4]!./styles/sass/style.scss
Warning

(4009:3) autoprefixer: Gradient has outdated direction syntax. New syntax is like `to left` instead of `right`.

./node_modules/next/dist/build/webpack/loaders/css-loader/src/index.js??ruleSet[1].rules[3].oneOf[10].use[1]!./node_modules/next/dist/build/webpack/loaders/postcss-loader/src/index.js??ruleSet[1].rules[3].oneOf[10].use[2]!./node_modules/next/dist/build/webpack/loaders/resolve-url-loader/index.js??ruleSet[1].rules[3].oneOf[10].use[3]!./node_modules/next/dist/compiled/sass-loader/cjs.js??ruleSet[1].rules[3].oneOf[10].use[4]!./styles/sass/style.scss
Warning

(11563:3) autoprefixer: end value has mixed support, consider using flex-end instead

./node_modules/next/dist/build/webpack/loaders/css-loader/src/index.js??ruleSet[1].rules[3].oneOf[10].use[1]!./node_modules/next/dist/build/webpack/loaders/postcss-loader/src/index.js??ruleSet[1].rules[3].oneOf[10].use[2]!./node_modules/next/dist/build/webpack/loaders/resolve-url-loader/index.js??ruleSet[1].rules[3].oneOf[10].use[3]!./node_modules/next/dist/compiled/sass-loader/cjs.js??ruleSet[1].rules[3].oneOf[10].use[4]!./styles/sass/style.scss
Warning

(13442:3) autoprefixer: end value has mixed support, consider using flex-end instead
warn  - ./node_modules/next/dist/build/webpack/loaders/css-loader/src/index.js??ruleSet[1].rules[3].oneOf[10].use[1]!./node_modules/next/dist/build/webpack/loaders/postcss-loader/src/index.js??ruleSet[1].rules[3].oneOf[10].use[2]!./node_modules/next/dist/build/webpack/loaders/resolve-url-loader/index.js??ruleSet[1].rules[3].oneOf[10].use[3]!./node_modules/next/dist/compiled/sass-loader/cjs.js??ruleSet[1].rules[3].oneOf[10].use[4]!./styles/sass/style.scss
Warning

(601:3) autoprefixer: Gradient has outdated direction syntax. New syntax is like `to left` instead of `right`.

./node_modules/next/dist/build/webpack/loaders/css-loader/src/index.js??ruleSet[1].rules[3].oneOf[10].use[1]!./node_modules/next/dist/build/webpack/loaders/postcss-loader/src/index.js??ruleSet[1].rules[3].oneOf[10].use[2]!./node_modules/next/dist/build/webpack/loaders/resolve-url-loader/index.js??ruleSet[1].rules[3].oneOf[10].use[3]!./node_modules/next/dist/compiled/sass-loader/cjs.js??ruleSet[1].rules[3].oneOf[10].use[4]!./styles/sass/style.scss
Warning

(1763:3) autoprefixer: end value has mixed support, consider using flex-end instead

./node_modules/next/dist/build/webpack/loaders/css-loader/src/index.js??ruleSet[1].rules[3].oneOf[10].use[1]!./node_modules/next/dist/build/webpack/loaders/postcss-loader/src/index.js??ruleSet[1].rules[3].oneOf[10].use[2]!./node_modules/next/dist/build/webpack/loaders/resolve-url-loader/index.js??ruleSet[1].rules[3].oneOf[10].use[3]!./node_modules/next/dist/compiled/sass-loader/cjs.js??ruleSet[1].rules[3].oneOf[10].use[4]!./styles/sass/style.scss
Warning

(1963:3) autoprefixer: end value has mixed support, consider using flex-end instead

./node_modules/next/dist/build/webpack/loaders/css-loader/src/index.js??ruleSet[1].rules[3].oneOf[10].use[1]!./node_modules/next/dist/build/webpack/loaders/postcss-loader/src/index.js??ruleSet[1].rules[3].oneOf[10].use[2]!./node_modules/next/dist/build/webpack/loaders/resolve-url-loader/index.js??ruleSet[1].rules[3].oneOf[10].use[3]!./node_modules/next/dist/compiled/sass-loader/cjs.js??ruleSet[1].rules[3].oneOf[10].use[4]!./styles/sass/style.scss
Warning

(4009:3) autoprefixer: Gradient has outdated direction syntax. New syntax is like `to left` instead of `right`.

./node_modules/next/dist/build/webpack/loaders/css-loader/src/index.js??ruleSet[1].rules[3].oneOf[10].use[1]!./node_modules/next/dist/build/webpack/loaders/postcss-loader/src/index.js??ruleSet[1].rules[3].oneOf[10].use[2]!./node_modules/next/dist/build/webpack/loaders/resolve-url-loader/index.js??ruleSet[1].rules[3].oneOf[10].use[3]!./node_modules/next/dist/compiled/sass-loader/cjs.js??ruleSet[1].rules[3].oneOf[10].use[4]!./styles/sass/style.scss
Warning

(11563:3) autoprefixer: end value has mixed support, consider using flex-end instead

./node_modules/next/dist/build/webpack/loaders/css-loader/src/index.js??ruleSet[1].rules[3].oneOf[10].use[1]!./node_modules/next/dist/build/webpack/loaders/postcss-loader/src/index.js??ruleSet[1].rules[3].oneOf[10].use[2]!./node_modules/next/dist/build/webpack/loaders/resolve-url-loader/index.js??ruleSet[1].rules[3].oneOf[10].use[3]!./node_modules/next/dist/compiled/sass-loader/cjs.js??ruleSet[1].rules[3].oneOf[10].use[4]!./styles/sass/style.scss
Warning

(13442:3) autoprefixer: end value has mixed support, consider using flex-end instead
wait  - compiling /404 (client and server)...
warn  - ./node_modules/next/dist/build/webpack/loaders/css-loader/src/index.js??ruleSet[1].rules[3].oneOf[10].use[1]!./node_modules/next/dist/build/webpack/loaders/postcss-loader/src/index.js??ruleSet[1].rules[3].oneOf[10].use[2]!./node_modules/next/dist/build/webpack/loaders/resolve-url-loader/index.js??ruleSet[1].rules[3].oneOf[10].use[3]!./node_modules/next/dist/compiled/sass-loader/cjs.js??ruleSet[1].rules[3].oneOf[10].use[4]!./styles/sass/style.scss
Warning

(601:3) autoprefixer: Gradient has outdated direction syntax. New syntax is like `to left` instead of `right`.

./node_modules/next/dist/build/webpack/loaders/css-loader/src/index.js??ruleSet[1].rules[3].oneOf[10].use[1]!./node_modules/next/dist/build/webpack/loaders/postcss-loader/src/index.js??ruleSet[1].rules[3].oneOf[10].use[2]!./node_modules/next/dist/build/webpack/loaders/resolve-url-loader/index.js??ruleSet[1].rules[3].oneOf[10].use[3]!./node_modules/next/dist/compiled/sass-loader/cjs.js??ruleSet[1].rules[3].oneOf[10].use[4]!./styles/sass/style.scss
Warning

(1763:3) autoprefixer: end value has mixed support, consider using flex-end instead

./node_modules/next/dist/build/webpack/loaders/css-loader/src/index.js??ruleSet[1].rules[3].oneOf[10].use[1]!./node_modules/next/dist/build/webpack/loaders/postcss-loader/src/index.js??ruleSet[1].rules[3].oneOf[10].use[2]!./node_modules/next/dist/build/webpack/loaders/resolve-url-loader/index.js??ruleSet[1].rules[3].oneOf[10].use[3]!./node_modules/next/dist/compiled/sass-loader/cjs.js??ruleSet[1].rules[3].oneOf[10].use[4]!./styles/sass/style.scss
Warning

(1963:3) autoprefixer: end value has mixed support, consider using flex-end instead

./node_modules/next/dist/build/webpack/loaders/css-loader/src/index.js??ruleSet[1].rules[3].oneOf[10].use[1]!./node_modules/next/dist/build/webpack/loaders/postcss-loader/src/index.js??ruleSet[1].rules[3].oneOf[10].use[2]!./node_modules/next/dist/build/webpack/loaders/resolve-url-loader/index.js??ruleSet[1].rules[3].oneOf[10].use[3]!./node_modules/next/dist/compiled/sass-loader/cjs.js??ruleSet[1].rules[3].oneOf[10].use[4]!./styles/sass/style.scss
Warning

(4009:3) autoprefixer: Gradient has outdated direction syntax. New syntax is like `to left` instead of `right`.

./node_modules/next/dist/build/webpack/loaders/css-loader/src/index.js??ruleSet[1].rules[3].oneOf[10].use[1]!./node_modules/next/dist/build/webpack/loaders/postcss-loader/src/index.js??ruleSet[1].rules[3].oneOf[10].use[2]!./node_modules/next/dist/build/webpack/loaders/resolve-url-loader/index.js??ruleSet[1].rules[3].oneOf[10].use[3]!./node_modules/next/dist/compiled/sass-loader/cjs.js??ruleSet[1].rules[3].oneOf[10].use[4]!./styles/sass/style.scss
Warning

(11563:3) autoprefixer: end value has mixed support, consider using flex-end instead

./node_modules/next/dist/build/webpack/loaders/css-loader/src/index.js??ruleSet[1].rules[3].oneOf[10].use[1]!./node_modules/next/dist/build/webpack/loaders/postcss-loader/src/index.js??ruleSet[1].rules[3].oneOf[10].use[2]!./node_modules/next/dist/build/webpack/loaders/resolve-url-loader/index.js??ruleSet[1].rules[3].oneOf[10].use[3]!./node_modules/next/dist/compiled/sass-loader/cjs.js??ruleSet[1].rules[3].oneOf[10].use[4]!./styles/sass/style.scss
Warning

(13442:3) autoprefixer: end value has mixed support, consider using flex-end instead
warn  - ./node_modules/next/dist/build/webpack/loaders/css-loader/src/index.js??ruleSet[1].rules[3].oneOf[10].use[1]!./node_modules/next/dist/build/webpack/loaders/postcss-loader/src/index.js??ruleSet[1].rules[3].oneOf[10].use[2]!./node_modules/next/dist/build/webpack/loaders/resolve-url-loader/index.js??ruleSet[1].rules[3].oneOf[10].use[3]!./node_modules/next/dist/compiled/sass-loader/cjs.js??ruleSet[1].rules[3].oneOf[10].use[4]!./styles/sass/style.scss
Warning

(601:3) autoprefixer: Gradient has outdated direction syntax. New syntax is like `to left` instead of `right`.

./node_modules/next/dist/build/webpack/loaders/css-loader/src/index.js??ruleSet[1].rules[3].oneOf[10].use[1]!./node_modules/next/dist/build/webpack/loaders/postcss-loader/src/index.js??ruleSet[1].rules[3].oneOf[10].use[2]!./node_modules/next/dist/build/webpack/loaders/resolve-url-loader/index.js??ruleSet[1].rules[3].oneOf[10].use[3]!./node_modules/next/dist/compiled/sass-loader/cjs.js??ruleSet[1].rules[3].oneOf[10].use[4]!./styles/sass/style.scss
Warning

(1763:3) autoprefixer: end value has mixed support, consider using flex-end instead

./node_modules/next/dist/build/webpack/loaders/css-loader/src/index.js??ruleSet[1].rules[3].oneOf[10].use[1]!./node_modules/next/dist/build/webpack/loaders/postcss-loader/src/index.js??ruleSet[1].rules[3].oneOf[10].use[2]!./node_modules/next/dist/build/webpack/loaders/resolve-url-loader/index.js??ruleSet[1].rules[3].oneOf[10].use[3]!./node_modules/next/dist/compiled/sass-loader/cjs.js??ruleSet[1].rules[3].oneOf[10].use[4]!./styles/sass/style.scss
Warning

(1963:3) autoprefixer: end value has mixed support, consider using flex-end instead

./node_modules/next/dist/build/webpack/loaders/css-loader/src/index.js??ruleSet[1].rules[3].oneOf[10].use[1]!./node_modules/next/dist/build/webpack/loaders/postcss-loader/src/index.js??ruleSet[1].rules[3].oneOf[10].use[2]!./node_modules/next/dist/build/webpack/loaders/resolve-url-loader/index.js??ruleSet[1].rules[3].oneOf[10].use[3]!./node_modules/next/dist/compiled/sass-loader/cjs.js??ruleSet[1].rules[3].oneOf[10].use[4]!./styles/sass/style.scss
Warning

(4009:3) autoprefixer: Gradient has outdated direction syntax. New syntax is like `to left` instead of `right`.

./node_modules/next/dist/build/webpack/loaders/css-loader/src/index.js??ruleSet[1].rules[3].oneOf[10].use[1]!./node_modules/next/dist/build/webpack/loaders/postcss-loader/src/index.js??ruleSet[1].rules[3].oneOf[10].use[2]!./node_modules/next/dist/build/webpack/loaders/resolve-url-loader/index.js??ruleSet[1].rules[3].oneOf[10].use[3]!./node_modules/next/dist/compiled/sass-loader/cjs.js??ruleSet[1].rules[3].oneOf[10].use[4]!./styles/sass/style.scss
Warning

(11563:3) autoprefixer: end value has mixed support, consider using flex-end instead

./node_modules/next/dist/build/webpack/loaders/css-loader/src/index.js??ruleSet[1].rules[3].oneOf[10].use[1]!./node_modules/next/dist/build/webpack/loaders/postcss-loader/src/index.js??ruleSet[1].rules[3].oneOf[10].use[2]!./node_modules/next/dist/build/webpack/loaders/resolve-url-loader/index.js??ruleSet[1].rules[3].oneOf[10].use[3]!./node_modules/next/dist/compiled/sass-loader/cjs.js??ruleSet[1].rules[3].oneOf[10].use[4]!./styles/sass/style.scss
Warning

(13442:3) autoprefixer: end value has mixed support, consider using flex-end instead
warn  - ./node_modules/next/dist/build/webpack/loaders/css-loader/src/index.js??ruleSet[1].rules[3].oneOf[10].use[1]!./node_modules/next/dist/build/webpack/loaders/postcss-loader/src/index.js??ruleSet[1].rules[3].oneOf[10].use[2]!./node_modules/next/dist/build/webpack/loaders/resolve-url-loader/index.js??ruleSet[1].rules[3].oneOf[10].use[3]!./node_modules/next/dist/compiled/sass-loader/cjs.js??ruleSet[1].rules[3].oneOf[10].use[4]!./styles/sass/style.scss
Warning

(601:3) autoprefixer: Gradient has outdated direction syntax. New syntax is like `to left` instead of `right`.

./node_modules/next/dist/build/webpack/loaders/css-loader/src/index.js??ruleSet[1].rules[3].oneOf[10].use[1]!./node_modules/next/dist/build/webpack/loaders/postcss-loader/src/index.js??ruleSet[1].rules[3].oneOf[10].use[2]!./node_modules/next/dist/build/webpack/loaders/resolve-url-loader/index.js??ruleSet[1].rules[3].oneOf[10].use[3]!./node_modules/next/dist/compiled/sass-loader/cjs.js??ruleSet[1].rules[3].oneOf[10].use[4]!./styles/sass/style.scss
Warning

(1763:3) autoprefixer: end value has mixed support, consider using flex-end instead

./node_modules/next/dist/build/webpack/loaders/css-loader/src/index.js??ruleSet[1].rules[3].oneOf[10].use[1]!./node_modules/next/dist/build/webpack/loaders/postcss-loader/src/index.js??ruleSet[1].rules[3].oneOf[10].use[2]!./node_modules/next/dist/build/webpack/loaders/resolve-url-loader/index.js??ruleSet[1].rules[3].oneOf[10].use[3]!./node_modules/next/dist/compiled/sass-loader/cjs.js??ruleSet[1].rules[3].oneOf[10].use[4]!./styles/sass/style.scss
Warning

(1963:3) autoprefixer: end value has mixed support, consider using flex-end instead

./node_modules/next/dist/build/webpack/loaders/css-loader/src/index.js??ruleSet[1].rules[3].oneOf[10].use[1]!./node_modules/next/dist/build/webpack/loaders/postcss-loader/src/index.js??ruleSet[1].rules[3].oneOf[10].use[2]!./node_modules/next/dist/build/webpack/loaders/resolve-url-loader/index.js??ruleSet[1].rules[3].oneOf[10].use[3]!./node_modules/next/dist/compiled/sass-loader/cjs.js??ruleSet[1].rules[3].oneOf[10].use[4]!./styles/sass/style.scss
Warning

(4009:3) autoprefixer: Gradient has outdated direction syntax. New syntax is like `to left` instead of `right`.

./node_modules/next/dist/build/webpack/loaders/css-loader/src/index.js??ruleSet[1].rules[3].oneOf[10].use[1]!./node_modules/next/dist/build/webpack/loaders/postcss-loader/src/index.js??ruleSet[1].rules[3].oneOf[10].use[2]!./node_modules/next/dist/build/webpack/loaders/resolve-url-loader/index.js??ruleSet[1].rules[3].oneOf[10].use[3]!./node_modules/next/dist/compiled/sass-loader/cjs.js??ruleSet[1].rules[3].oneOf[10].use[4]!./styles/sass/style.scss
Warning

(11563:3) autoprefixer: end value has mixed support, consider using flex-end instead

./node_modules/next/dist/build/webpack/loaders/css-loader/src/index.js??ruleSet[1].rules[3].oneOf[10].use[1]!./node_modules/next/dist/build/webpack/loaders/postcss-loader/src/index.js??ruleSet[1].rules[3].oneOf[10].use[2]!./node_modules/next/dist/build/webpack/loaders/resolve-url-loader/index.js??ruleSet[1].rules[3].oneOf[10].use[3]!./node_modules/next/dist/compiled/sass-loader/cjs.js??ruleSet[1].rules[3].oneOf[10].use[4]!./styles/sass/style.scss
Warning

(13442:3) autoprefixer: end value has mixed support, consider using flex-end instead
wait  - compiling...
warn  - ./node_modules/next/dist/build/webpack/loaders/css-loader/src/index.js??ruleSet[1].rules[3].oneOf[10].use[1]!./node_modules/next/dist/build/webpack/loaders/postcss-loader/src/index.js??ruleSet[1].rules[3].oneOf[10].use[2]!./node_modules/next/dist/build/webpack/loaders/resolve-url-loader/index.js??ruleSet[1].rules[3].oneOf[10].use[3]!./node_modules/next/dist/compiled/sass-loader/cjs.js??ruleSet[1].rules[3].oneOf[10].use[4]!./styles/sass/style.scss
Warning

(601:3) autoprefixer: Gradient has outdated direction syntax. New syntax is like `to left` instead of `right`.

./node_modules/next/dist/build/webpack/loaders/css-loader/src/index.js??ruleSet[1].rules[3].oneOf[10].use[1]!./node_modules/next/dist/build/webpack/loaders/postcss-loader/src/index.js??ruleSet[1].rules[3].oneOf[10].use[2]!./node_modules/next/dist/build/webpack/loaders/resolve-url-loader/index.js??ruleSet[1].rules[3].oneOf[10].use[3]!./node_modules/next/dist/compiled/sass-loader/cjs.js??ruleSet[1].rules[3].oneOf[10].use[4]!./styles/sass/style.scss
Warning

(1763:3) autoprefixer: end value has mixed support, consider using flex-end instead

./node_modules/next/dist/build/webpack/loaders/css-loader/src/index.js??ruleSet[1].rules[3].oneOf[10].use[1]!./node_modules/next/dist/build/webpack/loaders/postcss-loader/src/index.js??ruleSet[1].rules[3].oneOf[10].use[2]!./node_modules/next/dist/build/webpack/loaders/resolve-url-loader/index.js??ruleSet[1].rules[3].oneOf[10].use[3]!./node_modules/next/dist/compiled/sass-loader/cjs.js??ruleSet[1].rules[3].oneOf[10].use[4]!./styles/sass/style.scss
Warning

(1963:3) autoprefixer: end value has mixed support, consider using flex-end instead

./node_modules/next/dist/build/webpack/loaders/css-loader/src/index.js??ruleSet[1].rules[3].oneOf[10].use[1]!./node_modules/next/dist/build/webpack/loaders/postcss-loader/src/index.js??ruleSet[1].rules[3].oneOf[10].use[2]!./node_modules/next/dist/build/webpack/loaders/resolve-url-loader/index.js??ruleSet[1].rules[3].oneOf[10].use[3]!./node_modules/next/dist/compiled/sass-loader/cjs.js??ruleSet[1].rules[3].oneOf[10].use[4]!./styles/sass/style.scss
Warning

(4009:3) autoprefixer: Gradient has outdated direction syntax. New syntax is like `to left` instead of `right`.

./node_modules/next/dist/build/webpack/loaders/css-loader/src/index.js??ruleSet[1].rules[3].oneOf[10].use[1]!./node_modules/next/dist/build/webpack/loaders/postcss-loader/src/index.js??ruleSet[1].rules[3].oneOf[10].use[2]!./node_modules/next/dist/build/webpack/loaders/resolve-url-loader/index.js??ruleSet[1].rules[3].oneOf[10].use[3]!./node_modules/next/dist/compiled/sass-loader/cjs.js??ruleSet[1].rules[3].oneOf[10].use[4]!./styles/sass/style.scss
Warning

(11563:3) autoprefixer: end value has mixed support, consider using flex-end instead

./node_modules/next/dist/build/webpack/loaders/css-loader/src/index.js??ruleSet[1].rules[3].oneOf[10].use[1]!./node_modules/next/dist/build/webpack/loaders/postcss-loader/src/index.js??ruleSet[1].rules[3].oneOf[10].use[2]!./node_modules/next/dist/build/webpack/loaders/resolve-url-loader/index.js??ruleSet[1].rules[3].oneOf[10].use[3]!./node_modules/next/dist/compiled/sass-loader/cjs.js??ruleSet[1].rules[3].oneOf[10].use[4]!./styles/sass/style.scss
Warning

(13498:3) autoprefixer: end value has mixed support, consider using flex-end instead
<w> [webpack.cache.PackFileCacheStrategy] Skipped not serializable cache item 'Compilation/modules|/Users/aashishkumar/Documents/Development/innovatix/wecare/node_modules/next/dist/build/webpack/loaders/css-loader/src/index.js??ruleSet[1].rules[3].oneOf[10].use[1]!/Users/aashishkumar/Documents/Development/innovatix/wecare/node_modules/next/dist/build/webpack/loaders/postcss-loader/src/index.js??ruleSet[1].rules[3].oneOf[10].use[2]!/Users/aashishkumar/Documents/Development/innovatix/wecare/node_modules/next/dist/build/webpack/loaders/resolve-url-loader/index.js??ruleSet[1].rules[3].oneOf[10].use[3]!/Users/aashishkumar/Documents/Development/innovatix/wecare/node_modules/next/dist/compiled/sass-loader/cjs.js??ruleSet[1].rules[3].oneOf[10].use[4]!/Users/aashishkumar/Documents/Development/innovatix/wecare/styles/sass/style.scss': No serializer registered for Warning
<w> while serializing webpack/lib/cache/PackFileCacheStrategy.PackContentItems -> webpack/lib/NormalModule -> Array { 6 items } -> webpack/lib/ModuleWarning -> Warning
warn  - ./node_modules/next/dist/build/webpack/loaders/css-loader/src/index.js??ruleSet[1].rules[3].oneOf[10].use[1]!./node_modules/next/dist/build/webpack/loaders/postcss-loader/src/index.js??ruleSet[1].rules[3].oneOf[10].use[2]!./node_modules/next/dist/build/webpack/loaders/resolve-url-loader/index.js??ruleSet[1].rules[3].oneOf[10].use[3]!./node_modules/next/dist/compiled/sass-loader/cjs.js??ruleSet[1].rules[3].oneOf[10].use[4]!./styles/sass/style.scss
Warning

(601:3) autoprefixer: Gradient has outdated direction syntax. New syntax is like `to left` instead of `right`.

./node_modules/next/dist/build/webpack/loaders/css-loader/src/index.js??ruleSet[1].rules[3].oneOf[10].use[1]!./node_modules/next/dist/build/webpack/loaders/postcss-loader/src/index.js??ruleSet[1].rules[3].oneOf[10].use[2]!./node_modules/next/dist/build/webpack/loaders/resolve-url-loader/index.js??ruleSet[1].rules[3].oneOf[10].use[3]!./node_modules/next/dist/compiled/sass-loader/cjs.js??ruleSet[1].rules[3].oneOf[10].use[4]!./styles/sass/style.scss
Warning

(1763:3) autoprefixer: end value has mixed support, consider using flex-end instead

./node_modules/next/dist/build/webpack/loaders/css-loader/src/index.js??ruleSet[1].rules[3].oneOf[10].use[1]!./node_modules/next/dist/build/webpack/loaders/postcss-loader/src/index.js??ruleSet[1].rules[3].oneOf[10].use[2]!./node_modules/next/dist/build/webpack/loaders/resolve-url-loader/index.js??ruleSet[1].rules[3].oneOf[10].use[3]!./node_modules/next/dist/compiled/sass-loader/cjs.js??ruleSet[1].rules[3].oneOf[10].use[4]!./styles/sass/style.scss
Warning

(1963:3) autoprefixer: end value has mixed support, consider using flex-end instead

./node_modules/next/dist/build/webpack/loaders/css-loader/src/index.js??ruleSet[1].rules[3].oneOf[10].use[1]!./node_modules/next/dist/build/webpack/loaders/postcss-loader/src/index.js??ruleSet[1].rules[3].oneOf[10].use[2]!./node_modules/next/dist/build/webpack/loaders/resolve-url-loader/index.js??ruleSet[1].rules[3].oneOf[10].use[3]!./node_modules/next/dist/compiled/sass-loader/cjs.js??ruleSet[1].rules[3].oneOf[10].use[4]!./styles/sass/style.scss
Warning

(4009:3) autoprefixer: Gradient has outdated direction syntax. New syntax is like `to left` instead of `right`.

./node_modules/next/dist/build/webpack/loaders/css-loader/src/index.js??ruleSet[1].rules[3].oneOf[10].use[1]!./node_modules/next/dist/build/webpack/loaders/postcss-loader/src/index.js??ruleSet[1].rules[3].oneOf[10].use[2]!./node_modules/next/dist/build/webpack/loaders/resolve-url-loader/index.js??ruleSet[1].rules[3].oneOf[10].use[3]!./node_modules/next/dist/compiled/sass-loader/cjs.js??ruleSet[1].rules[3].oneOf[10].use[4]!./styles/sass/style.scss
Warning

(11563:3) autoprefixer: end value has mixed support, consider using flex-end instead

./node_modules/next/dist/build/webpack/loaders/css-loader/src/index.js??ruleSet[1].rules[3].oneOf[10].use[1]!./node_modules/next/dist/build/webpack/loaders/postcss-loader/src/index.js??ruleSet[1].rules[3].oneOf[10].use[2]!./node_modules/next/dist/build/webpack/loaders/resolve-url-loader/index.js??ruleSet[1].rules[3].oneOf[10].use[3]!./node_modules/next/dist/compiled/sass-loader/cjs.js??ruleSet[1].rules[3].oneOf[10].use[4]!./styles/sass/style.scss
Warning

(13498:3) autoprefixer: end value has mixed support, consider using flex-end instead
wait  - compiling /service...
warn  - ./node_modules/next/dist/build/webpack/loaders/css-loader/src/index.js??ruleSet[1].rules[3].oneOf[10].use[1]!./node_modules/next/dist/build/webpack/loaders/postcss-loader/src/index.js??ruleSet[1].rules[3].oneOf[10].use[2]!./node_modules/next/dist/build/webpack/loaders/resolve-url-loader/index.js??ruleSet[1].rules[3].oneOf[10].use[3]!./node_modules/next/dist/compiled/sass-loader/cjs.js??ruleSet[1].rules[3].oneOf[10].use[4]!./styles/sass/style.scss
Warning

(601:3) autoprefixer: Gradient has outdated direction syntax. New syntax is like `to left` instead of `right`.

./node_modules/next/dist/build/webpack/loaders/css-loader/src/index.js??ruleSet[1].rules[3].oneOf[10].use[1]!./node_modules/next/dist/build/webpack/loaders/postcss-loader/src/index.js??ruleSet[1].rules[3].oneOf[10].use[2]!./node_modules/next/dist/build/webpack/loaders/resolve-url-loader/index.js??ruleSet[1].rules[3].oneOf[10].use[3]!./node_modules/next/dist/compiled/sass-loader/cjs.js??ruleSet[1].rules[3].oneOf[10].use[4]!./styles/sass/style.scss
Warning

(1763:3) autoprefixer: end value has mixed support, consider using flex-end instead

./node_modules/next/dist/build/webpack/loaders/css-loader/src/index.js??ruleSet[1].rules[3].oneOf[10].use[1]!./node_modules/next/dist/build/webpack/loaders/postcss-loader/src/index.js??ruleSet[1].rules[3].oneOf[10].use[2]!./node_modules/next/dist/build/webpack/loaders/resolve-url-loader/index.js??ruleSet[1].rules[3].oneOf[10].use[3]!./node_modules/next/dist/compiled/sass-loader/cjs.js??ruleSet[1].rules[3].oneOf[10].use[4]!./styles/sass/style.scss
Warning

(1963:3) autoprefixer: end value has mixed support, consider using flex-end instead

./node_modules/next/dist/build/webpack/loaders/css-loader/src/index.js??ruleSet[1].rules[3].oneOf[10].use[1]!./node_modules/next/dist/build/webpack/loaders/postcss-loader/src/index.js??ruleSet[1].rules[3].oneOf[10].use[2]!./node_modules/next/dist/build/webpack/loaders/resolve-url-loader/index.js??ruleSet[1].rules[3].oneOf[10].use[3]!./node_modules/next/dist/compiled/sass-loader/cjs.js??ruleSet[1].rules[3].oneOf[10].use[4]!./styles/sass/style.scss
Warning

(4009:3) autoprefixer: Gradient has outdated direction syntax. New syntax is like `to left` instead of `right`.

./node_modules/next/dist/build/webpack/loaders/css-loader/src/index.js??ruleSet[1].rules[3].oneOf[10].use[1]!./node_modules/next/dist/build/webpack/loaders/postcss-loader/src/index.js??ruleSet[1].rules[3].oneOf[10].use[2]!./node_modules/next/dist/build/webpack/loaders/resolve-url-loader/index.js??ruleSet[1].rules[3].oneOf[10].use[3]!./node_modules/next/dist/compiled/sass-loader/cjs.js??ruleSet[1].rules[3].oneOf[10].use[4]!./styles/sass/style.scss
Warning

(11563:3) autoprefixer: end value has mixed support, consider using flex-end instead

./node_modules/next/dist/build/webpack/loaders/css-loader/src/index.js??ruleSet[1].rules[3].oneOf[10].use[1]!./node_modules/next/dist/build/webpack/loaders/postcss-loader/src/index.js??ruleSet[1].rules[3].oneOf[10].use[2]!./node_modules/next/dist/build/webpack/loaders/resolve-url-loader/index.js??ruleSet[1].rules[3].oneOf[10].use[3]!./node_modules/next/dist/compiled/sass-loader/cjs.js??ruleSet[1].rules[3].oneOf[10].use[4]!./styles/sass/style.scss
Warning

(13498:3) autoprefixer: end value has mixed support, consider using flex-end instead
wait  - compiling...
warn  - ./node_modules/next/dist/build/webpack/loaders/css-loader/src/index.js??ruleSet[1].rules[3].oneOf[10].use[1]!./node_modules/next/dist/build/webpack/loaders/postcss-loader/src/index.js??ruleSet[1].rules[3].oneOf[10].use[2]!./node_modules/next/dist/build/webpack/loaders/resolve-url-loader/index.js??ruleSet[1].rules[3].oneOf[10].use[3]!./node_modules/next/dist/compiled/sass-loader/cjs.js??ruleSet[1].rules[3].oneOf[10].use[4]!./styles/sass/style.scss
Warning

(601:3) autoprefixer: Gradient has outdated direction syntax. New syntax is like `to left` instead of `right`.

./node_modules/next/dist/build/webpack/loaders/css-loader/src/index.js??ruleSet[1].rules[3].oneOf[10].use[1]!./node_modules/next/dist/build/webpack/loaders/postcss-loader/src/index.js??ruleSet[1].rules[3].oneOf[10].use[2]!./node_modules/next/dist/build/webpack/loaders/resolve-url-loader/index.js??ruleSet[1].rules[3].oneOf[10].use[3]!./node_modules/next/dist/compiled/sass-loader/cjs.js??ruleSet[1].rules[3].oneOf[10].use[4]!./styles/sass/style.scss
Warning

(1763:3) autoprefixer: end value has mixed support, consider using flex-end instead

./node_modules/next/dist/build/webpack/loaders/css-loader/src/index.js??ruleSet[1].rules[3].oneOf[10].use[1]!./node_modules/next/dist/build/webpack/loaders/postcss-loader/src/index.js??ruleSet[1].rules[3].oneOf[10].use[2]!./node_modules/next/dist/build/webpack/loaders/resolve-url-loader/index.js??ruleSet[1].rules[3].oneOf[10].use[3]!./node_modules/next/dist/compiled/sass-loader/cjs.js??ruleSet[1].rules[3].oneOf[10].use[4]!./styles/sass/style.scss
Warning

(1963:3) autoprefixer: end value has mixed support, consider using flex-end instead

./node_modules/next/dist/build/webpack/loaders/css-loader/src/index.js??ruleSet[1].rules[3].oneOf[10].use[1]!./node_modules/next/dist/build/webpack/loaders/postcss-loader/src/index.js??ruleSet[1].rules[3].oneOf[10].use[2]!./node_modules/next/dist/build/webpack/loaders/resolve-url-loader/index.js??ruleSet[1].rules[3].oneOf[10].use[3]!./node_modules/next/dist/compiled/sass-loader/cjs.js??ruleSet[1].rules[3].oneOf[10].use[4]!./styles/sass/style.scss
Warning

(4009:3) autoprefixer: Gradient has outdated direction syntax. New syntax is like `to left` instead of `right`.

./node_modules/next/dist/build/webpack/loaders/css-loader/src/index.js??ruleSet[1].rules[3].oneOf[10].use[1]!./node_modules/next/dist/build/webpack/loaders/postcss-loader/src/index.js??ruleSet[1].rules[3].oneOf[10].use[2]!./node_modules/next/dist/build/webpack/loaders/resolve-url-loader/index.js??ruleSet[1].rules[3].oneOf[10].use[3]!./node_modules/next/dist/compiled/sass-loader/cjs.js??ruleSet[1].rules[3].oneOf[10].use[4]!./styles/sass/style.scss
Warning

(11563:3) autoprefixer: end value has mixed support, consider using flex-end instead

./node_modules/next/dist/build/webpack/loaders/css-loader/src/index.js??ruleSet[1].rules[3].oneOf[10].use[1]!./node_modules/next/dist/build/webpack/loaders/postcss-loader/src/index.js??ruleSet[1].rules[3].oneOf[10].use[2]!./node_modules/next/dist/build/webpack/loaders/resolve-url-loader/index.js??ruleSet[1].rules[3].oneOf[10].use[3]!./node_modules/next/dist/compiled/sass-loader/cjs.js??ruleSet[1].rules[3].oneOf[10].use[4]!./styles/sass/style.scss
Warning

(13498:3) autoprefixer: end value has mixed support, consider using flex-end instead
warn  - ./node_modules/next/dist/build/webpack/loaders/css-loader/src/index.js??ruleSet[1].rules[3].oneOf[10].use[1]!./node_modules/next/dist/build/webpack/loaders/postcss-loader/src/index.js??ruleSet[1].rules[3].oneOf[10].use[2]!./node_modules/next/dist/build/webpack/loaders/resolve-url-loader/index.js??ruleSet[1].rules[3].oneOf[10].use[3]!./node_modules/next/dist/compiled/sass-loader/cjs.js??ruleSet[1].rules[3].oneOf[10].use[4]!./styles/sass/style.scss
Warning

(601:3) autoprefixer: Gradient has outdated direction syntax. New syntax is like `to left` instead of `right`.

./node_modules/next/dist/build/webpack/loaders/css-loader/src/index.js??ruleSet[1].rules[3].oneOf[10].use[1]!./node_modules/next/dist/build/webpack/loaders/postcss-loader/src/index.js??ruleSet[1].rules[3].oneOf[10].use[2]!./node_modules/next/dist/build/webpack/loaders/resolve-url-loader/index.js??ruleSet[1].rules[3].oneOf[10].use[3]!./node_modules/next/dist/compiled/sass-loader/cjs.js??ruleSet[1].rules[3].oneOf[10].use[4]!./styles/sass/style.scss
Warning

(1763:3) autoprefixer: end value has mixed support, consider using flex-end instead

./node_modules/next/dist/build/webpack/loaders/css-loader/src/index.js??ruleSet[1].rules[3].oneOf[10].use[1]!./node_modules/next/dist/build/webpack/loaders/postcss-loader/src/index.js??ruleSet[1].rules[3].oneOf[10].use[2]!./node_modules/next/dist/build/webpack/loaders/resolve-url-loader/index.js??ruleSet[1].rules[3].oneOf[10].use[3]!./node_modules/next/dist/compiled/sass-loader/cjs.js??ruleSet[1].rules[3].oneOf[10].use[4]!./styles/sass/style.scss
Warning

(1963:3) autoprefixer: end value has mixed support, consider using flex-end instead

./node_modules/next/dist/build/webpack/loaders/css-loader/src/index.js??ruleSet[1].rules[3].oneOf[10].use[1]!./node_modules/next/dist/build/webpack/loaders/postcss-loader/src/index.js??ruleSet[1].rules[3].oneOf[10].use[2]!./node_modules/next/dist/build/webpack/loaders/resolve-url-loader/index.js??ruleSet[1].rules[3].oneOf[10].use[3]!./node_modules/next/dist/compiled/sass-loader/cjs.js??ruleSet[1].rules[3].oneOf[10].use[4]!./styles/sass/style.scss
Warning

(4009:3) autoprefixer: Gradient has outdated direction syntax. New syntax is like `to left` instead of `right`.

./node_modules/next/dist/build/webpack/loaders/css-loader/src/index.js??ruleSet[1].rules[3].oneOf[10].use[1]!./node_modules/next/dist/build/webpack/loaders/postcss-loader/src/index.js??ruleSet[1].rules[3].oneOf[10].use[2]!./node_modules/next/dist/build/webpack/loaders/resolve-url-loader/index.js??ruleSet[1].rules[3].oneOf[10].use[3]!./node_modules/next/dist/compiled/sass-loader/cjs.js??ruleSet[1].rules[3].oneOf[10].use[4]!./styles/sass/style.scss
Warning

(11563:3) autoprefixer: end value has mixed support, consider using flex-end instead

./node_modules/next/dist/build/webpack/loaders/css-loader/src/index.js??ruleSet[1].rules[3].oneOf[10].use[1]!./node_modules/next/dist/build/webpack/loaders/postcss-loader/src/index.js??ruleSet[1].rules[3].oneOf[10].use[2]!./node_modules/next/dist/build/webpack/loaders/resolve-url-loader/index.js??ruleSet[1].rules[3].oneOf[10].use[3]!./node_modules/next/dist/compiled/sass-loader/cjs.js??ruleSet[1].rules[3].oneOf[10].use[4]!./styles/sass/style.scss
Warning

(13498:3) autoprefixer: end value has mixed support, consider using flex-end instead
wait  - compiling /404 (client and server)...
warn  - ./node_modules/next/dist/build/webpack/loaders/css-loader/src/index.js??ruleSet[1].rules[3].oneOf[10].use[1]!./node_modules/next/dist/build/webpack/loaders/postcss-loader/src/index.js??ruleSet[1].rules[3].oneOf[10].use[2]!./node_modules/next/dist/build/webpack/loaders/resolve-url-loader/index.js??ruleSet[1].rules[3].oneOf[10].use[3]!./node_modules/next/dist/compiled/sass-loader/cjs.js??ruleSet[1].rules[3].oneOf[10].use[4]!./styles/sass/style.scss
Warning

(601:3) autoprefixer: Gradient has outdated direction syntax. New syntax is like `to left` instead of `right`.

./node_modules/next/dist/build/webpack/loaders/css-loader/src/index.js??ruleSet[1].rules[3].oneOf[10].use[1]!./node_modules/next/dist/build/webpack/loaders/postcss-loader/src/index.js??ruleSet[1].rules[3].oneOf[10].use[2]!./node_modules/next/dist/build/webpack/loaders/resolve-url-loader/index.js??ruleSet[1].rules[3].oneOf[10].use[3]!./node_modules/next/dist/compiled/sass-loader/cjs.js??ruleSet[1].rules[3].oneOf[10].use[4]!./styles/sass/style.scss
Warning

(1763:3) autoprefixer: end value has mixed support, consider using flex-end instead

./node_modules/next/dist/build/webpack/loaders/css-loader/src/index.js??ruleSet[1].rules[3].oneOf[10].use[1]!./node_modules/next/dist/build/webpack/loaders/postcss-loader/src/index.js??ruleSet[1].rules[3].oneOf[10].use[2]!./node_modules/next/dist/build/webpack/loaders/resolve-url-loader/index.js??ruleSet[1].rules[3].oneOf[10].use[3]!./node_modules/next/dist/compiled/sass-loader/cjs.js??ruleSet[1].rules[3].oneOf[10].use[4]!./styles/sass/style.scss
Warning

(1963:3) autoprefixer: end value has mixed support, consider using flex-end instead

./node_modules/next/dist/build/webpack/loaders/css-loader/src/index.js??ruleSet[1].rules[3].oneOf[10].use[1]!./node_modules/next/dist/build/webpack/loaders/postcss-loader/src/index.js??ruleSet[1].rules[3].oneOf[10].use[2]!./node_modules/next/dist/build/webpack/loaders/resolve-url-loader/index.js??ruleSet[1].rules[3].oneOf[10].use[3]!./node_modules/next/dist/compiled/sass-loader/cjs.js??ruleSet[1].rules[3].oneOf[10].use[4]!./styles/sass/style.scss
Warning

(4009:3) autoprefixer: Gradient has outdated direction syntax. New syntax is like `to left` instead of `right`.

./node_modules/next/dist/build/webpack/loaders/css-loader/src/index.js??ruleSet[1].rules[3].oneOf[10].use[1]!./node_modules/next/dist/build/webpack/loaders/postcss-loader/src/index.js??ruleSet[1].rules[3].oneOf[10].use[2]!./node_modules/next/dist/build/webpack/loaders/resolve-url-loader/index.js??ruleSet[1].rules[3].oneOf[10].use[3]!./node_modules/next/dist/compiled/sass-loader/cjs.js??ruleSet[1].rules[3].oneOf[10].use[4]!./styles/sass/style.scss
Warning

(11563:3) autoprefixer: end value has mixed support, consider using flex-end instead

./node_modules/next/dist/build/webpack/loaders/css-loader/src/index.js??ruleSet[1].rules[3].oneOf[10].use[1]!./node_modules/next/dist/build/webpack/loaders/postcss-loader/src/index.js??ruleSet[1].rules[3].oneOf[10].use[2]!./node_modules/next/dist/build/webpack/loaders/resolve-url-loader/index.js??ruleSet[1].rules[3].oneOf[10].use[3]!./node_modules/next/dist/compiled/sass-loader/cjs.js??ruleSet[1].rules[3].oneOf[10].use[4]!./styles/sass/style.scss
Warning

(13498:3) autoprefixer: end value has mixed support, consider using flex-end instead
wait  - compiling...
warn  - ./node_modules/next/dist/build/webpack/loaders/css-loader/src/index.js??ruleSet[1].rules[3].oneOf[10].use[1]!./node_modules/next/dist/build/webpack/loaders/postcss-loader/src/index.js??ruleSet[1].rules[3].oneOf[10].use[2]!./node_modules/next/dist/build/webpack/loaders/resolve-url-loader/index.js??ruleSet[1].rules[3].oneOf[10].use[3]!./node_modules/next/dist/compiled/sass-loader/cjs.js??ruleSet[1].rules[3].oneOf[10].use[4]!./styles/sass/style.scss
Warning

(601:3) autoprefixer: Gradient has outdated direction syntax. New syntax is like `to left` instead of `right`.

./node_modules/next/dist/build/webpack/loaders/css-loader/src/index.js??ruleSet[1].rules[3].oneOf[10].use[1]!./node_modules/next/dist/build/webpack/loaders/postcss-loader/src/index.js??ruleSet[1].rules[3].oneOf[10].use[2]!./node_modules/next/dist/build/webpack/loaders/resolve-url-loader/index.js??ruleSet[1].rules[3].oneOf[10].use[3]!./node_modules/next/dist/compiled/sass-loader/cjs.js??ruleSet[1].rules[3].oneOf[10].use[4]!./styles/sass/style.scss
Warning

(1763:3) autoprefixer: end value has mixed support, consider using flex-end instead

./node_modules/next/dist/build/webpack/loaders/css-loader/src/index.js??ruleSet[1].rules[3].oneOf[10].use[1]!./node_modules/next/dist/build/webpack/loaders/postcss-loader/src/index.js??ruleSet[1].rules[3].oneOf[10].use[2]!./node_modules/next/dist/build/webpack/loaders/resolve-url-loader/index.js??ruleSet[1].rules[3].oneOf[10].use[3]!./node_modules/next/dist/compiled/sass-loader/cjs.js??ruleSet[1].rules[3].oneOf[10].use[4]!./styles/sass/style.scss
Warning

(1963:3) autoprefixer: end value has mixed support, consider using flex-end instead

./node_modules/next/dist/build/webpack/loaders/css-loader/src/index.js??ruleSet[1].rules[3].oneOf[10].use[1]!./node_modules/next/dist/build/webpack/loaders/postcss-loader/src/index.js??ruleSet[1].rules[3].oneOf[10].use[2]!./node_modules/next/dist/build/webpack/loaders/resolve-url-loader/index.js??ruleSet[1].rules[3].oneOf[10].use[3]!./node_modules/next/dist/compiled/sass-loader/cjs.js??ruleSet[1].rules[3].oneOf[10].use[4]!./styles/sass/style.scss
Warning

(4009:3) autoprefixer: Gradient has outdated direction syntax. New syntax is like `to left` instead of `right`.

./node_modules/next/dist/build/webpack/loaders/css-loader/src/index.js??ruleSet[1].rules[3].oneOf[10].use[1]!./node_modules/next/dist/build/webpack/loaders/postcss-loader/src/index.js??ruleSet[1].rules[3].oneOf[10].use[2]!./node_modules/next/dist/build/webpack/loaders/resolve-url-loader/index.js??ruleSet[1].rules[3].oneOf[10].use[3]!./node_modules/next/dist/compiled/sass-loader/cjs.js??ruleSet[1].rules[3].oneOf[10].use[4]!./styles/sass/style.scss
Warning

(11563:3) autoprefixer: end value has mixed support, consider using flex-end instead

./node_modules/next/dist/build/webpack/loaders/css-loader/src/index.js??ruleSet[1].rules[3].oneOf[10].use[1]!./node_modules/next/dist/build/webpack/loaders/postcss-loader/src/index.js??ruleSet[1].rules[3].oneOf[10].use[2]!./node_modules/next/dist/build/webpack/loaders/resolve-url-loader/index.js??ruleSet[1].rules[3].oneOf[10].use[3]!./node_modules/next/dist/compiled/sass-loader/cjs.js??ruleSet[1].rules[3].oneOf[10].use[4]!./styles/sass/style.scss
Warning

(13505:3) autoprefixer: end value has mixed support, consider using flex-end instead
<w> [webpack.cache.PackFileCacheStrategy] Skipped not serializable cache item 'Compilation/modules|/Users/aashishkumar/Documents/Development/innovatix/wecare/node_modules/next/dist/build/webpack/loaders/css-loader/src/index.js??ruleSet[1].rules[3].oneOf[10].use[1]!/Users/aashishkumar/Documents/Development/innovatix/wecare/node_modules/next/dist/build/webpack/loaders/postcss-loader/src/index.js??ruleSet[1].rules[3].oneOf[10].use[2]!/Users/aashishkumar/Documents/Development/innovatix/wecare/node_modules/next/dist/build/webpack/loaders/resolve-url-loader/index.js??ruleSet[1].rules[3].oneOf[10].use[3]!/Users/aashishkumar/Documents/Development/innovatix/wecare/node_modules/next/dist/compiled/sass-loader/cjs.js??ruleSet[1].rules[3].oneOf[10].use[4]!/Users/aashishkumar/Documents/Development/innovatix/wecare/styles/sass/style.scss': No serializer registered for Warning
<w> while serializing webpack/lib/cache/PackFileCacheStrategy.PackContentItems -> webpack/lib/NormalModule -> Array { 6 items } -> webpack/lib/ModuleWarning -> Warning
wait  - compiling...
warn  - ./node_modules/next/dist/build/webpack/loaders/css-loader/src/index.js??ruleSet[1].rules[3].oneOf[10].use[1]!./node_modules/next/dist/build/webpack/loaders/postcss-loader/src/index.js??ruleSet[1].rules[3].oneOf[10].use[2]!./node_modules/next/dist/build/webpack/loaders/resolve-url-loader/index.js??ruleSet[1].rules[3].oneOf[10].use[3]!./node_modules/next/dist/compiled/sass-loader/cjs.js??ruleSet[1].rules[3].oneOf[10].use[4]!./styles/sass/style.scss
Warning

(601:3) autoprefixer: Gradient has outdated direction syntax. New syntax is like `to left` instead of `right`.

./node_modules/next/dist/build/webpack/loaders/css-loader/src/index.js??ruleSet[1].rules[3].oneOf[10].use[1]!./node_modules/next/dist/build/webpack/loaders/postcss-loader/src/index.js??ruleSet[1].rules[3].oneOf[10].use[2]!./node_modules/next/dist/build/webpack/loaders/resolve-url-loader/index.js??ruleSet[1].rules[3].oneOf[10].use[3]!./node_modules/next/dist/compiled/sass-loader/cjs.js??ruleSet[1].rules[3].oneOf[10].use[4]!./styles/sass/style.scss
Warning

(1763:3) autoprefixer: end value has mixed support, consider using flex-end instead

./node_modules/next/dist/build/webpack/loaders/css-loader/src/index.js??ruleSet[1].rules[3].oneOf[10].use[1]!./node_modules/next/dist/build/webpack/loaders/postcss-loader/src/index.js??ruleSet[1].rules[3].oneOf[10].use[2]!./node_modules/next/dist/build/webpack/loaders/resolve-url-loader/index.js??ruleSet[1].rules[3].oneOf[10].use[3]!./node_modules/next/dist/compiled/sass-loader/cjs.js??ruleSet[1].rules[3].oneOf[10].use[4]!./styles/sass/style.scss
Warning

(1963:3) autoprefixer: end value has mixed support, consider using flex-end instead

./node_modules/next/dist/build/webpack/loaders/css-loader/src/index.js??ruleSet[1].rules[3].oneOf[10].use[1]!./node_modules/next/dist/build/webpack/loaders/postcss-loader/src/index.js??ruleSet[1].rules[3].oneOf[10].use[2]!./node_modules/next/dist/build/webpack/loaders/resolve-url-loader/index.js??ruleSet[1].rules[3].oneOf[10].use[3]!./node_modules/next/dist/compiled/sass-loader/cjs.js??ruleSet[1].rules[3].oneOf[10].use[4]!./styles/sass/style.scss
Warning

(4009:3) autoprefixer: Gradient has outdated direction syntax. New syntax is like `to left` instead of `right`.

./node_modules/next/dist/build/webpack/loaders/css-loader/src/index.js??ruleSet[1].rules[3].oneOf[10].use[1]!./node_modules/next/dist/build/webpack/loaders/postcss-loader/src/index.js??ruleSet[1].rules[3].oneOf[10].use[2]!./node_modules/next/dist/build/webpack/loaders/resolve-url-loader/index.js??ruleSet[1].rules[3].oneOf[10].use[3]!./node_modules/next/dist/compiled/sass-loader/cjs.js??ruleSet[1].rules[3].oneOf[10].use[4]!./styles/sass/style.scss
Warning

(11563:3) autoprefixer: end value has mixed support, consider using flex-end instead

./node_modules/next/dist/build/webpack/loaders/css-loader/src/index.js??ruleSet[1].rules[3].oneOf[10].use[1]!./node_modules/next/dist/build/webpack/loaders/postcss-loader/src/index.js??ruleSet[1].rules[3].oneOf[10].use[2]!./node_modules/next/dist/build/webpack/loaders/resolve-url-loader/index.js??ruleSet[1].rules[3].oneOf[10].use[3]!./node_modules/next/dist/compiled/sass-loader/cjs.js??ruleSet[1].rules[3].oneOf[10].use[4]!./styles/sass/style.scss
Warning

(13505:3) autoprefixer: end value has mixed support, consider using flex-end instead
warn  - ./node_modules/next/dist/build/webpack/loaders/css-loader/src/index.js??ruleSet[1].rules[3].oneOf[10].use[1]!./node_modules/next/dist/build/webpack/loaders/postcss-loader/src/index.js??ruleSet[1].rules[3].oneOf[10].use[2]!./node_modules/next/dist/build/webpack/loaders/resolve-url-loader/index.js??ruleSet[1].rules[3].oneOf[10].use[3]!./node_modules/next/dist/compiled/sass-loader/cjs.js??ruleSet[1].rules[3].oneOf[10].use[4]!./styles/sass/style.scss
Warning

(601:3) autoprefixer: Gradient has outdated direction syntax. New syntax is like `to left` instead of `right`.

./node_modules/next/dist/build/webpack/loaders/css-loader/src/index.js??ruleSet[1].rules[3].oneOf[10].use[1]!./node_modules/next/dist/build/webpack/loaders/postcss-loader/src/index.js??ruleSet[1].rules[3].oneOf[10].use[2]!./node_modules/next/dist/build/webpack/loaders/resolve-url-loader/index.js??ruleSet[1].rules[3].oneOf[10].use[3]!./node_modules/next/dist/compiled/sass-loader/cjs.js??ruleSet[1].rules[3].oneOf[10].use[4]!./styles/sass/style.scss
Warning

(1763:3) autoprefixer: end value has mixed support, consider using flex-end instead

./node_modules/next/dist/build/webpack/loaders/css-loader/src/index.js??ruleSet[1].rules[3].oneOf[10].use[1]!./node_modules/next/dist/build/webpack/loaders/postcss-loader/src/index.js??ruleSet[1].rules[3].oneOf[10].use[2]!./node_modules/next/dist/build/webpack/loaders/resolve-url-loader/index.js??ruleSet[1].rules[3].oneOf[10].use[3]!./node_modules/next/dist/compiled/sass-loader/cjs.js??ruleSet[1].rules[3].oneOf[10].use[4]!./styles/sass/style.scss
Warning

(1963:3) autoprefixer: end value has mixed support, consider using flex-end instead

./node_modules/next/dist/build/webpack/loaders/css-loader/src/index.js??ruleSet[1].rules[3].oneOf[10].use[1]!./node_modules/next/dist/build/webpack/loaders/postcss-loader/src/index.js??ruleSet[1].rules[3].oneOf[10].use[2]!./node_modules/next/dist/build/webpack/loaders/resolve-url-loader/index.js??ruleSet[1].rules[3].oneOf[10].use[3]!./node_modules/next/dist/compiled/sass-loader/cjs.js??ruleSet[1].rules[3].oneOf[10].use[4]!./styles/sass/style.scss
Warning

(4009:3) autoprefixer: Gradient has outdated direction syntax. New syntax is like `to left` instead of `right`.

./node_modules/next/dist/build/webpack/loaders/css-loader/src/index.js??ruleSet[1].rules[3].oneOf[10].use[1]!./node_modules/next/dist/build/webpack/loaders/postcss-loader/src/index.js??ruleSet[1].rules[3].oneOf[10].use[2]!./node_modules/next/dist/build/webpack/loaders/resolve-url-loader/index.js??ruleSet[1].rules[3].oneOf[10].use[3]!./node_modules/next/dist/compiled/sass-loader/cjs.js??ruleSet[1].rules[3].oneOf[10].use[4]!./styles/sass/style.scss
Warning

(11563:3) autoprefixer: end value has mixed support, consider using flex-end instead

./node_modules/next/dist/build/webpack/loaders/css-loader/src/index.js??ruleSet[1].rules[3].oneOf[10].use[1]!./node_modules/next/dist/build/webpack/loaders/postcss-loader/src/index.js??ruleSet[1].rules[3].oneOf[10].use[2]!./node_modules/next/dist/build/webpack/loaders/resolve-url-loader/index.js??ruleSet[1].rules[3].oneOf[10].use[3]!./node_modules/next/dist/compiled/sass-loader/cjs.js??ruleSet[1].rules[3].oneOf[10].use[4]!./styles/sass/style.scss
Warning

(13505:3) autoprefixer: end value has mixed support, consider using flex-end instead
wait  - compiling /404 (client and server)...
warn  - ./node_modules/next/dist/build/webpack/loaders/css-loader/src/index.js??ruleSet[1].rules[3].oneOf[10].use[1]!./node_modules/next/dist/build/webpack/loaders/postcss-loader/src/index.js??ruleSet[1].rules[3].oneOf[10].use[2]!./node_modules/next/dist/build/webpack/loaders/resolve-url-loader/index.js??ruleSet[1].rules[3].oneOf[10].use[3]!./node_modules/next/dist/compiled/sass-loader/cjs.js??ruleSet[1].rules[3].oneOf[10].use[4]!./styles/sass/style.scss
Warning

(601:3) autoprefixer: Gradient has outdated direction syntax. New syntax is like `to left` instead of `right`.

./node_modules/next/dist/build/webpack/loaders/css-loader/src/index.js??ruleSet[1].rules[3].oneOf[10].use[1]!./node_modules/next/dist/build/webpack/loaders/postcss-loader/src/index.js??ruleSet[1].rules[3].oneOf[10].use[2]!./node_modules/next/dist/build/webpack/loaders/resolve-url-loader/index.js??ruleSet[1].rules[3].oneOf[10].use[3]!./node_modules/next/dist/compiled/sass-loader/cjs.js??ruleSet[1].rules[3].oneOf[10].use[4]!./styles/sass/style.scss
Warning

(1763:3) autoprefixer: end value has mixed support, consider using flex-end instead

./node_modules/next/dist/build/webpack/loaders/css-loader/src/index.js??ruleSet[1].rules[3].oneOf[10].use[1]!./node_modules/next/dist/build/webpack/loaders/postcss-loader/src/index.js??ruleSet[1].rules[3].oneOf[10].use[2]!./node_modules/next/dist/build/webpack/loaders/resolve-url-loader/index.js??ruleSet[1].rules[3].oneOf[10].use[3]!./node_modules/next/dist/compiled/sass-loader/cjs.js??ruleSet[1].rules[3].oneOf[10].use[4]!./styles/sass/style.scss
Warning

(1963:3) autoprefixer: end value has mixed support, consider using flex-end instead

./node_modules/next/dist/build/webpack/loaders/css-loader/src/index.js??ruleSet[1].rules[3].oneOf[10].use[1]!./node_modules/next/dist/build/webpack/loaders/postcss-loader/src/index.js??ruleSet[1].rules[3].oneOf[10].use[2]!./node_modules/next/dist/build/webpack/loaders/resolve-url-loader/index.js??ruleSet[1].rules[3].oneOf[10].use[3]!./node_modules/next/dist/compiled/sass-loader/cjs.js??ruleSet[1].rules[3].oneOf[10].use[4]!./styles/sass/style.scss
Warning

(4009:3) autoprefixer: Gradient has outdated direction syntax. New syntax is like `to left` instead of `right`.

./node_modules/next/dist/build/webpack/loaders/css-loader/src/index.js??ruleSet[1].rules[3].oneOf[10].use[1]!./node_modules/next/dist/build/webpack/loaders/postcss-loader/src/index.js??ruleSet[1].rules[3].oneOf[10].use[2]!./node_modules/next/dist/build/webpack/loaders/resolve-url-loader/index.js??ruleSet[1].rules[3].oneOf[10].use[3]!./node_modules/next/dist/compiled/sass-loader/cjs.js??ruleSet[1].rules[3].oneOf[10].use[4]!./styles/sass/style.scss
Warning

(11563:3) autoprefixer: end value has mixed support, consider using flex-end instead

./node_modules/next/dist/build/webpack/loaders/css-loader/src/index.js??ruleSet[1].rules[3].oneOf[10].use[1]!./node_modules/next/dist/build/webpack/loaders/postcss-loader/src/index.js??ruleSet[1].rules[3].oneOf[10].use[2]!./node_modules/next/dist/build/webpack/loaders/resolve-url-loader/index.js??ruleSet[1].rules[3].oneOf[10].use[3]!./node_modules/next/dist/compiled/sass-loader/cjs.js??ruleSet[1].rules[3].oneOf[10].use[4]!./styles/sass/style.scss
Warning

(13505:3) autoprefixer: end value has mixed support, consider using flex-end instead
wait  - compiling...
warn  - ./node_modules/next/dist/build/webpack/loaders/css-loader/src/index.js??ruleSet[1].rules[3].oneOf[10].use[1]!./node_modules/next/dist/build/webpack/loaders/postcss-loader/src/index.js??ruleSet[1].rules[3].oneOf[10].use[2]!./node_modules/next/dist/build/webpack/loaders/resolve-url-loader/index.js??ruleSet[1].rules[3].oneOf[10].use[3]!./node_modules/next/dist/compiled/sass-loader/cjs.js??ruleSet[1].rules[3].oneOf[10].use[4]!./styles/sass/style.scss
Warning

(601:3) autoprefixer: Gradient has outdated direction syntax. New syntax is like `to left` instead of `right`.

./node_modules/next/dist/build/webpack/loaders/css-loader/src/index.js??ruleSet[1].rules[3].oneOf[10].use[1]!./node_modules/next/dist/build/webpack/loaders/postcss-loader/src/index.js??ruleSet[1].rules[3].oneOf[10].use[2]!./node_modules/next/dist/build/webpack/loaders/resolve-url-loader/index.js??ruleSet[1].rules[3].oneOf[10].use[3]!./node_modules/next/dist/compiled/sass-loader/cjs.js??ruleSet[1].rules[3].oneOf[10].use[4]!./styles/sass/style.scss
Warning

(1763:3) autoprefixer: end value has mixed support, consider using flex-end instead

./node_modules/next/dist/build/webpack/loaders/css-loader/src/index.js??ruleSet[1].rules[3].oneOf[10].use[1]!./node_modules/next/dist/build/webpack/loaders/postcss-loader/src/index.js??ruleSet[1].rules[3].oneOf[10].use[2]!./node_modules/next/dist/build/webpack/loaders/resolve-url-loader/index.js??ruleSet[1].rules[3].oneOf[10].use[3]!./node_modules/next/dist/compiled/sass-loader/cjs.js??ruleSet[1].rules[3].oneOf[10].use[4]!./styles/sass/style.scss
Warning

(1963:3) autoprefixer: end value has mixed support, consider using flex-end instead

./node_modules/next/dist/build/webpack/loaders/css-loader/src/index.js??ruleSet[1].rules[3].oneOf[10].use[1]!./node_modules/next/dist/build/webpack/loaders/postcss-loader/src/index.js??ruleSet[1].rules[3].oneOf[10].use[2]!./node_modules/next/dist/build/webpack/loaders/resolve-url-loader/index.js??ruleSet[1].rules[3].oneOf[10].use[3]!./node_modules/next/dist/compiled/sass-loader/cjs.js??ruleSet[1].rules[3].oneOf[10].use[4]!./styles/sass/style.scss
Warning

(4009:3) autoprefixer: Gradient has outdated direction syntax. New syntax is like `to left` instead of `right`.

./node_modules/next/dist/build/webpack/loaders/css-loader/src/index.js??ruleSet[1].rules[3].oneOf[10].use[1]!./node_modules/next/dist/build/webpack/loaders/postcss-loader/src/index.js??ruleSet[1].rules[3].oneOf[10].use[2]!./node_modules/next/dist/build/webpack/loaders/resolve-url-loader/index.js??ruleSet[1].rules[3].oneOf[10].use[3]!./node_modules/next/dist/compiled/sass-loader/cjs.js??ruleSet[1].rules[3].oneOf[10].use[4]!./styles/sass/style.scss
Warning

(11563:3) autoprefixer: end value has mixed support, consider using flex-end instead

./node_modules/next/dist/build/webpack/loaders/css-loader/src/index.js??ruleSet[1].rules[3].oneOf[10].use[1]!./node_modules/next/dist/build/webpack/loaders/postcss-loader/src/index.js??ruleSet[1].rules[3].oneOf[10].use[2]!./node_modules/next/dist/build/webpack/loaders/resolve-url-loader/index.js??ruleSet[1].rules[3].oneOf[10].use[3]!./node_modules/next/dist/compiled/sass-loader/cjs.js??ruleSet[1].rules[3].oneOf[10].use[4]!./styles/sass/style.scss
Warning

(13505:3) autoprefixer: end value has mixed support, consider using flex-end instead
wait  - compiling...
warn  - ./node_modules/next/dist/build/webpack/loaders/css-loader/src/index.js??ruleSet[1].rules[3].oneOf[10].use[1]!./node_modules/next/dist/build/webpack/loaders/postcss-loader/src/index.js??ruleSet[1].rules[3].oneOf[10].use[2]!./node_modules/next/dist/build/webpack/loaders/resolve-url-loader/index.js??ruleSet[1].rules[3].oneOf[10].use[3]!./node_modules/next/dist/compiled/sass-loader/cjs.js??ruleSet[1].rules[3].oneOf[10].use[4]!./styles/sass/style.scss
Warning

(601:3) autoprefixer: Gradient has outdated direction syntax. New syntax is like `to left` instead of `right`.

./node_modules/next/dist/build/webpack/loaders/css-loader/src/index.js??ruleSet[1].rules[3].oneOf[10].use[1]!./node_modules/next/dist/build/webpack/loaders/postcss-loader/src/index.js??ruleSet[1].rules[3].oneOf[10].use[2]!./node_modules/next/dist/build/webpack/loaders/resolve-url-loader/index.js??ruleSet[1].rules[3].oneOf[10].use[3]!./node_modules/next/dist/compiled/sass-loader/cjs.js??ruleSet[1].rules[3].oneOf[10].use[4]!./styles/sass/style.scss
Warning

(1763:3) autoprefixer: end value has mixed support, consider using flex-end instead

./node_modules/next/dist/build/webpack/loaders/css-loader/src/index.js??ruleSet[1].rules[3].oneOf[10].use[1]!./node_modules/next/dist/build/webpack/loaders/postcss-loader/src/index.js??ruleSet[1].rules[3].oneOf[10].use[2]!./node_modules/next/dist/build/webpack/loaders/resolve-url-loader/index.js??ruleSet[1].rules[3].oneOf[10].use[3]!./node_modules/next/dist/compiled/sass-loader/cjs.js??ruleSet[1].rules[3].oneOf[10].use[4]!./styles/sass/style.scss
Warning

(1963:3) autoprefixer: end value has mixed support, consider using flex-end instead

./node_modules/next/dist/build/webpack/loaders/css-loader/src/index.js??ruleSet[1].rules[3].oneOf[10].use[1]!./node_modules/next/dist/build/webpack/loaders/postcss-loader/src/index.js??ruleSet[1].rules[3].oneOf[10].use[2]!./node_modules/next/dist/build/webpack/loaders/resolve-url-loader/index.js??ruleSet[1].rules[3].oneOf[10].use[3]!./node_modules/next/dist/compiled/sass-loader/cjs.js??ruleSet[1].rules[3].oneOf[10].use[4]!./styles/sass/style.scss
Warning

(4009:3) autoprefixer: Gradient has outdated direction syntax. New syntax is like `to left` instead of `right`.

./node_modules/next/dist/build/webpack/loaders/css-loader/src/index.js??ruleSet[1].rules[3].oneOf[10].use[1]!./node_modules/next/dist/build/webpack/loaders/postcss-loader/src/index.js??ruleSet[1].rules[3].oneOf[10].use[2]!./node_modules/next/dist/build/webpack/loaders/resolve-url-loader/index.js??ruleSet[1].rules[3].oneOf[10].use[3]!./node_modules/next/dist/compiled/sass-loader/cjs.js??ruleSet[1].rules[3].oneOf[10].use[4]!./styles/sass/style.scss
Warning

(11563:3) autoprefixer: end value has mixed support, consider using flex-end instead

./node_modules/next/dist/build/webpack/loaders/css-loader/src/index.js??ruleSet[1].rules[3].oneOf[10].use[1]!./node_modules/next/dist/build/webpack/loaders/postcss-loader/src/index.js??ruleSet[1].rules[3].oneOf[10].use[2]!./node_modules/next/dist/build/webpack/loaders/resolve-url-loader/index.js??ruleSet[1].rules[3].oneOf[10].use[3]!./node_modules/next/dist/compiled/sass-loader/cjs.js??ruleSet[1].rules[3].oneOf[10].use[4]!./styles/sass/style.scss
Warning

(13505:3) autoprefixer: end value has mixed support, consider using flex-end instead
warn  - ./node_modules/next/dist/build/webpack/loaders/css-loader/src/index.js??ruleSet[1].rules[3].oneOf[10].use[1]!./node_modules/next/dist/build/webpack/loaders/postcss-loader/src/index.js??ruleSet[1].rules[3].oneOf[10].use[2]!./node_modules/next/dist/build/webpack/loaders/resolve-url-loader/index.js??ruleSet[1].rules[3].oneOf[10].use[3]!./node_modules/next/dist/compiled/sass-loader/cjs.js??ruleSet[1].rules[3].oneOf[10].use[4]!./styles/sass/style.scss
Warning

(601:3) autoprefixer: Gradient has outdated direction syntax. New syntax is like `to left` instead of `right`.

./node_modules/next/dist/build/webpack/loaders/css-loader/src/index.js??ruleSet[1].rules[3].oneOf[10].use[1]!./node_modules/next/dist/build/webpack/loaders/postcss-loader/src/index.js??ruleSet[1].rules[3].oneOf[10].use[2]!./node_modules/next/dist/build/webpack/loaders/resolve-url-loader/index.js??ruleSet[1].rules[3].oneOf[10].use[3]!./node_modules/next/dist/compiled/sass-loader/cjs.js??ruleSet[1].rules[3].oneOf[10].use[4]!./styles/sass/style.scss
Warning

(1763:3) autoprefixer: end value has mixed support, consider using flex-end instead

./node_modules/next/dist/build/webpack/loaders/css-loader/src/index.js??ruleSet[1].rules[3].oneOf[10].use[1]!./node_modules/next/dist/build/webpack/loaders/postcss-loader/src/index.js??ruleSet[1].rules[3].oneOf[10].use[2]!./node_modules/next/dist/build/webpack/loaders/resolve-url-loader/index.js??ruleSet[1].rules[3].oneOf[10].use[3]!./node_modules/next/dist/compiled/sass-loader/cjs.js??ruleSet[1].rules[3].oneOf[10].use[4]!./styles/sass/style.scss
Warning

(1963:3) autoprefixer: end value has mixed support, consider using flex-end instead

./node_modules/next/dist/build/webpack/loaders/css-loader/src/index.js??ruleSet[1].rules[3].oneOf[10].use[1]!./node_modules/next/dist/build/webpack/loaders/postcss-loader/src/index.js??ruleSet[1].rules[3].oneOf[10].use[2]!./node_modules/next/dist/build/webpack/loaders/resolve-url-loader/index.js??ruleSet[1].rules[3].oneOf[10].use[3]!./node_modules/next/dist/compiled/sass-loader/cjs.js??ruleSet[1].rules[3].oneOf[10].use[4]!./styles/sass/style.scss
Warning

(4009:3) autoprefixer: Gradient has outdated direction syntax. New syntax is like `to left` instead of `right`.

./node_modules/next/dist/build/webpack/loaders/css-loader/src/index.js??ruleSet[1].rules[3].oneOf[10].use[1]!./node_modules/next/dist/build/webpack/loaders/postcss-loader/src/index.js??ruleSet[1].rules[3].oneOf[10].use[2]!./node_modules/next/dist/build/webpack/loaders/resolve-url-loader/index.js??ruleSet[1].rules[3].oneOf[10].use[3]!./node_modules/next/dist/compiled/sass-loader/cjs.js??ruleSet[1].rules[3].oneOf[10].use[4]!./styles/sass/style.scss
Warning

(11563:3) autoprefixer: end value has mixed support, consider using flex-end instead

./node_modules/next/dist/build/webpack/loaders/css-loader/src/index.js??ruleSet[1].rules[3].oneOf[10].use[1]!./node_modules/next/dist/build/webpack/loaders/postcss-loader/src/index.js??ruleSet[1].rules[3].oneOf[10].use[2]!./node_modules/next/dist/build/webpack/loaders/resolve-url-loader/index.js??ruleSet[1].rules[3].oneOf[10].use[3]!./node_modules/next/dist/compiled/sass-loader/cjs.js??ruleSet[1].rules[3].oneOf[10].use[4]!./styles/sass/style.scss
Warning

(13505:3) autoprefixer: end value has mixed support, consider using flex-end instead
wait  - compiling /404 (client and server)...
warn  - ./node_modules/next/dist/build/webpack/loaders/css-loader/src/index.js??ruleSet[1].rules[3].oneOf[10].use[1]!./node_modules/next/dist/build/webpack/loaders/postcss-loader/src/index.js??ruleSet[1].rules[3].oneOf[10].use[2]!./node_modules/next/dist/build/webpack/loaders/resolve-url-loader/index.js??ruleSet[1].rules[3].oneOf[10].use[3]!./node_modules/next/dist/compiled/sass-loader/cjs.js??ruleSet[1].rules[3].oneOf[10].use[4]!./styles/sass/style.scss
Warning

(601:3) autoprefixer: Gradient has outdated direction syntax. New syntax is like `to left` instead of `right`.

./node_modules/next/dist/build/webpack/loaders/css-loader/src/index.js??ruleSet[1].rules[3].oneOf[10].use[1]!./node_modules/next/dist/build/webpack/loaders/postcss-loader/src/index.js??ruleSet[1].rules[3].oneOf[10].use[2]!./node_modules/next/dist/build/webpack/loaders/resolve-url-loader/index.js??ruleSet[1].rules[3].oneOf[10].use[3]!./node_modules/next/dist/compiled/sass-loader/cjs.js??ruleSet[1].rules[3].oneOf[10].use[4]!./styles/sass/style.scss
Warning

(1763:3) autoprefixer: end value has mixed support, consider using flex-end instead

./node_modules/next/dist/build/webpack/loaders/css-loader/src/index.js??ruleSet[1].rules[3].oneOf[10].use[1]!./node_modules/next/dist/build/webpack/loaders/postcss-loader/src/index.js??ruleSet[1].rules[3].oneOf[10].use[2]!./node_modules/next/dist/build/webpack/loaders/resolve-url-loader/index.js??ruleSet[1].rules[3].oneOf[10].use[3]!./node_modules/next/dist/compiled/sass-loader/cjs.js??ruleSet[1].rules[3].oneOf[10].use[4]!./styles/sass/style.scss
Warning

(1963:3) autoprefixer: end value has mixed support, consider using flex-end instead

./node_modules/next/dist/build/webpack/loaders/css-loader/src/index.js??ruleSet[1].rules[3].oneOf[10].use[1]!./node_modules/next/dist/build/webpack/loaders/postcss-loader/src/index.js??ruleSet[1].rules[3].oneOf[10].use[2]!./node_modules/next/dist/build/webpack/loaders/resolve-url-loader/index.js??ruleSet[1].rules[3].oneOf[10].use[3]!./node_modules/next/dist/compiled/sass-loader/cjs.js??ruleSet[1].rules[3].oneOf[10].use[4]!./styles/sass/style.scss
Warning

(4009:3) autoprefixer: Gradient has outdated direction syntax. New syntax is like `to left` instead of `right`.

./node_modules/next/dist/build/webpack/loaders/css-loader/src/index.js??ruleSet[1].rules[3].oneOf[10].use[1]!./node_modules/next/dist/build/webpack/loaders/postcss-loader/src/index.js??ruleSet[1].rules[3].oneOf[10].use[2]!./node_modules/next/dist/build/webpack/loaders/resolve-url-loader/index.js??ruleSet[1].rules[3].oneOf[10].use[3]!./node_modules/next/dist/compiled/sass-loader/cjs.js??ruleSet[1].rules[3].oneOf[10].use[4]!./styles/sass/style.scss
Warning

(11563:3) autoprefixer: end value has mixed support, consider using flex-end instead

./node_modules/next/dist/build/webpack/loaders/css-loader/src/index.js??ruleSet[1].rules[3].oneOf[10].use[1]!./node_modules/next/dist/build/webpack/loaders/postcss-loader/src/index.js??ruleSet[1].rules[3].oneOf[10].use[2]!./node_modules/next/dist/build/webpack/loaders/resolve-url-loader/index.js??ruleSet[1].rules[3].oneOf[10].use[3]!./node_modules/next/dist/compiled/sass-loader/cjs.js??ruleSet[1].rules[3].oneOf[10].use[4]!./styles/sass/style.scss
Warning

(13505:3) autoprefixer: end value has mixed support, consider using flex-end instead
wait  - compiling...
error - ./components/SidebarImageSlider/SidebarImageSlider.js
Error: 
  x Expected ',', got 'className'
    ,-[31:1]
 31 |                 ))}
 32 |             </Slider>
 33 |         </div>
 34 |         <div className="sidebar-image-slider-2">
    :              ^^^^^^^^^
 35 |             <Slider {...sliderSettings}>
 36 |                 {placeholderImages.map((img) => (
 37 |                     <div key={img.id} className="sidebar-slide">
    `----

Caused by:
    0: failed to process input file
    1: Syntax Error
wait  - compiling...
error - ./components/SidebarImageSlider/SidebarImageSlider.js
Error: 
  x Expected ',', got 'className'
    ,-[31:1]
 31 |                 ))}
 32 |             </Slider>
 33 |         </div>
 34 |         <div className="sidebar-image-slider-2">
    :              ^^^^^^^^^
 35 |             <Slider {...sliderSettings}>
 36 |                 {placeholderImages.map((img) => (
 37 |                     <div key={img.id} className="sidebar-slide">
    `----

Caused by:
    0: failed to process input file
    1: Syntax Error
wait  - compiling...
error - ./components/SidebarImageSlider/SidebarImageSlider.js
Error: 
  x Expected ',', got 'className'
    ,-[31:1]
 31 |                 ))}
 32 |             </Slider>
 33 |         </div>
 34 |         <div className="sidebar-image-slider">
    :              ^^^^^^^^^
 35 |             <Slider {...sliderSettings}>
 36 |                 {placeholderImages.map((img) => (
 37 |                     <div key={img.id} className="sidebar-slide">
    `----

Caused by:
    0: failed to process input file
    1: Syntax Error
wait  - compiling...
warn  - ./node_modules/next/dist/build/webpack/loaders/css-loader/src/index.js??ruleSet[1].rules[3].oneOf[10].use[1]!./node_modules/next/dist/build/webpack/loaders/postcss-loader/src/index.js??ruleSet[1].rules[3].oneOf[10].use[2]!./node_modules/next/dist/build/webpack/loaders/resolve-url-loader/index.js??ruleSet[1].rules[3].oneOf[10].use[3]!./node_modules/next/dist/compiled/sass-loader/cjs.js??ruleSet[1].rules[3].oneOf[10].use[4]!./styles/sass/style.scss
Warning

(601:3) autoprefixer: Gradient has outdated direction syntax. New syntax is like `to left` instead of `right`.

./node_modules/next/dist/build/webpack/loaders/css-loader/src/index.js??ruleSet[1].rules[3].oneOf[10].use[1]!./node_modules/next/dist/build/webpack/loaders/postcss-loader/src/index.js??ruleSet[1].rules[3].oneOf[10].use[2]!./node_modules/next/dist/build/webpack/loaders/resolve-url-loader/index.js??ruleSet[1].rules[3].oneOf[10].use[3]!./node_modules/next/dist/compiled/sass-loader/cjs.js??ruleSet[1].rules[3].oneOf[10].use[4]!./styles/sass/style.scss
Warning

(1763:3) autoprefixer: end value has mixed support, consider using flex-end instead

./node_modules/next/dist/build/webpack/loaders/css-loader/src/index.js??ruleSet[1].rules[3].oneOf[10].use[1]!./node_modules/next/dist/build/webpack/loaders/postcss-loader/src/index.js??ruleSet[1].rules[3].oneOf[10].use[2]!./node_modules/next/dist/build/webpack/loaders/resolve-url-loader/index.js??ruleSet[1].rules[3].oneOf[10].use[3]!./node_modules/next/dist/compiled/sass-loader/cjs.js??ruleSet[1].rules[3].oneOf[10].use[4]!./styles/sass/style.scss
Warning

(1963:3) autoprefixer: end value has mixed support, consider using flex-end instead

./node_modules/next/dist/build/webpack/loaders/css-loader/src/index.js??ruleSet[1].rules[3].oneOf[10].use[1]!./node_modules/next/dist/build/webpack/loaders/postcss-loader/src/index.js??ruleSet[1].rules[3].oneOf[10].use[2]!./node_modules/next/dist/build/webpack/loaders/resolve-url-loader/index.js??ruleSet[1].rules[3].oneOf[10].use[3]!./node_modules/next/dist/compiled/sass-loader/cjs.js??ruleSet[1].rules[3].oneOf[10].use[4]!./styles/sass/style.scss
Warning

(4009:3) autoprefixer: Gradient has outdated direction syntax. New syntax is like `to left` instead of `right`.

./node_modules/next/dist/build/webpack/loaders/css-loader/src/index.js??ruleSet[1].rules[3].oneOf[10].use[1]!./node_modules/next/dist/build/webpack/loaders/postcss-loader/src/index.js??ruleSet[1].rules[3].oneOf[10].use[2]!./node_modules/next/dist/build/webpack/loaders/resolve-url-loader/index.js??ruleSet[1].rules[3].oneOf[10].use[3]!./node_modules/next/dist/compiled/sass-loader/cjs.js??ruleSet[1].rules[3].oneOf[10].use[4]!./styles/sass/style.scss
Warning

(11563:3) autoprefixer: end value has mixed support, consider using flex-end instead

./node_modules/next/dist/build/webpack/loaders/css-loader/src/index.js??ruleSet[1].rules[3].oneOf[10].use[1]!./node_modules/next/dist/build/webpack/loaders/postcss-loader/src/index.js??ruleSet[1].rules[3].oneOf[10].use[2]!./node_modules/next/dist/build/webpack/loaders/resolve-url-loader/index.js??ruleSet[1].rules[3].oneOf[10].use[3]!./node_modules/next/dist/compiled/sass-loader/cjs.js??ruleSet[1].rules[3].oneOf[10].use[4]!./styles/sass/style.scss
Warning

(13505:3) autoprefixer: end value has mixed support, consider using flex-end instead
wait  - compiling...
warn  - ./node_modules/next/dist/build/webpack/loaders/css-loader/src/index.js??ruleSet[1].rules[3].oneOf[10].use[1]!./node_modules/next/dist/build/webpack/loaders/postcss-loader/src/index.js??ruleSet[1].rules[3].oneOf[10].use[2]!./node_modules/next/dist/build/webpack/loaders/resolve-url-loader/index.js??ruleSet[1].rules[3].oneOf[10].use[3]!./node_modules/next/dist/compiled/sass-loader/cjs.js??ruleSet[1].rules[3].oneOf[10].use[4]!./styles/sass/style.scss
Warning

(601:3) autoprefixer: Gradient has outdated direction syntax. New syntax is like `to left` instead of `right`.

./node_modules/next/dist/build/webpack/loaders/css-loader/src/index.js??ruleSet[1].rules[3].oneOf[10].use[1]!./node_modules/next/dist/build/webpack/loaders/postcss-loader/src/index.js??ruleSet[1].rules[3].oneOf[10].use[2]!./node_modules/next/dist/build/webpack/loaders/resolve-url-loader/index.js??ruleSet[1].rules[3].oneOf[10].use[3]!./node_modules/next/dist/compiled/sass-loader/cjs.js??ruleSet[1].rules[3].oneOf[10].use[4]!./styles/sass/style.scss
Warning

(1763:3) autoprefixer: end value has mixed support, consider using flex-end instead

./node_modules/next/dist/build/webpack/loaders/css-loader/src/index.js??ruleSet[1].rules[3].oneOf[10].use[1]!./node_modules/next/dist/build/webpack/loaders/postcss-loader/src/index.js??ruleSet[1].rules[3].oneOf[10].use[2]!./node_modules/next/dist/build/webpack/loaders/resolve-url-loader/index.js??ruleSet[1].rules[3].oneOf[10].use[3]!./node_modules/next/dist/compiled/sass-loader/cjs.js??ruleSet[1].rules[3].oneOf[10].use[4]!./styles/sass/style.scss
Warning

(1963:3) autoprefixer: end value has mixed support, consider using flex-end instead

./node_modules/next/dist/build/webpack/loaders/css-loader/src/index.js??ruleSet[1].rules[3].oneOf[10].use[1]!./node_modules/next/dist/build/webpack/loaders/postcss-loader/src/index.js??ruleSet[1].rules[3].oneOf[10].use[2]!./node_modules/next/dist/build/webpack/loaders/resolve-url-loader/index.js??ruleSet[1].rules[3].oneOf[10].use[3]!./node_modules/next/dist/compiled/sass-loader/cjs.js??ruleSet[1].rules[3].oneOf[10].use[4]!./styles/sass/style.scss
Warning

(4009:3) autoprefixer: Gradient has outdated direction syntax. New syntax is like `to left` instead of `right`.

./node_modules/next/dist/build/webpack/loaders/css-loader/src/index.js??ruleSet[1].rules[3].oneOf[10].use[1]!./node_modules/next/dist/build/webpack/loaders/postcss-loader/src/index.js??ruleSet[1].rules[3].oneOf[10].use[2]!./node_modules/next/dist/build/webpack/loaders/resolve-url-loader/index.js??ruleSet[1].rules[3].oneOf[10].use[3]!./node_modules/next/dist/compiled/sass-loader/cjs.js??ruleSet[1].rules[3].oneOf[10].use[4]!./styles/sass/style.scss
Warning

(11563:3) autoprefixer: end value has mixed support, consider using flex-end instead

./node_modules/next/dist/build/webpack/loaders/css-loader/src/index.js??ruleSet[1].rules[3].oneOf[10].use[1]!./node_modules/next/dist/build/webpack/loaders/postcss-loader/src/index.js??ruleSet[1].rules[3].oneOf[10].use[2]!./node_modules/next/dist/build/webpack/loaders/resolve-url-loader/index.js??ruleSet[1].rules[3].oneOf[10].use[3]!./node_modules/next/dist/compiled/sass-loader/cjs.js??ruleSet[1].rules[3].oneOf[10].use[4]!./styles/sass/style.scss
Warning

(13505:3) autoprefixer: end value has mixed support, consider using flex-end instead
wait  - compiling...
warn  - ./node_modules/next/dist/build/webpack/loaders/css-loader/src/index.js??ruleSet[1].rules[3].oneOf[10].use[1]!./node_modules/next/dist/build/webpack/loaders/postcss-loader/src/index.js??ruleSet[1].rules[3].oneOf[10].use[2]!./node_modules/next/dist/build/webpack/loaders/resolve-url-loader/index.js??ruleSet[1].rules[3].oneOf[10].use[3]!./node_modules/next/dist/compiled/sass-loader/cjs.js??ruleSet[1].rules[3].oneOf[10].use[4]!./styles/sass/style.scss
Warning

(601:3) autoprefixer: Gradient has outdated direction syntax. New syntax is like `to left` instead of `right`.

./node_modules/next/dist/build/webpack/loaders/css-loader/src/index.js??ruleSet[1].rules[3].oneOf[10].use[1]!./node_modules/next/dist/build/webpack/loaders/postcss-loader/src/index.js??ruleSet[1].rules[3].oneOf[10].use[2]!./node_modules/next/dist/build/webpack/loaders/resolve-url-loader/index.js??ruleSet[1].rules[3].oneOf[10].use[3]!./node_modules/next/dist/compiled/sass-loader/cjs.js??ruleSet[1].rules[3].oneOf[10].use[4]!./styles/sass/style.scss
Warning

(1763:3) autoprefixer: end value has mixed support, consider using flex-end instead

./node_modules/next/dist/build/webpack/loaders/css-loader/src/index.js??ruleSet[1].rules[3].oneOf[10].use[1]!./node_modules/next/dist/build/webpack/loaders/postcss-loader/src/index.js??ruleSet[1].rules[3].oneOf[10].use[2]!./node_modules/next/dist/build/webpack/loaders/resolve-url-loader/index.js??ruleSet[1].rules[3].oneOf[10].use[3]!./node_modules/next/dist/compiled/sass-loader/cjs.js??ruleSet[1].rules[3].oneOf[10].use[4]!./styles/sass/style.scss
Warning

(1963:3) autoprefixer: end value has mixed support, consider using flex-end instead

./node_modules/next/dist/build/webpack/loaders/css-loader/src/index.js??ruleSet[1].rules[3].oneOf[10].use[1]!./node_modules/next/dist/build/webpack/loaders/postcss-loader/src/index.js??ruleSet[1].rules[3].oneOf[10].use[2]!./node_modules/next/dist/build/webpack/loaders/resolve-url-loader/index.js??ruleSet[1].rules[3].oneOf[10].use[3]!./node_modules/next/dist/compiled/sass-loader/cjs.js??ruleSet[1].rules[3].oneOf[10].use[4]!./styles/sass/style.scss
Warning

(4009:3) autoprefixer: Gradient has outdated direction syntax. New syntax is like `to left` instead of `right`.

./node_modules/next/dist/build/webpack/loaders/css-loader/src/index.js??ruleSet[1].rules[3].oneOf[10].use[1]!./node_modules/next/dist/build/webpack/loaders/postcss-loader/src/index.js??ruleSet[1].rules[3].oneOf[10].use[2]!./node_modules/next/dist/build/webpack/loaders/resolve-url-loader/index.js??ruleSet[1].rules[3].oneOf[10].use[3]!./node_modules/next/dist/compiled/sass-loader/cjs.js??ruleSet[1].rules[3].oneOf[10].use[4]!./styles/sass/style.scss
Warning

(11563:3) autoprefixer: end value has mixed support, consider using flex-end instead

./node_modules/next/dist/build/webpack/loaders/css-loader/src/index.js??ruleSet[1].rules[3].oneOf[10].use[1]!./node_modules/next/dist/build/webpack/loaders/postcss-loader/src/index.js??ruleSet[1].rules[3].oneOf[10].use[2]!./node_modules/next/dist/build/webpack/loaders/resolve-url-loader/index.js??ruleSet[1].rules[3].oneOf[10].use[3]!./node_modules/next/dist/compiled/sass-loader/cjs.js??ruleSet[1].rules[3].oneOf[10].use[4]!./styles/sass/style.scss
Warning

(13505:3) autoprefixer: end value has mixed support, consider using flex-end instead
wait  - compiling...
warn  - ./node_modules/next/dist/build/webpack/loaders/css-loader/src/index.js??ruleSet[1].rules[3].oneOf[10].use[1]!./node_modules/next/dist/build/webpack/loaders/postcss-loader/src/index.js??ruleSet[1].rules[3].oneOf[10].use[2]!./node_modules/next/dist/build/webpack/loaders/resolve-url-loader/index.js??ruleSet[1].rules[3].oneOf[10].use[3]!./node_modules/next/dist/compiled/sass-loader/cjs.js??ruleSet[1].rules[3].oneOf[10].use[4]!./styles/sass/style.scss
Warning

(601:3) autoprefixer: Gradient has outdated direction syntax. New syntax is like `to left` instead of `right`.

./node_modules/next/dist/build/webpack/loaders/css-loader/src/index.js??ruleSet[1].rules[3].oneOf[10].use[1]!./node_modules/next/dist/build/webpack/loaders/postcss-loader/src/index.js??ruleSet[1].rules[3].oneOf[10].use[2]!./node_modules/next/dist/build/webpack/loaders/resolve-url-loader/index.js??ruleSet[1].rules[3].oneOf[10].use[3]!./node_modules/next/dist/compiled/sass-loader/cjs.js??ruleSet[1].rules[3].oneOf[10].use[4]!./styles/sass/style.scss
Warning

(1763:3) autoprefixer: end value has mixed support, consider using flex-end instead

./node_modules/next/dist/build/webpack/loaders/css-loader/src/index.js??ruleSet[1].rules[3].oneOf[10].use[1]!./node_modules/next/dist/build/webpack/loaders/postcss-loader/src/index.js??ruleSet[1].rules[3].oneOf[10].use[2]!./node_modules/next/dist/build/webpack/loaders/resolve-url-loader/index.js??ruleSet[1].rules[3].oneOf[10].use[3]!./node_modules/next/dist/compiled/sass-loader/cjs.js??ruleSet[1].rules[3].oneOf[10].use[4]!./styles/sass/style.scss
Warning

(1963:3) autoprefixer: end value has mixed support, consider using flex-end instead

./node_modules/next/dist/build/webpack/loaders/css-loader/src/index.js??ruleSet[1].rules[3].oneOf[10].use[1]!./node_modules/next/dist/build/webpack/loaders/postcss-loader/src/index.js??ruleSet[1].rules[3].oneOf[10].use[2]!./node_modules/next/dist/build/webpack/loaders/resolve-url-loader/index.js??ruleSet[1].rules[3].oneOf[10].use[3]!./node_modules/next/dist/compiled/sass-loader/cjs.js??ruleSet[1].rules[3].oneOf[10].use[4]!./styles/sass/style.scss
Warning

(4009:3) autoprefixer: Gradient has outdated direction syntax. New syntax is like `to left` instead of `right`.

./node_modules/next/dist/build/webpack/loaders/css-loader/src/index.js??ruleSet[1].rules[3].oneOf[10].use[1]!./node_modules/next/dist/build/webpack/loaders/postcss-loader/src/index.js??ruleSet[1].rules[3].oneOf[10].use[2]!./node_modules/next/dist/build/webpack/loaders/resolve-url-loader/index.js??ruleSet[1].rules[3].oneOf[10].use[3]!./node_modules/next/dist/compiled/sass-loader/cjs.js??ruleSet[1].rules[3].oneOf[10].use[4]!./styles/sass/style.scss
Warning

(11563:3) autoprefixer: end value has mixed support, consider using flex-end instead

./node_modules/next/dist/build/webpack/loaders/css-loader/src/index.js??ruleSet[1].rules[3].oneOf[10].use[1]!./node_modules/next/dist/build/webpack/loaders/postcss-loader/src/index.js??ruleSet[1].rules[3].oneOf[10].use[2]!./node_modules/next/dist/build/webpack/loaders/resolve-url-loader/index.js??ruleSet[1].rules[3].oneOf[10].use[3]!./node_modules/next/dist/compiled/sass-loader/cjs.js??ruleSet[1].rules[3].oneOf[10].use[4]!./styles/sass/style.scss
Warning

(13505:3) autoprefixer: end value has mixed support, consider using flex-end instead
wait  - compiling...
warn  - ./node_modules/next/dist/build/webpack/loaders/css-loader/src/index.js??ruleSet[1].rules[3].oneOf[10].use[1]!./node_modules/next/dist/build/webpack/loaders/postcss-loader/src/index.js??ruleSet[1].rules[3].oneOf[10].use[2]!./node_modules/next/dist/build/webpack/loaders/resolve-url-loader/index.js??ruleSet[1].rules[3].oneOf[10].use[3]!./node_modules/next/dist/compiled/sass-loader/cjs.js??ruleSet[1].rules[3].oneOf[10].use[4]!./styles/sass/style.scss
Warning

(601:3) autoprefixer: Gradient has outdated direction syntax. New syntax is like `to left` instead of `right`.

./node_modules/next/dist/build/webpack/loaders/css-loader/src/index.js??ruleSet[1].rules[3].oneOf[10].use[1]!./node_modules/next/dist/build/webpack/loaders/postcss-loader/src/index.js??ruleSet[1].rules[3].oneOf[10].use[2]!./node_modules/next/dist/build/webpack/loaders/resolve-url-loader/index.js??ruleSet[1].rules[3].oneOf[10].use[3]!./node_modules/next/dist/compiled/sass-loader/cjs.js??ruleSet[1].rules[3].oneOf[10].use[4]!./styles/sass/style.scss
Warning

(1763:3) autoprefixer: end value has mixed support, consider using flex-end instead

./node_modules/next/dist/build/webpack/loaders/css-loader/src/index.js??ruleSet[1].rules[3].oneOf[10].use[1]!./node_modules/next/dist/build/webpack/loaders/postcss-loader/src/index.js??ruleSet[1].rules[3].oneOf[10].use[2]!./node_modules/next/dist/build/webpack/loaders/resolve-url-loader/index.js??ruleSet[1].rules[3].oneOf[10].use[3]!./node_modules/next/dist/compiled/sass-loader/cjs.js??ruleSet[1].rules[3].oneOf[10].use[4]!./styles/sass/style.scss
Warning

(1963:3) autoprefixer: end value has mixed support, consider using flex-end instead

./node_modules/next/dist/build/webpack/loaders/css-loader/src/index.js??ruleSet[1].rules[3].oneOf[10].use[1]!./node_modules/next/dist/build/webpack/loaders/postcss-loader/src/index.js??ruleSet[1].rules[3].oneOf[10].use[2]!./node_modules/next/dist/build/webpack/loaders/resolve-url-loader/index.js??ruleSet[1].rules[3].oneOf[10].use[3]!./node_modules/next/dist/compiled/sass-loader/cjs.js??ruleSet[1].rules[3].oneOf[10].use[4]!./styles/sass/style.scss
Warning

(4009:3) autoprefixer: Gradient has outdated direction syntax. New syntax is like `to left` instead of `right`.

./node_modules/next/dist/build/webpack/loaders/css-loader/src/index.js??ruleSet[1].rules[3].oneOf[10].use[1]!./node_modules/next/dist/build/webpack/loaders/postcss-loader/src/index.js??ruleSet[1].rules[3].oneOf[10].use[2]!./node_modules/next/dist/build/webpack/loaders/resolve-url-loader/index.js??ruleSet[1].rules[3].oneOf[10].use[3]!./node_modules/next/dist/compiled/sass-loader/cjs.js??ruleSet[1].rules[3].oneOf[10].use[4]!./styles/sass/style.scss
Warning

(11563:3) autoprefixer: end value has mixed support, consider using flex-end instead

./node_modules/next/dist/build/webpack/loaders/css-loader/src/index.js??ruleSet[1].rules[3].oneOf[10].use[1]!./node_modules/next/dist/build/webpack/loaders/postcss-loader/src/index.js??ruleSet[1].rules[3].oneOf[10].use[2]!./node_modules/next/dist/build/webpack/loaders/resolve-url-loader/index.js??ruleSet[1].rules[3].oneOf[10].use[3]!./node_modules/next/dist/compiled/sass-loader/cjs.js??ruleSet[1].rules[3].oneOf[10].use[4]!./styles/sass/style.scss
Warning

(13505:3) autoprefixer: end value has mixed support, consider using flex-end instead
warn  - ./node_modules/next/dist/build/webpack/loaders/css-loader/src/index.js??ruleSet[1].rules[3].oneOf[10].use[1]!./node_modules/next/dist/build/webpack/loaders/postcss-loader/src/index.js??ruleSet[1].rules[3].oneOf[10].use[2]!./node_modules/next/dist/build/webpack/loaders/resolve-url-loader/index.js??ruleSet[1].rules[3].oneOf[10].use[3]!./node_modules/next/dist/compiled/sass-loader/cjs.js??ruleSet[1].rules[3].oneOf[10].use[4]!./styles/sass/style.scss
Warning

(601:3) autoprefixer: Gradient has outdated direction syntax. New syntax is like `to left` instead of `right`.

./node_modules/next/dist/build/webpack/loaders/css-loader/src/index.js??ruleSet[1].rules[3].oneOf[10].use[1]!./node_modules/next/dist/build/webpack/loaders/postcss-loader/src/index.js??ruleSet[1].rules[3].oneOf[10].use[2]!./node_modules/next/dist/build/webpack/loaders/resolve-url-loader/index.js??ruleSet[1].rules[3].oneOf[10].use[3]!./node_modules/next/dist/compiled/sass-loader/cjs.js??ruleSet[1].rules[3].oneOf[10].use[4]!./styles/sass/style.scss
Warning

(1763:3) autoprefixer: end value has mixed support, consider using flex-end instead

./node_modules/next/dist/build/webpack/loaders/css-loader/src/index.js??ruleSet[1].rules[3].oneOf[10].use[1]!./node_modules/next/dist/build/webpack/loaders/postcss-loader/src/index.js??ruleSet[1].rules[3].oneOf[10].use[2]!./node_modules/next/dist/build/webpack/loaders/resolve-url-loader/index.js??ruleSet[1].rules[3].oneOf[10].use[3]!./node_modules/next/dist/compiled/sass-loader/cjs.js??ruleSet[1].rules[3].oneOf[10].use[4]!./styles/sass/style.scss
Warning

(1963:3) autoprefixer: end value has mixed support, consider using flex-end instead

./node_modules/next/dist/build/webpack/loaders/css-loader/src/index.js??ruleSet[1].rules[3].oneOf[10].use[1]!./node_modules/next/dist/build/webpack/loaders/postcss-loader/src/index.js??ruleSet[1].rules[3].oneOf[10].use[2]!./node_modules/next/dist/build/webpack/loaders/resolve-url-loader/index.js??ruleSet[1].rules[3].oneOf[10].use[3]!./node_modules/next/dist/compiled/sass-loader/cjs.js??ruleSet[1].rules[3].oneOf[10].use[4]!./styles/sass/style.scss
Warning

(4009:3) autoprefixer: Gradient has outdated direction syntax. New syntax is like `to left` instead of `right`.

./node_modules/next/dist/build/webpack/loaders/css-loader/src/index.js??ruleSet[1].rules[3].oneOf[10].use[1]!./node_modules/next/dist/build/webpack/loaders/postcss-loader/src/index.js??ruleSet[1].rules[3].oneOf[10].use[2]!./node_modules/next/dist/build/webpack/loaders/resolve-url-loader/index.js??ruleSet[1].rules[3].oneOf[10].use[3]!./node_modules/next/dist/compiled/sass-loader/cjs.js??ruleSet[1].rules[3].oneOf[10].use[4]!./styles/sass/style.scss
Warning

(11563:3) autoprefixer: end value has mixed support, consider using flex-end instead

./node_modules/next/dist/build/webpack/loaders/css-loader/src/index.js??ruleSet[1].rules[3].oneOf[10].use[1]!./node_modules/next/dist/build/webpack/loaders/postcss-loader/src/index.js??ruleSet[1].rules[3].oneOf[10].use[2]!./node_modules/next/dist/build/webpack/loaders/resolve-url-loader/index.js??ruleSet[1].rules[3].oneOf[10].use[3]!./node_modules/next/dist/compiled/sass-loader/cjs.js??ruleSet[1].rules[3].oneOf[10].use[4]!./styles/sass/style.scss
Warning

(13505:3) autoprefixer: end value has mixed support, consider using flex-end instead
wait  - compiling /404 (client and server)...
warn  - ./node_modules/next/dist/build/webpack/loaders/css-loader/src/index.js??ruleSet[1].rules[3].oneOf[10].use[1]!./node_modules/next/dist/build/webpack/loaders/postcss-loader/src/index.js??ruleSet[1].rules[3].oneOf[10].use[2]!./node_modules/next/dist/build/webpack/loaders/resolve-url-loader/index.js??ruleSet[1].rules[3].oneOf[10].use[3]!./node_modules/next/dist/compiled/sass-loader/cjs.js??ruleSet[1].rules[3].oneOf[10].use[4]!./styles/sass/style.scss
Warning

(601:3) autoprefixer: Gradient has outdated direction syntax. New syntax is like `to left` instead of `right`.

./node_modules/next/dist/build/webpack/loaders/css-loader/src/index.js??ruleSet[1].rules[3].oneOf[10].use[1]!./node_modules/next/dist/build/webpack/loaders/postcss-loader/src/index.js??ruleSet[1].rules[3].oneOf[10].use[2]!./node_modules/next/dist/build/webpack/loaders/resolve-url-loader/index.js??ruleSet[1].rules[3].oneOf[10].use[3]!./node_modules/next/dist/compiled/sass-loader/cjs.js??ruleSet[1].rules[3].oneOf[10].use[4]!./styles/sass/style.scss
Warning

(1763:3) autoprefixer: end value has mixed support, consider using flex-end instead

./node_modules/next/dist/build/webpack/loaders/css-loader/src/index.js??ruleSet[1].rules[3].oneOf[10].use[1]!./node_modules/next/dist/build/webpack/loaders/postcss-loader/src/index.js??ruleSet[1].rules[3].oneOf[10].use[2]!./node_modules/next/dist/build/webpack/loaders/resolve-url-loader/index.js??ruleSet[1].rules[3].oneOf[10].use[3]!./node_modules/next/dist/compiled/sass-loader/cjs.js??ruleSet[1].rules[3].oneOf[10].use[4]!./styles/sass/style.scss
Warning

(1963:3) autoprefixer: end value has mixed support, consider using flex-end instead

./node_modules/next/dist/build/webpack/loaders/css-loader/src/index.js??ruleSet[1].rules[3].oneOf[10].use[1]!./node_modules/next/dist/build/webpack/loaders/postcss-loader/src/index.js??ruleSet[1].rules[3].oneOf[10].use[2]!./node_modules/next/dist/build/webpack/loaders/resolve-url-loader/index.js??ruleSet[1].rules[3].oneOf[10].use[3]!./node_modules/next/dist/compiled/sass-loader/cjs.js??ruleSet[1].rules[3].oneOf[10].use[4]!./styles/sass/style.scss
Warning

(4009:3) autoprefixer: Gradient has outdated direction syntax. New syntax is like `to left` instead of `right`.

./node_modules/next/dist/build/webpack/loaders/css-loader/src/index.js??ruleSet[1].rules[3].oneOf[10].use[1]!./node_modules/next/dist/build/webpack/loaders/postcss-loader/src/index.js??ruleSet[1].rules[3].oneOf[10].use[2]!./node_modules/next/dist/build/webpack/loaders/resolve-url-loader/index.js??ruleSet[1].rules[3].oneOf[10].use[3]!./node_modules/next/dist/compiled/sass-loader/cjs.js??ruleSet[1].rules[3].oneOf[10].use[4]!./styles/sass/style.scss
Warning

(11563:3) autoprefixer: end value has mixed support, consider using flex-end instead

./node_modules/next/dist/build/webpack/loaders/css-loader/src/index.js??ruleSet[1].rules[3].oneOf[10].use[1]!./node_modules/next/dist/build/webpack/loaders/postcss-loader/src/index.js??ruleSet[1].rules[3].oneOf[10].use[2]!./node_modules/next/dist/build/webpack/loaders/resolve-url-loader/index.js??ruleSet[1].rules[3].oneOf[10].use[3]!./node_modules/next/dist/compiled/sass-loader/cjs.js??ruleSet[1].rules[3].oneOf[10].use[4]!./styles/sass/style.scss
Warning

(13505:3) autoprefixer: end value has mixed support, consider using flex-end instead
wait  - compiling...
warn  - ./node_modules/next/dist/build/webpack/loaders/css-loader/src/index.js??ruleSet[1].rules[3].oneOf[10].use[1]!./node_modules/next/dist/build/webpack/loaders/postcss-loader/src/index.js??ruleSet[1].rules[3].oneOf[10].use[2]!./node_modules/next/dist/build/webpack/loaders/resolve-url-loader/index.js??ruleSet[1].rules[3].oneOf[10].use[3]!./node_modules/next/dist/compiled/sass-loader/cjs.js??ruleSet[1].rules[3].oneOf[10].use[4]!./styles/sass/style.scss
Warning

(601:3) autoprefixer: Gradient has outdated direction syntax. New syntax is like `to left` instead of `right`.

./node_modules/next/dist/build/webpack/loaders/css-loader/src/index.js??ruleSet[1].rules[3].oneOf[10].use[1]!./node_modules/next/dist/build/webpack/loaders/postcss-loader/src/index.js??ruleSet[1].rules[3].oneOf[10].use[2]!./node_modules/next/dist/build/webpack/loaders/resolve-url-loader/index.js??ruleSet[1].rules[3].oneOf[10].use[3]!./node_modules/next/dist/compiled/sass-loader/cjs.js??ruleSet[1].rules[3].oneOf[10].use[4]!./styles/sass/style.scss
Warning

(1763:3) autoprefixer: end value has mixed support, consider using flex-end instead

./node_modules/next/dist/build/webpack/loaders/css-loader/src/index.js??ruleSet[1].rules[3].oneOf[10].use[1]!./node_modules/next/dist/build/webpack/loaders/postcss-loader/src/index.js??ruleSet[1].rules[3].oneOf[10].use[2]!./node_modules/next/dist/build/webpack/loaders/resolve-url-loader/index.js??ruleSet[1].rules[3].oneOf[10].use[3]!./node_modules/next/dist/compiled/sass-loader/cjs.js??ruleSet[1].rules[3].oneOf[10].use[4]!./styles/sass/style.scss
Warning

(1963:3) autoprefixer: end value has mixed support, consider using flex-end instead

./node_modules/next/dist/build/webpack/loaders/css-loader/src/index.js??ruleSet[1].rules[3].oneOf[10].use[1]!./node_modules/next/dist/build/webpack/loaders/postcss-loader/src/index.js??ruleSet[1].rules[3].oneOf[10].use[2]!./node_modules/next/dist/build/webpack/loaders/resolve-url-loader/index.js??ruleSet[1].rules[3].oneOf[10].use[3]!./node_modules/next/dist/compiled/sass-loader/cjs.js??ruleSet[1].rules[3].oneOf[10].use[4]!./styles/sass/style.scss
Warning

(4009:3) autoprefixer: Gradient has outdated direction syntax. New syntax is like `to left` instead of `right`.

./node_modules/next/dist/build/webpack/loaders/css-loader/src/index.js??ruleSet[1].rules[3].oneOf[10].use[1]!./node_modules/next/dist/build/webpack/loaders/postcss-loader/src/index.js??ruleSet[1].rules[3].oneOf[10].use[2]!./node_modules/next/dist/build/webpack/loaders/resolve-url-loader/index.js??ruleSet[1].rules[3].oneOf[10].use[3]!./node_modules/next/dist/compiled/sass-loader/cjs.js??ruleSet[1].rules[3].oneOf[10].use[4]!./styles/sass/style.scss
Warning

(11563:3) autoprefixer: end value has mixed support, consider using flex-end instead

./node_modules/next/dist/build/webpack/loaders/css-loader/src/index.js??ruleSet[1].rules[3].oneOf[10].use[1]!./node_modules/next/dist/build/webpack/loaders/postcss-loader/src/index.js??ruleSet[1].rules[3].oneOf[10].use[2]!./node_modules/next/dist/build/webpack/loaders/resolve-url-loader/index.js??ruleSet[1].rules[3].oneOf[10].use[3]!./node_modules/next/dist/compiled/sass-loader/cjs.js??ruleSet[1].rules[3].oneOf[10].use[4]!./styles/sass/style.scss
Warning

(13515:3) autoprefixer: end value has mixed support, consider using flex-end instead
<w> [webpack.cache.PackFileCacheStrategy] Skipped not serializable cache item 'Compilation/modules|/Users/aashishkumar/Documents/Development/innovatix/wecare/node_modules/next/dist/build/webpack/loaders/css-loader/src/index.js??ruleSet[1].rules[3].oneOf[10].use[1]!/Users/aashishkumar/Documents/Development/innovatix/wecare/node_modules/next/dist/build/webpack/loaders/postcss-loader/src/index.js??ruleSet[1].rules[3].oneOf[10].use[2]!/Users/aashishkumar/Documents/Development/innovatix/wecare/node_modules/next/dist/build/webpack/loaders/resolve-url-loader/index.js??ruleSet[1].rules[3].oneOf[10].use[3]!/Users/aashishkumar/Documents/Development/innovatix/wecare/node_modules/next/dist/compiled/sass-loader/cjs.js??ruleSet[1].rules[3].oneOf[10].use[4]!/Users/aashishkumar/Documents/Development/innovatix/wecare/styles/sass/style.scss': No serializer registered for Warning
<w> while serializing webpack/lib/cache/PackFileCacheStrategy.PackContentItems -> webpack/lib/NormalModule -> Array { 6 items } -> webpack/lib/ModuleWarning -> Warning
wait  - compiling...
warn  - ./node_modules/next/dist/build/webpack/loaders/css-loader/src/index.js??ruleSet[1].rules[3].oneOf[10].use[1]!./node_modules/next/dist/build/webpack/loaders/postcss-loader/src/index.js??ruleSet[1].rules[3].oneOf[10].use[2]!./node_modules/next/dist/build/webpack/loaders/resolve-url-loader/index.js??ruleSet[1].rules[3].oneOf[10].use[3]!./node_modules/next/dist/compiled/sass-loader/cjs.js??ruleSet[1].rules[3].oneOf[10].use[4]!./styles/sass/style.scss
Warning

(601:3) autoprefixer: Gradient has outdated direction syntax. New syntax is like `to left` instead of `right`.

./node_modules/next/dist/build/webpack/loaders/css-loader/src/index.js??ruleSet[1].rules[3].oneOf[10].use[1]!./node_modules/next/dist/build/webpack/loaders/postcss-loader/src/index.js??ruleSet[1].rules[3].oneOf[10].use[2]!./node_modules/next/dist/build/webpack/loaders/resolve-url-loader/index.js??ruleSet[1].rules[3].oneOf[10].use[3]!./node_modules/next/dist/compiled/sass-loader/cjs.js??ruleSet[1].rules[3].oneOf[10].use[4]!./styles/sass/style.scss
Warning

(1763:3) autoprefixer: end value has mixed support, consider using flex-end instead

./node_modules/next/dist/build/webpack/loaders/css-loader/src/index.js??ruleSet[1].rules[3].oneOf[10].use[1]!./node_modules/next/dist/build/webpack/loaders/postcss-loader/src/index.js??ruleSet[1].rules[3].oneOf[10].use[2]!./node_modules/next/dist/build/webpack/loaders/resolve-url-loader/index.js??ruleSet[1].rules[3].oneOf[10].use[3]!./node_modules/next/dist/compiled/sass-loader/cjs.js??ruleSet[1].rules[3].oneOf[10].use[4]!./styles/sass/style.scss
Warning

(1963:3) autoprefixer: end value has mixed support, consider using flex-end instead

./node_modules/next/dist/build/webpack/loaders/css-loader/src/index.js??ruleSet[1].rules[3].oneOf[10].use[1]!./node_modules/next/dist/build/webpack/loaders/postcss-loader/src/index.js??ruleSet[1].rules[3].oneOf[10].use[2]!./node_modules/next/dist/build/webpack/loaders/resolve-url-loader/index.js??ruleSet[1].rules[3].oneOf[10].use[3]!./node_modules/next/dist/compiled/sass-loader/cjs.js??ruleSet[1].rules[3].oneOf[10].use[4]!./styles/sass/style.scss
Warning

(4009:3) autoprefixer: Gradient has outdated direction syntax. New syntax is like `to left` instead of `right`.

./node_modules/next/dist/build/webpack/loaders/css-loader/src/index.js??ruleSet[1].rules[3].oneOf[10].use[1]!./node_modules/next/dist/build/webpack/loaders/postcss-loader/src/index.js??ruleSet[1].rules[3].oneOf[10].use[2]!./node_modules/next/dist/build/webpack/loaders/resolve-url-loader/index.js??ruleSet[1].rules[3].oneOf[10].use[3]!./node_modules/next/dist/compiled/sass-loader/cjs.js??ruleSet[1].rules[3].oneOf[10].use[4]!./styles/sass/style.scss
Warning

(11563:3) autoprefixer: end value has mixed support, consider using flex-end instead

./node_modules/next/dist/build/webpack/loaders/css-loader/src/index.js??ruleSet[1].rules[3].oneOf[10].use[1]!./node_modules/next/dist/build/webpack/loaders/postcss-loader/src/index.js??ruleSet[1].rules[3].oneOf[10].use[2]!./node_modules/next/dist/build/webpack/loaders/resolve-url-loader/index.js??ruleSet[1].rules[3].oneOf[10].use[3]!./node_modules/next/dist/compiled/sass-loader/cjs.js??ruleSet[1].rules[3].oneOf[10].use[4]!./styles/sass/style.scss
Warning

(13515:3) autoprefixer: end value has mixed support, consider using flex-end instead
<w> [webpack.cache.PackFileCacheStrategy] Skipped not serializable cache item 'Compilation/modules|/Users/aashishkumar/Documents/Development/innovatix/wecare/node_modules/next/dist/build/webpack/loaders/css-loader/src/index.js??ruleSet[1].rules[3].oneOf[10].use[1]!/Users/aashishkumar/Documents/Development/innovatix/wecare/node_modules/next/dist/build/webpack/loaders/postcss-loader/src/index.js??ruleSet[1].rules[3].oneOf[10].use[2]!/Users/aashishkumar/Documents/Development/innovatix/wecare/node_modules/next/dist/build/webpack/loaders/resolve-url-loader/index.js??ruleSet[1].rules[3].oneOf[10].use[3]!/Users/aashishkumar/Documents/Development/innovatix/wecare/node_modules/next/dist/compiled/sass-loader/cjs.js??ruleSet[1].rules[3].oneOf[10].use[4]!/Users/aashishkumar/Documents/Development/innovatix/wecare/styles/sass/style.scss': No serializer registered for Warning
<w> while serializing webpack/lib/cache/PackFileCacheStrategy.PackContentItems -> webpack/lib/NormalModule -> Array { 6 items } -> webpack/lib/ModuleWarning -> Warning
wait  - compiling...
warn  - ./node_modules/next/dist/build/webpack/loaders/css-loader/src/index.js??ruleSet[1].rules[3].oneOf[10].use[1]!./node_modules/next/dist/build/webpack/loaders/postcss-loader/src/index.js??ruleSet[1].rules[3].oneOf[10].use[2]!./node_modules/next/dist/build/webpack/loaders/resolve-url-loader/index.js??ruleSet[1].rules[3].oneOf[10].use[3]!./node_modules/next/dist/compiled/sass-loader/cjs.js??ruleSet[1].rules[3].oneOf[10].use[4]!./styles/sass/style.scss
Warning

(601:3) autoprefixer: Gradient has outdated direction syntax. New syntax is like `to left` instead of `right`.

./node_modules/next/dist/build/webpack/loaders/css-loader/src/index.js??ruleSet[1].rules[3].oneOf[10].use[1]!./node_modules/next/dist/build/webpack/loaders/postcss-loader/src/index.js??ruleSet[1].rules[3].oneOf[10].use[2]!./node_modules/next/dist/build/webpack/loaders/resolve-url-loader/index.js??ruleSet[1].rules[3].oneOf[10].use[3]!./node_modules/next/dist/compiled/sass-loader/cjs.js??ruleSet[1].rules[3].oneOf[10].use[4]!./styles/sass/style.scss
Warning

(1763:3) autoprefixer: end value has mixed support, consider using flex-end instead

./node_modules/next/dist/build/webpack/loaders/css-loader/src/index.js??ruleSet[1].rules[3].oneOf[10].use[1]!./node_modules/next/dist/build/webpack/loaders/postcss-loader/src/index.js??ruleSet[1].rules[3].oneOf[10].use[2]!./node_modules/next/dist/build/webpack/loaders/resolve-url-loader/index.js??ruleSet[1].rules[3].oneOf[10].use[3]!./node_modules/next/dist/compiled/sass-loader/cjs.js??ruleSet[1].rules[3].oneOf[10].use[4]!./styles/sass/style.scss
Warning

(1963:3) autoprefixer: end value has mixed support, consider using flex-end instead

./node_modules/next/dist/build/webpack/loaders/css-loader/src/index.js??ruleSet[1].rules[3].oneOf[10].use[1]!./node_modules/next/dist/build/webpack/loaders/postcss-loader/src/index.js??ruleSet[1].rules[3].oneOf[10].use[2]!./node_modules/next/dist/build/webpack/loaders/resolve-url-loader/index.js??ruleSet[1].rules[3].oneOf[10].use[3]!./node_modules/next/dist/compiled/sass-loader/cjs.js??ruleSet[1].rules[3].oneOf[10].use[4]!./styles/sass/style.scss
Warning

(4009:3) autoprefixer: Gradient has outdated direction syntax. New syntax is like `to left` instead of `right`.

./node_modules/next/dist/build/webpack/loaders/css-loader/src/index.js??ruleSet[1].rules[3].oneOf[10].use[1]!./node_modules/next/dist/build/webpack/loaders/postcss-loader/src/index.js??ruleSet[1].rules[3].oneOf[10].use[2]!./node_modules/next/dist/build/webpack/loaders/resolve-url-loader/index.js??ruleSet[1].rules[3].oneOf[10].use[3]!./node_modules/next/dist/compiled/sass-loader/cjs.js??ruleSet[1].rules[3].oneOf[10].use[4]!./styles/sass/style.scss
Warning

(11563:3) autoprefixer: end value has mixed support, consider using flex-end instead

./node_modules/next/dist/build/webpack/loaders/css-loader/src/index.js??ruleSet[1].rules[3].oneOf[10].use[1]!./node_modules/next/dist/build/webpack/loaders/postcss-loader/src/index.js??ruleSet[1].rules[3].oneOf[10].use[2]!./node_modules/next/dist/build/webpack/loaders/resolve-url-loader/index.js??ruleSet[1].rules[3].oneOf[10].use[3]!./node_modules/next/dist/compiled/sass-loader/cjs.js??ruleSet[1].rules[3].oneOf[10].use[4]!./styles/sass/style.scss
Warning

(13515:3) autoprefixer: end value has mixed support, consider using flex-end instead
wait  - compiling...
warn  - ./node_modules/next/dist/build/webpack/loaders/css-loader/src/index.js??ruleSet[1].rules[3].oneOf[10].use[1]!./node_modules/next/dist/build/webpack/loaders/postcss-loader/src/index.js??ruleSet[1].rules[3].oneOf[10].use[2]!./node_modules/next/dist/build/webpack/loaders/resolve-url-loader/index.js??ruleSet[1].rules[3].oneOf[10].use[3]!./node_modules/next/dist/compiled/sass-loader/cjs.js??ruleSet[1].rules[3].oneOf[10].use[4]!./styles/sass/style.scss
Warning

(601:3) autoprefixer: Gradient has outdated direction syntax. New syntax is like `to left` instead of `right`.

./node_modules/next/dist/build/webpack/loaders/css-loader/src/index.js??ruleSet[1].rules[3].oneOf[10].use[1]!./node_modules/next/dist/build/webpack/loaders/postcss-loader/src/index.js??ruleSet[1].rules[3].oneOf[10].use[2]!./node_modules/next/dist/build/webpack/loaders/resolve-url-loader/index.js??ruleSet[1].rules[3].oneOf[10].use[3]!./node_modules/next/dist/compiled/sass-loader/cjs.js??ruleSet[1].rules[3].oneOf[10].use[4]!./styles/sass/style.scss
Warning

(1763:3) autoprefixer: end value has mixed support, consider using flex-end instead

./node_modules/next/dist/build/webpack/loaders/css-loader/src/index.js??ruleSet[1].rules[3].oneOf[10].use[1]!./node_modules/next/dist/build/webpack/loaders/postcss-loader/src/index.js??ruleSet[1].rules[3].oneOf[10].use[2]!./node_modules/next/dist/build/webpack/loaders/resolve-url-loader/index.js??ruleSet[1].rules[3].oneOf[10].use[3]!./node_modules/next/dist/compiled/sass-loader/cjs.js??ruleSet[1].rules[3].oneOf[10].use[4]!./styles/sass/style.scss
Warning

(1963:3) autoprefixer: end value has mixed support, consider using flex-end instead

./node_modules/next/dist/build/webpack/loaders/css-loader/src/index.js??ruleSet[1].rules[3].oneOf[10].use[1]!./node_modules/next/dist/build/webpack/loaders/postcss-loader/src/index.js??ruleSet[1].rules[3].oneOf[10].use[2]!./node_modules/next/dist/build/webpack/loaders/resolve-url-loader/index.js??ruleSet[1].rules[3].oneOf[10].use[3]!./node_modules/next/dist/compiled/sass-loader/cjs.js??ruleSet[1].rules[3].oneOf[10].use[4]!./styles/sass/style.scss
Warning

(4009:3) autoprefixer: Gradient has outdated direction syntax. New syntax is like `to left` instead of `right`.

./node_modules/next/dist/build/webpack/loaders/css-loader/src/index.js??ruleSet[1].rules[3].oneOf[10].use[1]!./node_modules/next/dist/build/webpack/loaders/postcss-loader/src/index.js??ruleSet[1].rules[3].oneOf[10].use[2]!./node_modules/next/dist/build/webpack/loaders/resolve-url-loader/index.js??ruleSet[1].rules[3].oneOf[10].use[3]!./node_modules/next/dist/compiled/sass-loader/cjs.js??ruleSet[1].rules[3].oneOf[10].use[4]!./styles/sass/style.scss
Warning

(11563:3) autoprefixer: end value has mixed support, consider using flex-end instead

./node_modules/next/dist/build/webpack/loaders/css-loader/src/index.js??ruleSet[1].rules[3].oneOf[10].use[1]!./node_modules/next/dist/build/webpack/loaders/postcss-loader/src/index.js??ruleSet[1].rules[3].oneOf[10].use[2]!./node_modules/next/dist/build/webpack/loaders/resolve-url-loader/index.js??ruleSet[1].rules[3].oneOf[10].use[3]!./node_modules/next/dist/compiled/sass-loader/cjs.js??ruleSet[1].rules[3].oneOf[10].use[4]!./styles/sass/style.scss
Warning

(13515:3) autoprefixer: end value has mixed support, consider using flex-end instead
wait  - compiling...
warn  - ./node_modules/next/dist/build/webpack/loaders/css-loader/src/index.js??ruleSet[1].rules[3].oneOf[10].use[1]!./node_modules/next/dist/build/webpack/loaders/postcss-loader/src/index.js??ruleSet[1].rules[3].oneOf[10].use[2]!./node_modules/next/dist/build/webpack/loaders/resolve-url-loader/index.js??ruleSet[1].rules[3].oneOf[10].use[3]!./node_modules/next/dist/compiled/sass-loader/cjs.js??ruleSet[1].rules[3].oneOf[10].use[4]!./styles/sass/style.scss
Warning

(601:3) autoprefixer: Gradient has outdated direction syntax. New syntax is like `to left` instead of `right`.

./node_modules/next/dist/build/webpack/loaders/css-loader/src/index.js??ruleSet[1].rules[3].oneOf[10].use[1]!./node_modules/next/dist/build/webpack/loaders/postcss-loader/src/index.js??ruleSet[1].rules[3].oneOf[10].use[2]!./node_modules/next/dist/build/webpack/loaders/resolve-url-loader/index.js??ruleSet[1].rules[3].oneOf[10].use[3]!./node_modules/next/dist/compiled/sass-loader/cjs.js??ruleSet[1].rules[3].oneOf[10].use[4]!./styles/sass/style.scss
Warning

(1763:3) autoprefixer: end value has mixed support, consider using flex-end instead

./node_modules/next/dist/build/webpack/loaders/css-loader/src/index.js??ruleSet[1].rules[3].oneOf[10].use[1]!./node_modules/next/dist/build/webpack/loaders/postcss-loader/src/index.js??ruleSet[1].rules[3].oneOf[10].use[2]!./node_modules/next/dist/build/webpack/loaders/resolve-url-loader/index.js??ruleSet[1].rules[3].oneOf[10].use[3]!./node_modules/next/dist/compiled/sass-loader/cjs.js??ruleSet[1].rules[3].oneOf[10].use[4]!./styles/sass/style.scss
Warning

(1963:3) autoprefixer: end value has mixed support, consider using flex-end instead

./node_modules/next/dist/build/webpack/loaders/css-loader/src/index.js??ruleSet[1].rules[3].oneOf[10].use[1]!./node_modules/next/dist/build/webpack/loaders/postcss-loader/src/index.js??ruleSet[1].rules[3].oneOf[10].use[2]!./node_modules/next/dist/build/webpack/loaders/resolve-url-loader/index.js??ruleSet[1].rules[3].oneOf[10].use[3]!./node_modules/next/dist/compiled/sass-loader/cjs.js??ruleSet[1].rules[3].oneOf[10].use[4]!./styles/sass/style.scss
Warning

(4009:3) autoprefixer: Gradient has outdated direction syntax. New syntax is like `to left` instead of `right`.

./node_modules/next/dist/build/webpack/loaders/css-loader/src/index.js??ruleSet[1].rules[3].oneOf[10].use[1]!./node_modules/next/dist/build/webpack/loaders/postcss-loader/src/index.js??ruleSet[1].rules[3].oneOf[10].use[2]!./node_modules/next/dist/build/webpack/loaders/resolve-url-loader/index.js??ruleSet[1].rules[3].oneOf[10].use[3]!./node_modules/next/dist/compiled/sass-loader/cjs.js??ruleSet[1].rules[3].oneOf[10].use[4]!./styles/sass/style.scss
Warning

(11563:3) autoprefixer: end value has mixed support, consider using flex-end instead

./node_modules/next/dist/build/webpack/loaders/css-loader/src/index.js??ruleSet[1].rules[3].oneOf[10].use[1]!./node_modules/next/dist/build/webpack/loaders/postcss-loader/src/index.js??ruleSet[1].rules[3].oneOf[10].use[2]!./node_modules/next/dist/build/webpack/loaders/resolve-url-loader/index.js??ruleSet[1].rules[3].oneOf[10].use[3]!./node_modules/next/dist/compiled/sass-loader/cjs.js??ruleSet[1].rules[3].oneOf[10].use[4]!./styles/sass/style.scss
Warning

(13515:3) autoprefixer: end value has mixed support, consider using flex-end instead
wait  - compiling...
warn  - ./node_modules/next/dist/build/webpack/loaders/css-loader/src/index.js??ruleSet[1].rules[3].oneOf[10].use[1]!./node_modules/next/dist/build/webpack/loaders/postcss-loader/src/index.js??ruleSet[1].rules[3].oneOf[10].use[2]!./node_modules/next/dist/build/webpack/loaders/resolve-url-loader/index.js??ruleSet[1].rules[3].oneOf[10].use[3]!./node_modules/next/dist/compiled/sass-loader/cjs.js??ruleSet[1].rules[3].oneOf[10].use[4]!./styles/sass/style.scss
Warning

(601:3) autoprefixer: Gradient has outdated direction syntax. New syntax is like `to left` instead of `right`.

./node_modules/next/dist/build/webpack/loaders/css-loader/src/index.js??ruleSet[1].rules[3].oneOf[10].use[1]!./node_modules/next/dist/build/webpack/loaders/postcss-loader/src/index.js??ruleSet[1].rules[3].oneOf[10].use[2]!./node_modules/next/dist/build/webpack/loaders/resolve-url-loader/index.js??ruleSet[1].rules[3].oneOf[10].use[3]!./node_modules/next/dist/compiled/sass-loader/cjs.js??ruleSet[1].rules[3].oneOf[10].use[4]!./styles/sass/style.scss
Warning

(1763:3) autoprefixer: end value has mixed support, consider using flex-end instead

./node_modules/next/dist/build/webpack/loaders/css-loader/src/index.js??ruleSet[1].rules[3].oneOf[10].use[1]!./node_modules/next/dist/build/webpack/loaders/postcss-loader/src/index.js??ruleSet[1].rules[3].oneOf[10].use[2]!./node_modules/next/dist/build/webpack/loaders/resolve-url-loader/index.js??ruleSet[1].rules[3].oneOf[10].use[3]!./node_modules/next/dist/compiled/sass-loader/cjs.js??ruleSet[1].rules[3].oneOf[10].use[4]!./styles/sass/style.scss
Warning

(1963:3) autoprefixer: end value has mixed support, consider using flex-end instead

./node_modules/next/dist/build/webpack/loaders/css-loader/src/index.js??ruleSet[1].rules[3].oneOf[10].use[1]!./node_modules/next/dist/build/webpack/loaders/postcss-loader/src/index.js??ruleSet[1].rules[3].oneOf[10].use[2]!./node_modules/next/dist/build/webpack/loaders/resolve-url-loader/index.js??ruleSet[1].rules[3].oneOf[10].use[3]!./node_modules/next/dist/compiled/sass-loader/cjs.js??ruleSet[1].rules[3].oneOf[10].use[4]!./styles/sass/style.scss
Warning

(4009:3) autoprefixer: Gradient has outdated direction syntax. New syntax is like `to left` instead of `right`.

./node_modules/next/dist/build/webpack/loaders/css-loader/src/index.js??ruleSet[1].rules[3].oneOf[10].use[1]!./node_modules/next/dist/build/webpack/loaders/postcss-loader/src/index.js??ruleSet[1].rules[3].oneOf[10].use[2]!./node_modules/next/dist/build/webpack/loaders/resolve-url-loader/index.js??ruleSet[1].rules[3].oneOf[10].use[3]!./node_modules/next/dist/compiled/sass-loader/cjs.js??ruleSet[1].rules[3].oneOf[10].use[4]!./styles/sass/style.scss
Warning

(11563:3) autoprefixer: end value has mixed support, consider using flex-end instead

./node_modules/next/dist/build/webpack/loaders/css-loader/src/index.js??ruleSet[1].rules[3].oneOf[10].use[1]!./node_modules/next/dist/build/webpack/loaders/postcss-loader/src/index.js??ruleSet[1].rules[3].oneOf[10].use[2]!./node_modules/next/dist/build/webpack/loaders/resolve-url-loader/index.js??ruleSet[1].rules[3].oneOf[10].use[3]!./node_modules/next/dist/compiled/sass-loader/cjs.js??ruleSet[1].rules[3].oneOf[10].use[4]!./styles/sass/style.scss
Warning

(13515:3) autoprefixer: end value has mixed support, consider using flex-end instead
wait  - compiling...
warn  - ./node_modules/next/dist/build/webpack/loaders/css-loader/src/index.js??ruleSet[1].rules[3].oneOf[10].use[1]!./node_modules/next/dist/build/webpack/loaders/postcss-loader/src/index.js??ruleSet[1].rules[3].oneOf[10].use[2]!./node_modules/next/dist/build/webpack/loaders/resolve-url-loader/index.js??ruleSet[1].rules[3].oneOf[10].use[3]!./node_modules/next/dist/compiled/sass-loader/cjs.js??ruleSet[1].rules[3].oneOf[10].use[4]!./styles/sass/style.scss
Warning

(601:3) autoprefixer: Gradient has outdated direction syntax. New syntax is like `to left` instead of `right`.

./node_modules/next/dist/build/webpack/loaders/css-loader/src/index.js??ruleSet[1].rules[3].oneOf[10].use[1]!./node_modules/next/dist/build/webpack/loaders/postcss-loader/src/index.js??ruleSet[1].rules[3].oneOf[10].use[2]!./node_modules/next/dist/build/webpack/loaders/resolve-url-loader/index.js??ruleSet[1].rules[3].oneOf[10].use[3]!./node_modules/next/dist/compiled/sass-loader/cjs.js??ruleSet[1].rules[3].oneOf[10].use[4]!./styles/sass/style.scss
Warning

(1763:3) autoprefixer: end value has mixed support, consider using flex-end instead

./node_modules/next/dist/build/webpack/loaders/css-loader/src/index.js??ruleSet[1].rules[3].oneOf[10].use[1]!./node_modules/next/dist/build/webpack/loaders/postcss-loader/src/index.js??ruleSet[1].rules[3].oneOf[10].use[2]!./node_modules/next/dist/build/webpack/loaders/resolve-url-loader/index.js??ruleSet[1].rules[3].oneOf[10].use[3]!./node_modules/next/dist/compiled/sass-loader/cjs.js??ruleSet[1].rules[3].oneOf[10].use[4]!./styles/sass/style.scss
Warning

(1963:3) autoprefixer: end value has mixed support, consider using flex-end instead

./node_modules/next/dist/build/webpack/loaders/css-loader/src/index.js??ruleSet[1].rules[3].oneOf[10].use[1]!./node_modules/next/dist/build/webpack/loaders/postcss-loader/src/index.js??ruleSet[1].rules[3].oneOf[10].use[2]!./node_modules/next/dist/build/webpack/loaders/resolve-url-loader/index.js??ruleSet[1].rules[3].oneOf[10].use[3]!./node_modules/next/dist/compiled/sass-loader/cjs.js??ruleSet[1].rules[3].oneOf[10].use[4]!./styles/sass/style.scss
Warning

(4009:3) autoprefixer: Gradient has outdated direction syntax. New syntax is like `to left` instead of `right`.

./node_modules/next/dist/build/webpack/loaders/css-loader/src/index.js??ruleSet[1].rules[3].oneOf[10].use[1]!./node_modules/next/dist/build/webpack/loaders/postcss-loader/src/index.js??ruleSet[1].rules[3].oneOf[10].use[2]!./node_modules/next/dist/build/webpack/loaders/resolve-url-loader/index.js??ruleSet[1].rules[3].oneOf[10].use[3]!./node_modules/next/dist/compiled/sass-loader/cjs.js??ruleSet[1].rules[3].oneOf[10].use[4]!./styles/sass/style.scss
Warning

(11563:3) autoprefixer: end value has mixed support, consider using flex-end instead

./node_modules/next/dist/build/webpack/loaders/css-loader/src/index.js??ruleSet[1].rules[3].oneOf[10].use[1]!./node_modules/next/dist/build/webpack/loaders/postcss-loader/src/index.js??ruleSet[1].rules[3].oneOf[10].use[2]!./node_modules/next/dist/build/webpack/loaders/resolve-url-loader/index.js??ruleSet[1].rules[3].oneOf[10].use[3]!./node_modules/next/dist/compiled/sass-loader/cjs.js??ruleSet[1].rules[3].oneOf[10].use[4]!./styles/sass/style.scss
Warning

(13515:3) autoprefixer: end value has mixed support, consider using flex-end instead
wait  - compiling...
warn  - ./node_modules/next/dist/build/webpack/loaders/css-loader/src/index.js??ruleSet[1].rules[3].oneOf[10].use[1]!./node_modules/next/dist/build/webpack/loaders/postcss-loader/src/index.js??ruleSet[1].rules[3].oneOf[10].use[2]!./node_modules/next/dist/build/webpack/loaders/resolve-url-loader/index.js??ruleSet[1].rules[3].oneOf[10].use[3]!./node_modules/next/dist/compiled/sass-loader/cjs.js??ruleSet[1].rules[3].oneOf[10].use[4]!./styles/sass/style.scss
Warning

(601:3) autoprefixer: Gradient has outdated direction syntax. New syntax is like `to left` instead of `right`.

./node_modules/next/dist/build/webpack/loaders/css-loader/src/index.js??ruleSet[1].rules[3].oneOf[10].use[1]!./node_modules/next/dist/build/webpack/loaders/postcss-loader/src/index.js??ruleSet[1].rules[3].oneOf[10].use[2]!./node_modules/next/dist/build/webpack/loaders/resolve-url-loader/index.js??ruleSet[1].rules[3].oneOf[10].use[3]!./node_modules/next/dist/compiled/sass-loader/cjs.js??ruleSet[1].rules[3].oneOf[10].use[4]!./styles/sass/style.scss
Warning

(1763:3) autoprefixer: end value has mixed support, consider using flex-end instead

./node_modules/next/dist/build/webpack/loaders/css-loader/src/index.js??ruleSet[1].rules[3].oneOf[10].use[1]!./node_modules/next/dist/build/webpack/loaders/postcss-loader/src/index.js??ruleSet[1].rules[3].oneOf[10].use[2]!./node_modules/next/dist/build/webpack/loaders/resolve-url-loader/index.js??ruleSet[1].rules[3].oneOf[10].use[3]!./node_modules/next/dist/compiled/sass-loader/cjs.js??ruleSet[1].rules[3].oneOf[10].use[4]!./styles/sass/style.scss
Warning

(1963:3) autoprefixer: end value has mixed support, consider using flex-end instead

./node_modules/next/dist/build/webpack/loaders/css-loader/src/index.js??ruleSet[1].rules[3].oneOf[10].use[1]!./node_modules/next/dist/build/webpack/loaders/postcss-loader/src/index.js??ruleSet[1].rules[3].oneOf[10].use[2]!./node_modules/next/dist/build/webpack/loaders/resolve-url-loader/index.js??ruleSet[1].rules[3].oneOf[10].use[3]!./node_modules/next/dist/compiled/sass-loader/cjs.js??ruleSet[1].rules[3].oneOf[10].use[4]!./styles/sass/style.scss
Warning

(4009:3) autoprefixer: Gradient has outdated direction syntax. New syntax is like `to left` instead of `right`.

./node_modules/next/dist/build/webpack/loaders/css-loader/src/index.js??ruleSet[1].rules[3].oneOf[10].use[1]!./node_modules/next/dist/build/webpack/loaders/postcss-loader/src/index.js??ruleSet[1].rules[3].oneOf[10].use[2]!./node_modules/next/dist/build/webpack/loaders/resolve-url-loader/index.js??ruleSet[1].rules[3].oneOf[10].use[3]!./node_modules/next/dist/compiled/sass-loader/cjs.js??ruleSet[1].rules[3].oneOf[10].use[4]!./styles/sass/style.scss
Warning

(11563:3) autoprefixer: end value has mixed support, consider using flex-end instead

./node_modules/next/dist/build/webpack/loaders/css-loader/src/index.js??ruleSet[1].rules[3].oneOf[10].use[1]!./node_modules/next/dist/build/webpack/loaders/postcss-loader/src/index.js??ruleSet[1].rules[3].oneOf[10].use[2]!./node_modules/next/dist/build/webpack/loaders/resolve-url-loader/index.js??ruleSet[1].rules[3].oneOf[10].use[3]!./node_modules/next/dist/compiled/sass-loader/cjs.js??ruleSet[1].rules[3].oneOf[10].use[4]!./styles/sass/style.scss
Warning

(13515:3) autoprefixer: end value has mixed support, consider using flex-end instead
warn  - ./node_modules/next/dist/build/webpack/loaders/css-loader/src/index.js??ruleSet[1].rules[3].oneOf[10].use[1]!./node_modules/next/dist/build/webpack/loaders/postcss-loader/src/index.js??ruleSet[1].rules[3].oneOf[10].use[2]!./node_modules/next/dist/build/webpack/loaders/resolve-url-loader/index.js??ruleSet[1].rules[3].oneOf[10].use[3]!./node_modules/next/dist/compiled/sass-loader/cjs.js??ruleSet[1].rules[3].oneOf[10].use[4]!./styles/sass/style.scss
Warning

(601:3) autoprefixer: Gradient has outdated direction syntax. New syntax is like `to left` instead of `right`.

./node_modules/next/dist/build/webpack/loaders/css-loader/src/index.js??ruleSet[1].rules[3].oneOf[10].use[1]!./node_modules/next/dist/build/webpack/loaders/postcss-loader/src/index.js??ruleSet[1].rules[3].oneOf[10].use[2]!./node_modules/next/dist/build/webpack/loaders/resolve-url-loader/index.js??ruleSet[1].rules[3].oneOf[10].use[3]!./node_modules/next/dist/compiled/sass-loader/cjs.js??ruleSet[1].rules[3].oneOf[10].use[4]!./styles/sass/style.scss
Warning

(1763:3) autoprefixer: end value has mixed support, consider using flex-end instead

./node_modules/next/dist/build/webpack/loaders/css-loader/src/index.js??ruleSet[1].rules[3].oneOf[10].use[1]!./node_modules/next/dist/build/webpack/loaders/postcss-loader/src/index.js??ruleSet[1].rules[3].oneOf[10].use[2]!./node_modules/next/dist/build/webpack/loaders/resolve-url-loader/index.js??ruleSet[1].rules[3].oneOf[10].use[3]!./node_modules/next/dist/compiled/sass-loader/cjs.js??ruleSet[1].rules[3].oneOf[10].use[4]!./styles/sass/style.scss
Warning

(1963:3) autoprefixer: end value has mixed support, consider using flex-end instead

./node_modules/next/dist/build/webpack/loaders/css-loader/src/index.js??ruleSet[1].rules[3].oneOf[10].use[1]!./node_modules/next/dist/build/webpack/loaders/postcss-loader/src/index.js??ruleSet[1].rules[3].oneOf[10].use[2]!./node_modules/next/dist/build/webpack/loaders/resolve-url-loader/index.js??ruleSet[1].rules[3].oneOf[10].use[3]!./node_modules/next/dist/compiled/sass-loader/cjs.js??ruleSet[1].rules[3].oneOf[10].use[4]!./styles/sass/style.scss
Warning

(4009:3) autoprefixer: Gradient has outdated direction syntax. New syntax is like `to left` instead of `right`.

./node_modules/next/dist/build/webpack/loaders/css-loader/src/index.js??ruleSet[1].rules[3].oneOf[10].use[1]!./node_modules/next/dist/build/webpack/loaders/postcss-loader/src/index.js??ruleSet[1].rules[3].oneOf[10].use[2]!./node_modules/next/dist/build/webpack/loaders/resolve-url-loader/index.js??ruleSet[1].rules[3].oneOf[10].use[3]!./node_modules/next/dist/compiled/sass-loader/cjs.js??ruleSet[1].rules[3].oneOf[10].use[4]!./styles/sass/style.scss
Warning

(11563:3) autoprefixer: end value has mixed support, consider using flex-end instead

./node_modules/next/dist/build/webpack/loaders/css-loader/src/index.js??ruleSet[1].rules[3].oneOf[10].use[1]!./node_modules/next/dist/build/webpack/loaders/postcss-loader/src/index.js??ruleSet[1].rules[3].oneOf[10].use[2]!./node_modules/next/dist/build/webpack/loaders/resolve-url-loader/index.js??ruleSet[1].rules[3].oneOf[10].use[3]!./node_modules/next/dist/compiled/sass-loader/cjs.js??ruleSet[1].rules[3].oneOf[10].use[4]!./styles/sass/style.scss
Warning

(13515:3) autoprefixer: end value has mixed support, consider using flex-end instead
wait  - compiling /404 (client and server)...
warn  - ./node_modules/next/dist/build/webpack/loaders/css-loader/src/index.js??ruleSet[1].rules[3].oneOf[10].use[1]!./node_modules/next/dist/build/webpack/loaders/postcss-loader/src/index.js??ruleSet[1].rules[3].oneOf[10].use[2]!./node_modules/next/dist/build/webpack/loaders/resolve-url-loader/index.js??ruleSet[1].rules[3].oneOf[10].use[3]!./node_modules/next/dist/compiled/sass-loader/cjs.js??ruleSet[1].rules[3].oneOf[10].use[4]!./styles/sass/style.scss
Warning

(601:3) autoprefixer: Gradient has outdated direction syntax. New syntax is like `to left` instead of `right`.

./node_modules/next/dist/build/webpack/loaders/css-loader/src/index.js??ruleSet[1].rules[3].oneOf[10].use[1]!./node_modules/next/dist/build/webpack/loaders/postcss-loader/src/index.js??ruleSet[1].rules[3].oneOf[10].use[2]!./node_modules/next/dist/build/webpack/loaders/resolve-url-loader/index.js??ruleSet[1].rules[3].oneOf[10].use[3]!./node_modules/next/dist/compiled/sass-loader/cjs.js??ruleSet[1].rules[3].oneOf[10].use[4]!./styles/sass/style.scss
Warning

(1763:3) autoprefixer: end value has mixed support, consider using flex-end instead

./node_modules/next/dist/build/webpack/loaders/css-loader/src/index.js??ruleSet[1].rules[3].oneOf[10].use[1]!./node_modules/next/dist/build/webpack/loaders/postcss-loader/src/index.js??ruleSet[1].rules[3].oneOf[10].use[2]!./node_modules/next/dist/build/webpack/loaders/resolve-url-loader/index.js??ruleSet[1].rules[3].oneOf[10].use[3]!./node_modules/next/dist/compiled/sass-loader/cjs.js??ruleSet[1].rules[3].oneOf[10].use[4]!./styles/sass/style.scss
Warning

(1963:3) autoprefixer: end value has mixed support, consider using flex-end instead

./node_modules/next/dist/build/webpack/loaders/css-loader/src/index.js??ruleSet[1].rules[3].oneOf[10].use[1]!./node_modules/next/dist/build/webpack/loaders/postcss-loader/src/index.js??ruleSet[1].rules[3].oneOf[10].use[2]!./node_modules/next/dist/build/webpack/loaders/resolve-url-loader/index.js??ruleSet[1].rules[3].oneOf[10].use[3]!./node_modules/next/dist/compiled/sass-loader/cjs.js??ruleSet[1].rules[3].oneOf[10].use[4]!./styles/sass/style.scss
Warning

(4009:3) autoprefixer: Gradient has outdated direction syntax. New syntax is like `to left` instead of `right`.

./node_modules/next/dist/build/webpack/loaders/css-loader/src/index.js??ruleSet[1].rules[3].oneOf[10].use[1]!./node_modules/next/dist/build/webpack/loaders/postcss-loader/src/index.js??ruleSet[1].rules[3].oneOf[10].use[2]!./node_modules/next/dist/build/webpack/loaders/resolve-url-loader/index.js??ruleSet[1].rules[3].oneOf[10].use[3]!./node_modules/next/dist/compiled/sass-loader/cjs.js??ruleSet[1].rules[3].oneOf[10].use[4]!./styles/sass/style.scss
Warning

(11563:3) autoprefixer: end value has mixed support, consider using flex-end instead

./node_modules/next/dist/build/webpack/loaders/css-loader/src/index.js??ruleSet[1].rules[3].oneOf[10].use[1]!./node_modules/next/dist/build/webpack/loaders/postcss-loader/src/index.js??ruleSet[1].rules[3].oneOf[10].use[2]!./node_modules/next/dist/build/webpack/loaders/resolve-url-loader/index.js??ruleSet[1].rules[3].oneOf[10].use[3]!./node_modules/next/dist/compiled/sass-loader/cjs.js??ruleSet[1].rules[3].oneOf[10].use[4]!./styles/sass/style.scss
Warning

(13515:3) autoprefixer: end value has mixed support, consider using flex-end instead
wait  - compiling...
warn  - ./node_modules/next/dist/build/webpack/loaders/css-loader/src/index.js??ruleSet[1].rules[3].oneOf[10].use[1]!./node_modules/next/dist/build/webpack/loaders/postcss-loader/src/index.js??ruleSet[1].rules[3].oneOf[10].use[2]!./node_modules/next/dist/build/webpack/loaders/resolve-url-loader/index.js??ruleSet[1].rules[3].oneOf[10].use[3]!./node_modules/next/dist/compiled/sass-loader/cjs.js??ruleSet[1].rules[3].oneOf[10].use[4]!./styles/sass/style.scss
Warning

(601:3) autoprefixer: Gradient has outdated direction syntax. New syntax is like `to left` instead of `right`.

./node_modules/next/dist/build/webpack/loaders/css-loader/src/index.js??ruleSet[1].rules[3].oneOf[10].use[1]!./node_modules/next/dist/build/webpack/loaders/postcss-loader/src/index.js??ruleSet[1].rules[3].oneOf[10].use[2]!./node_modules/next/dist/build/webpack/loaders/resolve-url-loader/index.js??ruleSet[1].rules[3].oneOf[10].use[3]!./node_modules/next/dist/compiled/sass-loader/cjs.js??ruleSet[1].rules[3].oneOf[10].use[4]!./styles/sass/style.scss
Warning

(1763:3) autoprefixer: end value has mixed support, consider using flex-end instead

./node_modules/next/dist/build/webpack/loaders/css-loader/src/index.js??ruleSet[1].rules[3].oneOf[10].use[1]!./node_modules/next/dist/build/webpack/loaders/postcss-loader/src/index.js??ruleSet[1].rules[3].oneOf[10].use[2]!./node_modules/next/dist/build/webpack/loaders/resolve-url-loader/index.js??ruleSet[1].rules[3].oneOf[10].use[3]!./node_modules/next/dist/compiled/sass-loader/cjs.js??ruleSet[1].rules[3].oneOf[10].use[4]!./styles/sass/style.scss
Warning

(1963:3) autoprefixer: end value has mixed support, consider using flex-end instead

./node_modules/next/dist/build/webpack/loaders/css-loader/src/index.js??ruleSet[1].rules[3].oneOf[10].use[1]!./node_modules/next/dist/build/webpack/loaders/postcss-loader/src/index.js??ruleSet[1].rules[3].oneOf[10].use[2]!./node_modules/next/dist/build/webpack/loaders/resolve-url-loader/index.js??ruleSet[1].rules[3].oneOf[10].use[3]!./node_modules/next/dist/compiled/sass-loader/cjs.js??ruleSet[1].rules[3].oneOf[10].use[4]!./styles/sass/style.scss
Warning

(4009:3) autoprefixer: Gradient has outdated direction syntax. New syntax is like `to left` instead of `right`.

./node_modules/next/dist/build/webpack/loaders/css-loader/src/index.js??ruleSet[1].rules[3].oneOf[10].use[1]!./node_modules/next/dist/build/webpack/loaders/postcss-loader/src/index.js??ruleSet[1].rules[3].oneOf[10].use[2]!./node_modules/next/dist/build/webpack/loaders/resolve-url-loader/index.js??ruleSet[1].rules[3].oneOf[10].use[3]!./node_modules/next/dist/compiled/sass-loader/cjs.js??ruleSet[1].rules[3].oneOf[10].use[4]!./styles/sass/style.scss
Warning

(11563:3) autoprefixer: end value has mixed support, consider using flex-end instead

./node_modules/next/dist/build/webpack/loaders/css-loader/src/index.js??ruleSet[1].rules[3].oneOf[10].use[1]!./node_modules/next/dist/build/webpack/loaders/postcss-loader/src/index.js??ruleSet[1].rules[3].oneOf[10].use[2]!./node_modules/next/dist/build/webpack/loaders/resolve-url-loader/index.js??ruleSet[1].rules[3].oneOf[10].use[3]!./node_modules/next/dist/compiled/sass-loader/cjs.js??ruleSet[1].rules[3].oneOf[10].use[4]!./styles/sass/style.scss
Warning

(13515:3) autoprefixer: end value has mixed support, consider using flex-end instead
warn  - ./node_modules/next/dist/build/webpack/loaders/css-loader/src/index.js??ruleSet[1].rules[3].oneOf[10].use[1]!./node_modules/next/dist/build/webpack/loaders/postcss-loader/src/index.js??ruleSet[1].rules[3].oneOf[10].use[2]!./node_modules/next/dist/build/webpack/loaders/resolve-url-loader/index.js??ruleSet[1].rules[3].oneOf[10].use[3]!./node_modules/next/dist/compiled/sass-loader/cjs.js??ruleSet[1].rules[3].oneOf[10].use[4]!./styles/sass/style.scss
Warning

(601:3) autoprefixer: Gradient has outdated direction syntax. New syntax is like `to left` instead of `right`.

./node_modules/next/dist/build/webpack/loaders/css-loader/src/index.js??ruleSet[1].rules[3].oneOf[10].use[1]!./node_modules/next/dist/build/webpack/loaders/postcss-loader/src/index.js??ruleSet[1].rules[3].oneOf[10].use[2]!./node_modules/next/dist/build/webpack/loaders/resolve-url-loader/index.js??ruleSet[1].rules[3].oneOf[10].use[3]!./node_modules/next/dist/compiled/sass-loader/cjs.js??ruleSet[1].rules[3].oneOf[10].use[4]!./styles/sass/style.scss
Warning

(1763:3) autoprefixer: end value has mixed support, consider using flex-end instead

./node_modules/next/dist/build/webpack/loaders/css-loader/src/index.js??ruleSet[1].rules[3].oneOf[10].use[1]!./node_modules/next/dist/build/webpack/loaders/postcss-loader/src/index.js??ruleSet[1].rules[3].oneOf[10].use[2]!./node_modules/next/dist/build/webpack/loaders/resolve-url-loader/index.js??ruleSet[1].rules[3].oneOf[10].use[3]!./node_modules/next/dist/compiled/sass-loader/cjs.js??ruleSet[1].rules[3].oneOf[10].use[4]!./styles/sass/style.scss
Warning

(1963:3) autoprefixer: end value has mixed support, consider using flex-end instead

./node_modules/next/dist/build/webpack/loaders/css-loader/src/index.js??ruleSet[1].rules[3].oneOf[10].use[1]!./node_modules/next/dist/build/webpack/loaders/postcss-loader/src/index.js??ruleSet[1].rules[3].oneOf[10].use[2]!./node_modules/next/dist/build/webpack/loaders/resolve-url-loader/index.js??ruleSet[1].rules[3].oneOf[10].use[3]!./node_modules/next/dist/compiled/sass-loader/cjs.js??ruleSet[1].rules[3].oneOf[10].use[4]!./styles/sass/style.scss
Warning

(4009:3) autoprefixer: Gradient has outdated direction syntax. New syntax is like `to left` instead of `right`.

./node_modules/next/dist/build/webpack/loaders/css-loader/src/index.js??ruleSet[1].rules[3].oneOf[10].use[1]!./node_modules/next/dist/build/webpack/loaders/postcss-loader/src/index.js??ruleSet[1].rules[3].oneOf[10].use[2]!./node_modules/next/dist/build/webpack/loaders/resolve-url-loader/index.js??ruleSet[1].rules[3].oneOf[10].use[3]!./node_modules/next/dist/compiled/sass-loader/cjs.js??ruleSet[1].rules[3].oneOf[10].use[4]!./styles/sass/style.scss
Warning

(11563:3) autoprefixer: end value has mixed support, consider using flex-end instead

./node_modules/next/dist/build/webpack/loaders/css-loader/src/index.js??ruleSet[1].rules[3].oneOf[10].use[1]!./node_modules/next/dist/build/webpack/loaders/postcss-loader/src/index.js??ruleSet[1].rules[3].oneOf[10].use[2]!./node_modules/next/dist/build/webpack/loaders/resolve-url-loader/index.js??ruleSet[1].rules[3].oneOf[10].use[3]!./node_modules/next/dist/compiled/sass-loader/cjs.js??ruleSet[1].rules[3].oneOf[10].use[4]!./styles/sass/style.scss
Warning

(13515:3) autoprefixer: end value has mixed support, consider using flex-end instead
wait  - compiling /about...
warn  - ./node_modules/next/dist/build/webpack/loaders/css-loader/src/index.js??ruleSet[1].rules[3].oneOf[10].use[1]!./node_modules/next/dist/build/webpack/loaders/postcss-loader/src/index.js??ruleSet[1].rules[3].oneOf[10].use[2]!./node_modules/next/dist/build/webpack/loaders/resolve-url-loader/index.js??ruleSet[1].rules[3].oneOf[10].use[3]!./node_modules/next/dist/compiled/sass-loader/cjs.js??ruleSet[1].rules[3].oneOf[10].use[4]!./styles/sass/style.scss
Warning

(601:3) autoprefixer: Gradient has outdated direction syntax. New syntax is like `to left` instead of `right`.

./node_modules/next/dist/build/webpack/loaders/css-loader/src/index.js??ruleSet[1].rules[3].oneOf[10].use[1]!./node_modules/next/dist/build/webpack/loaders/postcss-loader/src/index.js??ruleSet[1].rules[3].oneOf[10].use[2]!./node_modules/next/dist/build/webpack/loaders/resolve-url-loader/index.js??ruleSet[1].rules[3].oneOf[10].use[3]!./node_modules/next/dist/compiled/sass-loader/cjs.js??ruleSet[1].rules[3].oneOf[10].use[4]!./styles/sass/style.scss
Warning

(1763:3) autoprefixer: end value has mixed support, consider using flex-end instead

./node_modules/next/dist/build/webpack/loaders/css-loader/src/index.js??ruleSet[1].rules[3].oneOf[10].use[1]!./node_modules/next/dist/build/webpack/loaders/postcss-loader/src/index.js??ruleSet[1].rules[3].oneOf[10].use[2]!./node_modules/next/dist/build/webpack/loaders/resolve-url-loader/index.js??ruleSet[1].rules[3].oneOf[10].use[3]!./node_modules/next/dist/compiled/sass-loader/cjs.js??ruleSet[1].rules[3].oneOf[10].use[4]!./styles/sass/style.scss
Warning

(1963:3) autoprefixer: end value has mixed support, consider using flex-end instead

./node_modules/next/dist/build/webpack/loaders/css-loader/src/index.js??ruleSet[1].rules[3].oneOf[10].use[1]!./node_modules/next/dist/build/webpack/loaders/postcss-loader/src/index.js??ruleSet[1].rules[3].oneOf[10].use[2]!./node_modules/next/dist/build/webpack/loaders/resolve-url-loader/index.js??ruleSet[1].rules[3].oneOf[10].use[3]!./node_modules/next/dist/compiled/sass-loader/cjs.js??ruleSet[1].rules[3].oneOf[10].use[4]!./styles/sass/style.scss
Warning

(4009:3) autoprefixer: Gradient has outdated direction syntax. New syntax is like `to left` instead of `right`.

./node_modules/next/dist/build/webpack/loaders/css-loader/src/index.js??ruleSet[1].rules[3].oneOf[10].use[1]!./node_modules/next/dist/build/webpack/loaders/postcss-loader/src/index.js??ruleSet[1].rules[3].oneOf[10].use[2]!./node_modules/next/dist/build/webpack/loaders/resolve-url-loader/index.js??ruleSet[1].rules[3].oneOf[10].use[3]!./node_modules/next/dist/compiled/sass-loader/cjs.js??ruleSet[1].rules[3].oneOf[10].use[4]!./styles/sass/style.scss
Warning

(11563:3) autoprefixer: end value has mixed support, consider using flex-end instead

./node_modules/next/dist/build/webpack/loaders/css-loader/src/index.js??ruleSet[1].rules[3].oneOf[10].use[1]!./node_modules/next/dist/build/webpack/loaders/postcss-loader/src/index.js??ruleSet[1].rules[3].oneOf[10].use[2]!./node_modules/next/dist/build/webpack/loaders/resolve-url-loader/index.js??ruleSet[1].rules[3].oneOf[10].use[3]!./node_modules/next/dist/compiled/sass-loader/cjs.js??ruleSet[1].rules[3].oneOf[10].use[4]!./styles/sass/style.scss
Warning

(13515:3) autoprefixer: end value has mixed support, consider using flex-end instead
warn  - ./node_modules/next/dist/build/webpack/loaders/css-loader/src/index.js??ruleSet[1].rules[3].oneOf[10].use[1]!./node_modules/next/dist/build/webpack/loaders/postcss-loader/src/index.js??ruleSet[1].rules[3].oneOf[10].use[2]!./node_modules/next/dist/build/webpack/loaders/resolve-url-loader/index.js??ruleSet[1].rules[3].oneOf[10].use[3]!./node_modules/next/dist/compiled/sass-loader/cjs.js??ruleSet[1].rules[3].oneOf[10].use[4]!./styles/sass/style.scss
Warning

(601:3) autoprefixer: Gradient has outdated direction syntax. New syntax is like `to left` instead of `right`.

./node_modules/next/dist/build/webpack/loaders/css-loader/src/index.js??ruleSet[1].rules[3].oneOf[10].use[1]!./node_modules/next/dist/build/webpack/loaders/postcss-loader/src/index.js??ruleSet[1].rules[3].oneOf[10].use[2]!./node_modules/next/dist/build/webpack/loaders/resolve-url-loader/index.js??ruleSet[1].rules[3].oneOf[10].use[3]!./node_modules/next/dist/compiled/sass-loader/cjs.js??ruleSet[1].rules[3].oneOf[10].use[4]!./styles/sass/style.scss
Warning

(1763:3) autoprefixer: end value has mixed support, consider using flex-end instead

./node_modules/next/dist/build/webpack/loaders/css-loader/src/index.js??ruleSet[1].rules[3].oneOf[10].use[1]!./node_modules/next/dist/build/webpack/loaders/postcss-loader/src/index.js??ruleSet[1].rules[3].oneOf[10].use[2]!./node_modules/next/dist/build/webpack/loaders/resolve-url-loader/index.js??ruleSet[1].rules[3].oneOf[10].use[3]!./node_modules/next/dist/compiled/sass-loader/cjs.js??ruleSet[1].rules[3].oneOf[10].use[4]!./styles/sass/style.scss
Warning

(1963:3) autoprefixer: end value has mixed support, consider using flex-end instead

./node_modules/next/dist/build/webpack/loaders/css-loader/src/index.js??ruleSet[1].rules[3].oneOf[10].use[1]!./node_modules/next/dist/build/webpack/loaders/postcss-loader/src/index.js??ruleSet[1].rules[3].oneOf[10].use[2]!./node_modules/next/dist/build/webpack/loaders/resolve-url-loader/index.js??ruleSet[1].rules[3].oneOf[10].use[3]!./node_modules/next/dist/compiled/sass-loader/cjs.js??ruleSet[1].rules[3].oneOf[10].use[4]!./styles/sass/style.scss
Warning

(4009:3) autoprefixer: Gradient has outdated direction syntax. New syntax is like `to left` instead of `right`.

./node_modules/next/dist/build/webpack/loaders/css-loader/src/index.js??ruleSet[1].rules[3].oneOf[10].use[1]!./node_modules/next/dist/build/webpack/loaders/postcss-loader/src/index.js??ruleSet[1].rules[3].oneOf[10].use[2]!./node_modules/next/dist/build/webpack/loaders/resolve-url-loader/index.js??ruleSet[1].rules[3].oneOf[10].use[3]!./node_modules/next/dist/compiled/sass-loader/cjs.js??ruleSet[1].rules[3].oneOf[10].use[4]!./styles/sass/style.scss
Warning

(11563:3) autoprefixer: end value has mixed support, consider using flex-end instead

./node_modules/next/dist/build/webpack/loaders/css-loader/src/index.js??ruleSet[1].rules[3].oneOf[10].use[1]!./node_modules/next/dist/build/webpack/loaders/postcss-loader/src/index.js??ruleSet[1].rules[3].oneOf[10].use[2]!./node_modules/next/dist/build/webpack/loaders/resolve-url-loader/index.js??ruleSet[1].rules[3].oneOf[10].use[3]!./node_modules/next/dist/compiled/sass-loader/cjs.js??ruleSet[1].rules[3].oneOf[10].use[4]!./styles/sass/style.scss
Warning

(13515:3) autoprefixer: end value has mixed support, consider using flex-end instead
wait  - compiling /404 (client and server)...
warn  - ./node_modules/next/dist/build/webpack/loaders/css-loader/src/index.js??ruleSet[1].rules[3].oneOf[10].use[1]!./node_modules/next/dist/build/webpack/loaders/postcss-loader/src/index.js??ruleSet[1].rules[3].oneOf[10].use[2]!./node_modules/next/dist/build/webpack/loaders/resolve-url-loader/index.js??ruleSet[1].rules[3].oneOf[10].use[3]!./node_modules/next/dist/compiled/sass-loader/cjs.js??ruleSet[1].rules[3].oneOf[10].use[4]!./styles/sass/style.scss
Warning

(601:3) autoprefixer: Gradient has outdated direction syntax. New syntax is like `to left` instead of `right`.

./node_modules/next/dist/build/webpack/loaders/css-loader/src/index.js??ruleSet[1].rules[3].oneOf[10].use[1]!./node_modules/next/dist/build/webpack/loaders/postcss-loader/src/index.js??ruleSet[1].rules[3].oneOf[10].use[2]!./node_modules/next/dist/build/webpack/loaders/resolve-url-loader/index.js??ruleSet[1].rules[3].oneOf[10].use[3]!./node_modules/next/dist/compiled/sass-loader/cjs.js??ruleSet[1].rules[3].oneOf[10].use[4]!./styles/sass/style.scss
Warning

(1763:3) autoprefixer: end value has mixed support, consider using flex-end instead

./node_modules/next/dist/build/webpack/loaders/css-loader/src/index.js??ruleSet[1].rules[3].oneOf[10].use[1]!./node_modules/next/dist/build/webpack/loaders/postcss-loader/src/index.js??ruleSet[1].rules[3].oneOf[10].use[2]!./node_modules/next/dist/build/webpack/loaders/resolve-url-loader/index.js??ruleSet[1].rules[3].oneOf[10].use[3]!./node_modules/next/dist/compiled/sass-loader/cjs.js??ruleSet[1].rules[3].oneOf[10].use[4]!./styles/sass/style.scss
Warning

(1963:3) autoprefixer: end value has mixed support, consider using flex-end instead

./node_modules/next/dist/build/webpack/loaders/css-loader/src/index.js??ruleSet[1].rules[3].oneOf[10].use[1]!./node_modules/next/dist/build/webpack/loaders/postcss-loader/src/index.js??ruleSet[1].rules[3].oneOf[10].use[2]!./node_modules/next/dist/build/webpack/loaders/resolve-url-loader/index.js??ruleSet[1].rules[3].oneOf[10].use[3]!./node_modules/next/dist/compiled/sass-loader/cjs.js??ruleSet[1].rules[3].oneOf[10].use[4]!./styles/sass/style.scss
Warning

(4009:3) autoprefixer: Gradient has outdated direction syntax. New syntax is like `to left` instead of `right`.

./node_modules/next/dist/build/webpack/loaders/css-loader/src/index.js??ruleSet[1].rules[3].oneOf[10].use[1]!./node_modules/next/dist/build/webpack/loaders/postcss-loader/src/index.js??ruleSet[1].rules[3].oneOf[10].use[2]!./node_modules/next/dist/build/webpack/loaders/resolve-url-loader/index.js??ruleSet[1].rules[3].oneOf[10].use[3]!./node_modules/next/dist/compiled/sass-loader/cjs.js??ruleSet[1].rules[3].oneOf[10].use[4]!./styles/sass/style.scss
Warning

(11563:3) autoprefixer: end value has mixed support, consider using flex-end instead

./node_modules/next/dist/build/webpack/loaders/css-loader/src/index.js??ruleSet[1].rules[3].oneOf[10].use[1]!./node_modules/next/dist/build/webpack/loaders/postcss-loader/src/index.js??ruleSet[1].rules[3].oneOf[10].use[2]!./node_modules/next/dist/build/webpack/loaders/resolve-url-loader/index.js??ruleSet[1].rules[3].oneOf[10].use[3]!./node_modules/next/dist/compiled/sass-loader/cjs.js??ruleSet[1].rules[3].oneOf[10].use[4]!./styles/sass/style.scss
Warning

(13515:3) autoprefixer: end value has mixed support, consider using flex-end instead
